Bib;Class;Driver1;Driver2;Driver3;Driver4;Car;Lap;Time;Sector1Time;SpeedTrap1;Sector2Time;SpeedTrap2;Sector3Time;SpeedTrap3;TopSpeed
2;;Morris Schuring;Dorian Boccolacci;Alessio Picariello;;Porsche 911 GT3 R EVO;1;2:23.837;39.691;239;37.835;246;1:06.311;76;195
2;;Morris Schuring;Dorian Boccolacci;Alessio Picariello;;Porsche 911 GT3 R EVO;2;4:22.485;1:46.522;77;1:18.727;101;1:17.236;88;47
2;;Morris Schuring;Dorian Boccolacci;Alessio Picariello;;Porsche 911 GT3 R EVO;3;3:26.896;1:24.734;77;1:00.467;162;1:01.695;120;88
2;;Morris Schuring;Dorian Boccolacci;Alessio Picariello;;Porsche 911 GT3 R EVO;4;2:52.874;1:07.129;126;52.842;183;52.903;144;116
2;;Morris Schuring;Dorian Boccolacci;Alessio Picariello;;Porsche 911 GT3 R EVO;5;2:38.871;49.951;131;50.011;194;58.909;128;129
2;;Morris Schuring;Dorian Boccolacci;Alessio Picariello;;Porsche 911 GT3 R EVO;6;2:50.961;1:00.210;129;56.835;131;53.916;231;132
2;;Morris Schuring;Dorian Boccolacci;Alessio Picariello;;Porsche 911 GT3 R EVO;7;1:49.793;35.369;246;37.086;249;37.338;230;267
2;;Morris Schuring;Dorian Boccolacci;Alessio Picariello;;Porsche 911 GT3 R EVO;8;1:48.840;34.811;246;36.859;249;37.170;230;265
2;;Morris Schuring;Dorian Boccolacci;Alessio Picariello;;Porsche 911 GT3 R EVO;9;1:48.169;34.600;248;36.745;249;36.824;231;266
2;;Morris Schuring;Dorian Boccolacci;Alessio Picariello;;Porsche 911 GT3 R EVO;10;1:47.938;34.416;247;36.698;249;36.824;231;267
Bib;Class;Driver1;Driver2;Driver3;Driver4;Car;Lap;Time;Sector1Time;SpeedTrap1;Sector2Time;SpeedTrap2;Sector3Time;SpeedTrap3;TopSpeed
2;;Morris Schuring;Dorian Boccolacci;Alessio Picariello;;Porsche 911 GT3 R EVO;11;1:47.498;34.446;246;36.436;250;36.616;231;267
2;;Morris Schuring;Dorian Boccolacci;Alessio Picariello;;Porsche 911 GT3 R EVO;12;1:47.854;34.356;247;36.854;249;36.644;232;267
2;;Morris Schuring;Dorian Boccolacci;Alessio Picariello;;Porsche 911 GT3 R EVO;13;1:47.321;34.257;247;36.459;249;36.605;231;267
2;;Morris Schuring;Dorian Boccolacci;Alessio Picariello;;Porsche 911 GT3 R EVO;14;1:47.307;34.282;247;36.358;249;36.667;230;267
2;;Morris Schuring;Dorian Boccolacci;Alessio Picariello;;Porsche 911 GT3 R EVO;15;1:47.187;34.230;248;36.487;249;36.470;232;267
2;;Morris Schuring;Dorian Boccolacci;Alessio Picariello;;Porsche 911 GT3 R EVO;16;1:47.060;34.185;248;36.401;251;36.474;232;267
2;;Morris Schuring;Dorian Boccolacci;Alessio Picariello;;Porsche 911 GT3 R EVO;17;1:47.025;34.192;248;36.353;251;36.480;231;267
2;;Morris Schuring;Dorian Boccolacci;Alessio Picariello;;Porsche 911 GT3 R EVO;18;1:47.137;34.209;248;36.472;252;36.456;232;267
2;;Morris Schuring;Dorian Boccolacci;Alessio Picariello;;Porsche 911 GT3 R EVO;19;1:47.027;34.227;248;36.211;252;36.589;232;267
2;;Morris Schuring;Dorian Boccolacci;Alessio Picariello;;Porsche 911 GT3 R EVO;20;1:47.167;34.263;249;36.316;252;36.588;231;267
Bib;Class;Driver1;Driver2;Driver3;Driver4;Car;Lap;Time;Sector1Time;SpeedTrap1;Sector2Time;SpeedTrap2;Sector3Time;SpeedTrap3;TopSpeed
2;;Morris Schuring;Dorian Boccolacci;Alessio Picariello;;Porsche 911 GT3 R EVO;21;1:47.370;34.190;248;36.643;252;36.537;231;268
2;;Morris Schuring;Dorian Boccolacci;Alessio Picariello;;Porsche 911 GT3 R EVO;22;1:47.379;34.367;247;36.348;251;36.664;231;266
2;;Morris Schuring;Dorian Boccolacci;Alessio Picariello;;Porsche 911 GT3 R EVO;23;1:47.120;34.358;246;36.292;251;36.470;232;265
2;;Morris Schuring;Dorian Boccolacci;Alessio Picariello;;Porsche 911 GT3 R EVO;24;3:11.696;34.288;248;1:05.238;79;1:32.170;78;266
2;;Morris Schuring;Dorian Boccolacci;Alessio Picariello;;Porsche 911 GT3 R EVO;25;4:22.791;1:26.135;79;1:21.607;78;1:35.049;;78
2;;Morris Schuring;Dorian Boccolacci;Alessio Picariello;;Porsche 911 GT3 R EVO;26;5:21.029;2:26.853;78;1:21.755;78;1:32.421;78;78
2;;Morris Schuring;Dorian Boccolacci;Alessio Picariello;;Porsche 911 GT3 R EVO;27;3:47.293;1:26.524;78;1:13.852;140;1:06.917;105;78
2;;Morris Schuring;Dorian Boccolacci;Alessio Picariello;;Porsche 911 GT3 R EVO;28;2:51.339;1:05.150;135;53.340;192;52.849;229;103
2;;Morris Schuring;Dorian Boccolacci;Alessio Picariello;;Porsche 911 GT3 R EVO;29;1:48.962;35.103;245;36.887;248;36.972;230;265
2;;Morris Schuring;Dorian Boccolacci;Alessio Picariello;;Porsche 911 GT3 R EVO;30;1:48.141;34.668;246;36.698;249;36.775;230;265
Bib;Class;Driver1;Driver2;Driver3;Driver4;Car;Lap;Time;Sector1Time;SpeedTrap1;Sector2Time;SpeedTrap2;Sector3Time;SpeedTrap3;TopSpeed
2;;Morris Schuring;Dorian Boccolacci;Alessio Picariello;;Porsche 911 GT3 R EVO;31;1:47.915;34.562;246;36.644;249;36.709;230;265
2;;Morris Schuring;Dorian Boccolacci;Alessio Picariello;;Porsche 911 GT3 R EVO;32;1:47.723;34.523;246;36.372;250;36.828;230;265
2;;Morris Schuring;Dorian Boccolacci;Alessio Picariello;;Porsche 911 GT3 R EVO;33;1:48.063;34.535;247;36.913;249;36.615;230;265
2;;Morris Schuring;Dorian Boccolacci;Alessio Picariello;;Porsche 911 GT3 R EVO;34;1:51.688;34.497;246;36.567;249;40.624;78;265
2;;Morris Schuring;Dorian Boccolacci;Alessio Picariello;;Porsche 911 GT3 R EVO;35;2:29.615;1:15.400;211;37.387;248;36.828;230;78
2;;Morris Schuring;Dorian Boccolacci;Alessio Picariello;;Porsche 911 GT3 R EVO;36;1:47.838;34.509;246;36.554;250;36.775;230;266
2;;Morris Schuring;Dorian Boccolacci;Alessio Picariello;;Porsche 911 GT3 R EVO;37;1:47.607;34.473;248;36.503;249;36.631;231;266
2;;Morris Schuring;Dorian Boccolacci;Alessio Picariello;;Porsche 911 GT3 R EVO;38;1:48.203;34.756;247;36.781;250;36.666;231;266
2;;Morris Schuring;Dorian Boccolacci;Alessio Picariello;;Porsche 911 GT3 R EVO;39;1:47.181;34.396;246;36.322;250;36.463;232;266
2;;Morris Schuring;Dorian Boccolacci;Alessio Picariello;;Porsche 911 GT3 R EVO;40;1:47.283;34.286;247;36.460;249;36.537;232;266
Bib;Class;Driver1;Driver2;Driver3;Driver4;Car;Lap;Time;Sector1Time;SpeedTrap1;Sector2Time;SpeedTrap2;Sector3Time;SpeedTrap3;TopSpeed
2;;Morris Schuring;Dorian Boccolacci;Alessio Picariello;;Porsche 911 GT3 R EVO;41;1:46.788;34.253;248;36.091;251;36.444;231;267
2;;Morris Schuring;Dorian Boccolacci;Alessio Picariello;;Porsche 911 GT3 R EVO;42;1:47.314;34.377;247;36.339;252;36.598;231;268
2;;Morris Schuring;Dorian Boccolacci;Alessio Picariello;;Porsche 911 GT3 R EVO;43;3:07.400;34.341;248;1:00.802;79;1:32.257;78;267
2;;Morris Schuring;Dorian Boccolacci;Alessio Picariello;;Porsche 911 GT3 R EVO;44;4:24.275;1:26.090;79;1:22.037;79;1:36.148;;78
2;;Morris Schuring;Dorian Boccolacci;Alessio Picariello;;Porsche 911 GT3 R EVO;45;4:33.096;2:27.917;78;1:21.703;78;43.476;227;78
2;;Morris Schuring;Dorian Boccolacci;Alessio Picariello;;Porsche 911 GT3 R EVO;46;2:56.839;40.868;104;1:07.373;78;1:08.598;142;239
2;;Morris Schuring;Dorian Boccolacci;Alessio Picariello;;Porsche 911 GT3 R EVO;47;2:59.958;1:07.002;98;55.894;185;57.062;230;110
2;;Morris Schuring;Dorian Boccolacci;Alessio Picariello;;Porsche 911 GT3 R EVO;48;1:49.549;35.110;245;37.185;248;37.254;229;263
2;;Morris Schuring;Dorian Boccolacci;Alessio Picariello;;Porsche 911 GT3 R EVO;49;1:48.320;34.746;245;36.746;249;36.828;231;265
2;;Morris Schuring;Dorian Boccolacci;Alessio Picariello;;Porsche 911 GT3 R EVO;50;1:48.192;34.604;245;36.764;248;36.824;230;267
Bib;Class;Driver1;Driver2;Driver3;Driver4;Car;Lap;Time;Sector1Time;SpeedTrap1;Sector2Time;SpeedTrap2;Sector3Time;SpeedTrap3;TopSpeed
2;;Morris Schuring;Dorian Boccolacci;Alessio Picariello;;Porsche 911 GT3 R EVO;51;1:48.016;34.629;248;36.672;248;36.715;231;266
2;;Morris Schuring;Dorian Boccolacci;Alessio Picariello;;Porsche 911 GT3 R EVO;52;1:47.764;34.494;247;36.491;249;36.779;231;266
2;;Morris Schuring;Dorian Boccolacci;Alessio Picariello;;Porsche 911 GT3 R EVO;53;1:47.692;34.468;247;36.600;249;36.624;231;266
2;;Morris Schuring;Dorian Boccolacci;Alessio Picariello;;Porsche 911 GT3 R EVO;54;1:47.605;34.538;246;36.564;249;36.503;231;265
2;;Morris Schuring;Dorian Boccolacci;Alessio Picariello;;Porsche 911 GT3 R EVO;55;1:47.982;34.382;246;36.443;250;37.157;231;265
2;;Morris Schuring;Dorian Boccolacci;Alessio Picariello;;Porsche 911 GT3 R EVO;56;1:48.097;34.500;247;37.080;249;36.517;232;265
2;;Morris Schuring;Dorian Boccolacci;Alessio Picariello;;Porsche 911 GT3 R EVO;57;1:54.197;34.418;248;36.464;252;43.315;;265
2;;Morris Schuring;Dorian Boccolacci;Alessio Picariello;;Porsche 911 GT3 R EVO;58;3:03.190;1:49.374;245;36.982;248;36.834;231;204
2;;Morris Schuring;Dorian Boccolacci;Alessio Picariello;;Porsche 911 GT3 R EVO;59;1:47.808;34.406;246;36.640;249;36.762;231;265
2;;Morris Schuring;Dorian Boccolacci;Alessio Picariello;;Porsche 911 GT3 R EVO;60;1:47.984;34.418;246;36.811;249;36.755;230;266
Bib;Class;Driver1;Driver2;Driver3;Driver4;Car;Lap;Time;Sector1Time;SpeedTrap1;Sector2Time;SpeedTrap2;Sector3Time;SpeedTrap3;TopSpeed
2;;Morris Schuring;Dorian Boccolacci;Alessio Picariello;;Porsche 911 GT3 R EVO;61;1:47.277;34.345;247;36.398;249;36.534;231;265
2;;Morris Schuring;Dorian Boccolacci;Alessio Picariello;;Porsche 911 GT3 R EVO;62;1:47.189;34.389;246;36.365;249;36.435;231;265
2;;Morris Schuring;Dorian Boccolacci;Alessio Picariello;;Porsche 911 GT3 R EVO;63;1:47.095;34.364;246;36.192;249;36.539;231;266
2;;Morris Schuring;Dorian Boccolacci;Alessio Picariello;;Porsche 911 GT3 R EVO;64;1:47.188;34.446;245;36.303;250;36.439;231;267
2;;Morris Schuring;Dorian Boccolacci;Alessio Picariello;;Porsche 911 GT3 R EVO;65;1:47.516;34.427;245;36.445;250;36.644;231;267
2;;Morris Schuring;Dorian Boccolacci;Alessio Picariello;;Porsche 911 GT3 R EVO;66;1:47.026;34.345;246;36.202;250;36.479;231;267
2;;Morris Schuring;Dorian Boccolacci;Alessio Picariello;;Porsche 911 GT3 R EVO;67;1:47.305;34.348;246;36.290;250;36.667;231;267
2;;Morris Schuring;Dorian Boccolacci;Alessio Picariello;;Porsche 911 GT3 R EVO;68;1:47.194;34.313;246;36.403;249;36.478;231;267
2;;Morris Schuring;Dorian Boccolacci;Alessio Picariello;;Porsche 911 GT3 R EVO;69;1:47.254;34.218;246;36.542;250;36.494;231;268
2;;Morris Schuring;Dorian Boccolacci;Alessio Picariello;;Porsche 911 GT3 R EVO;70;1:47.330;34.272;247;36.540;251;36.518;232;267
Bib;Class;Driver1;Driver2;Driver3;Driver4;Car;Lap;Time;Sector1Time;SpeedTrap1;Sector2Time;SpeedTrap2;Sector3Time;SpeedTrap3;TopSpeed
2;;Morris Schuring;Dorian Boccolacci;Alessio Picariello;;Porsche 911 GT3 R EVO;71;1:47.218;34.255;246;36.364;251;36.599;232;268
2;;Morris Schuring;Dorian Boccolacci;Alessio Picariello;;Porsche 911 GT3 R EVO;72;2:41.633;34.305;246;36.988;224;1:30.340;78;268
2;;Morris Schuring;Dorian Boccolacci;Alessio Picariello;;Porsche 911 GT3 R EVO;73;4:20.241;1:26.101;79;1:21.702;79;1:32.438;78;78
2;;Morris Schuring;Dorian Boccolacci;Alessio Picariello;;Porsche 911 GT3 R EVO;74;4:14.981;1:26.384;79;1:21.863;79;1:26.734;185;78
2;;Morris Schuring;Dorian Boccolacci;Alessio Picariello;;Porsche 911 GT3 R EVO;75;2:02.035;37.703;204;39.477;187;44.855;123;244
2;;Morris Schuring;Dorian Boccolacci;Alessio Picariello;;Porsche 911 GT3 R EVO;76;2:47.256;1:04.032;127;51.418;203;51.806;228;97
2;;Morris Schuring;Dorian Boccolacci;Alessio Picariello;;Porsche 911 GT3 R EVO;77;1:50.856;34.839;250;38.538;250;37.479;234;269
2;;Morris Schuring;Dorian Boccolacci;Alessio Picariello;;Porsche 911 GT3 R EVO;78;1:56.232;35.654;248;40.260;196;40.318;226;269
2;;Morris Schuring;Dorian Boccolacci;Alessio Picariello;;Porsche 911 GT3 R EVO;79;4:12.085;1:29.491;63;1:27.786;91;1:14.808;88;53
3;;Daniel Juncadella;Chris Lulham;Jules Gounon;;Mercedes-AMG GT3 EVO;1;2:25.951;39.974;239;38.875;234;1:07.102;84;227
3;;Daniel Juncadella;Chris Lulham;Jules Gounon;;Mercedes-AMG GT3 EVO;2;4:22.363;1:45.999;88;1:19.341;93;1:17.023;89;41
Bib;Class;Driver1;Driver2;Driver3;Driver4;Car;Lap;Time;Sector1Time;SpeedTrap1;Sector2Time;SpeedTrap2;Sector3Time;SpeedTrap3;TopSpeed
3;;Daniel Juncadella;Chris Lulham;Jules Gounon;;Mercedes-AMG GT3 EVO;3;3:25.816;1:25.203;71;1:00.322;141;1:00.291;139;84
3;;Daniel Juncadella;Chris Lulham;Jules Gounon;;Mercedes-AMG GT3 EVO;4;2:52.742;1:06.978;136;53.039;194;52.725;139;113
3;;Daniel Juncadella;Chris Lulham;Jules Gounon;;Mercedes-AMG GT3 EVO;5;2:39.519;50.056;131;50.245;159;59.218;113;148
3;;Daniel Juncadella;Chris Lulham;Jules Gounon;;Mercedes-AMG GT3 EVO;6;2:50.447;59.615;117;57.316;156;53.516;226;120
3;;Daniel Juncadella;Chris Lulham;Jules Gounon;;Mercedes-AMG GT3 EVO;7;1:49.964;35.114;247;37.393;247;37.457;228;260
3;;Daniel Juncadella;Chris Lulham;Jules Gounon;;Mercedes-AMG GT3 EVO;8;1:49.093;34.772;248;37.091;248;37.230;229;263
3;;Daniel Juncadella;Chris Lulham;Jules Gounon;;Mercedes-AMG GT3 EVO;9;1:48.617;34.717;247;36.808;248;37.092;229;264
3;;Daniel Juncadella;Chris Lulham;Jules Gounon;;Mercedes-AMG GT3 EVO;10;1:48.351;34.526;247;36.748;249;37.077;230;262
3;;Daniel Juncadella;Chris Lulham;Jules Gounon;;Mercedes-AMG GT3 EVO;11;1:48.078;34.447;248;36.694;248;36.937;230;263
3;;Daniel Juncadella;Chris Lulham;Jules Gounon;;Mercedes-AMG GT3 EVO;12;1:48.093;34.297;248;36.809;248;36.987;231;263
3;;Daniel Juncadella;Chris Lulham;Jules Gounon;;Mercedes-AMG GT3 EVO;13;1:47.988;34.492;248;36.677;249;36.819;230;263
3;;Daniel Juncadella;Chris Lulham;Jules Gounon;;Mercedes-AMG GT3 EVO;14;1:47.879;34.384;248;36.695;249;36.800;230;264
3;;Daniel Juncadella;Chris Lulham;Jules Gounon;;Mercedes-AMG GT3 EVO;15;1:47.689;34.347;248;36.586;249;36.756;232;262
3;;Daniel Juncadella;Chris Lulham;Jules Gounon;;Mercedes-AMG GT3 EVO;16;1:47.801;34.375;248;36.627;250;36.799;230;265
3;;Daniel Juncadella;Chris Lulham;Jules Gounon;;Mercedes-AMG GT3 EVO;17;1:47.987;34.387;249;36.865;249;36.735;230;263
3;;Daniel Juncadella;Chris Lulham;Jules Gounon;;Mercedes-AMG GT3 EVO;18;1:47.836;34.480;248;36.604;250;36.752;231;262
3;;Daniel Juncadella;Chris Lulham;Jules Gounon;;Mercedes-AMG GT3 EVO;19;1:47.578;34.365;248;36.460;250;36.753;230;264
Bib;Class;Driver1;Driver2;Driver3;Driver4;Car;Lap;Time;Sector1Time;SpeedTrap1;Sector2Time;SpeedTrap2;Sector3Time;SpeedTrap3;TopSpeed
3;;Daniel Juncadella;Chris Lulham;Jules Gounon;;Mercedes-AMG GT3 EVO;20;1:47.528;34.278;248;36.581;250;36.669;231;263
3;;Daniel Juncadella;Chris Lulham;Jules Gounon;;Mercedes-AMG GT3 EVO;21;1:47.640;34.558;248;36.527;250;36.555;231;263
3;;Daniel Juncadella;Chris Lulham;Jules Gounon;;Mercedes-AMG GT3 EVO;22;1:47.606;34.447;248;36.466;251;36.693;231;262
3;;Daniel Juncadella;Chris Lulham;Jules Gounon;;Mercedes-AMG GT3 EVO;23;1:54.492;34.364;247;36.748;250;43.380;;263
3;;Daniel Juncadella;Chris Lulham;Jules Gounon;;Mercedes-AMG GT3 EVO;24;9:32.911;6:39.375;79;1:21.478;79;1:32.058;79;79
3;;Daniel Juncadella;Chris Lulham;Jules Gounon;;Mercedes-AMG GT3 EVO;25;4:19.930;1:26.198;79;1:21.751;79;1:31.981;79;79
3;;Daniel Juncadella;Chris Lulham;Jules Gounon;;Mercedes-AMG GT3 EVO;26;2:59.272;1:26.189;79;46.039;235;47.044;;79
3;;Daniel Juncadella;Chris Lulham;Jules Gounon;;Mercedes-AMG GT3 EVO;27;3:05.510;1:50.251;236;38.092;248;37.167;231;201
3;;Daniel Juncadella;Chris Lulham;Jules Gounon;;Mercedes-AMG GT3 EVO;28;1:48.423;34.523;247;36.940;250;36.960;230;263
3;;Daniel Juncadella;Chris Lulham;Jules Gounon;;Mercedes-AMG GT3 EVO;29;1:47.807;34.358;248;36.596;250;36.853;230;265
3;;Daniel Juncadella;Chris Lulham;Jules Gounon;;Mercedes-AMG GT3 EVO;30;1:50.326;35.394;227;37.137;251;37.795;230;259
3;;Daniel Juncadella;Chris Lulham;Jules Gounon;;Mercedes-AMG GT3 EVO;31;1:47.633;34.486;249;36.508;252;36.639;231;266
3;;Daniel Juncadella;Chris Lulham;Jules Gounon;;Mercedes-AMG GT3 EVO;32;;34.417;248;36.752;223;;;265
4;;Adam Smalley;Freddie Tomlinson;Harry George;;McLaren 720S GT3 EVO;1;2:56.111;46.325;228;50.070;126;1:19.716;53;179
4;;Adam Smalley;Freddie Tomlinson;Harry George;;McLaren 720S GT3 EVO;2;4:31.644;1:48.532;85;1:20.192;76;1:22.920;;83
4;;Adam Smalley;Freddie Tomlinson;Harry George;;McLaren 720S GT3 EVO;3;2:09:35.625;2:08:18.492;241;39.066;245;38.067;228;201
Bib;Class;Driver1;Driver2;Driver3;Driver4;Car;Lap;Time;Sector1Time;SpeedTrap1;Sector2Time;SpeedTrap2;Sector3Time;SpeedTrap3;TopSpeed
4;;Adam Smalley;Freddie Tomlinson;Harry George;;McLaren 720S GT3 EVO;4;1:52.338;36.750;245;37.728;246;37.860;229;217
4;;Adam Smalley;Freddie Tomlinson;Harry George;;McLaren 720S GT3 EVO;5;1:59.241;35.011;246;37.125;248;47.105;;263
5;;Dante Rappange;Guilherme Oliveira;Mikey Porter;;McLaren 720S GT3 EVO;1;2:31.373;42.382;242;38.895;204;1:10.096;80;186
5;;Dante Rappange;Guilherme Oliveira;Mikey Porter;;McLaren 720S GT3 EVO;2;4:24.427;1:47.501;84;1:19.797;99;1:17.129;77;35
5;;Dante Rappange;Guilherme Oliveira;Mikey Porter;;McLaren 720S GT3 EVO;3;3:24.286;1:23.920;66;1:01.731;199;58.635;133;72
5;;Dante Rappange;Guilherme Oliveira;Mikey Porter;;McLaren 720S GT3 EVO;4;2:51.262;1:07.219;126;53.518;212;50.525;182;115
5;;Dante Rappange;Guilherme Oliveira;Mikey Porter;;McLaren 720S GT3 EVO;5;2:39.968;47.492;121;50.862;199;1:01.614;;133
5;;Dante Rappange;Guilherme Oliveira;Mikey Porter;;McLaren 720S GT3 EVO;6;3:06.635;1:52.557;247;37.092;250;36.986;230;202
5;;Dante Rappange;Guilherme Oliveira;Mikey Porter;;McLaren 720S GT3 EVO;7;1:48.041;34.359;249;36.614;253;37.068;232;267
5;;Dante Rappange;Guilherme Oliveira;Mikey Porter;;McLaren 720S GT3 EVO;8;1:53.129;36.637;250;38.346;256;38.146;232;271
5;;Dante Rappange;Guilherme Oliveira;Mikey Porter;;McLaren 720S GT3 EVO;9;1:48.500;34.608;249;37.066;252;36.826;232;272
5;;Dante Rappange;Guilherme Oliveira;Mikey Porter;;McLaren 720S GT3 EVO;10;1:49.091;35.500;248;36.786;252;36.805;233;269
5;;Dante Rappange;Guilherme Oliveira;Mikey Porter;;McLaren 720S GT3 EVO;11;1:49.631;35.048;245;37.876;252;36.707;232;271
Bib;Class;Driver1;Driver2;Driver3;Driver4;Car;Lap;Time;Sector1Time;SpeedTrap1;Sector2Time;SpeedTrap2;Sector3Time;SpeedTrap3;TopSpeed
5;;Dante Rappange;Guilherme Oliveira;Mikey Porter;;McLaren 720S GT3 EVO;12;1:47.284;34.089;249;36.486;252;36.709;233;269
5;;Dante Rappange;Guilherme Oliveira;Mikey Porter;;McLaren 720S GT3 EVO;13;1:47.724;34.113;250;37.009;251;36.602;232;270
5;;Dante Rappange;Guilherme Oliveira;Mikey Porter;;McLaren 720S GT3 EVO;14;1:48.070;34.219;251;36.994;252;36.857;234;269
5;;Dante Rappange;Guilherme Oliveira;Mikey Porter;;McLaren 720S GT3 EVO;15;1:50.743;35.552;255;37.365;252;37.826;233;272
5;;Dante Rappange;Guilherme Oliveira;Mikey Porter;;McLaren 720S GT3 EVO;16;1:49.244;34.555;250;37.668;253;37.021;233;246
5;;Dante Rappange;Guilherme Oliveira;Mikey Porter;;McLaren 720S GT3 EVO;17;1:48.209;34.269;249;37.031;254;36.909;232;270
5;;Dante Rappange;Guilherme Oliveira;Mikey Porter;;McLaren 720S GT3 EVO;18;1:48.208;34.442;251;36.673;254;37.093;233;270
5;;Dante Rappange;Guilherme Oliveira;Mikey Porter;;McLaren 720S GT3 EVO;19;1:48.186;34.537;252;36.815;255;36.834;233;269
5;;Dante Rappange;Guilherme Oliveira;Mikey Porter;;McLaren 720S GT3 EVO;20;1:48.342;34.442;250;36.876;256;37.024;233;264
5;;Dante Rappange;Guilherme Oliveira;Mikey Porter;;McLaren 720S GT3 EVO;21;1:56.199;41.732;246;37.067;253;37.400;233;253
5;;Dante Rappange;Guilherme Oliveira;Mikey Porter;;McLaren 720S GT3 EVO;22;1:48.146;34.346;250;36.941;253;36.859;233;269
5;;Dante Rappange;Guilherme Oliveira;Mikey Porter;;McLaren 720S GT3 EVO;23;1:49.820;34.182;250;36.595;254;39.043;88;269
5;;Dante Rappange;Guilherme Oliveira;Mikey Porter;;McLaren 720S GT3 EVO;24;4:20.116;1:26.283;78;1:21.534;78;1:32.299;78;78
Bib;Class;Driver1;Driver2;Driver3;Driver4;Car;Lap;Time;Sector1Time;SpeedTrap1;Sector2Time;SpeedTrap2;Sector3Time;SpeedTrap3;TopSpeed
5;;Dante Rappange;Guilherme Oliveira;Mikey Porter;;McLaren 720S GT3 EVO;25;4:21.266;1:26.820;79;1:21.877;78;1:32.569;79;78
5;;Dante Rappange;Guilherme Oliveira;Mikey Porter;;McLaren 720S GT3 EVO;26;4:20.782;1:26.596;79;1:21.674;78;1:32.512;79;79
5;;Dante Rappange;Guilherme Oliveira;Mikey Porter;;McLaren 720S GT3 EVO;27;3:05.116;1:27.095;79;50.051;218;47.970;103;79
5;;Dante Rappange;Guilherme Oliveira;Mikey Porter;;McLaren 720S GT3 EVO;28;2:41.500;1:05.088;112;53.078;216;43.334;234;93
5;;Dante Rappange;Guilherme Oliveira;Mikey Porter;;McLaren 720S GT3 EVO;29;1:52.103;35.679;253;38.820;248;37.604;234;250
5;;Dante Rappange;Guilherme Oliveira;Mikey Porter;;McLaren 720S GT3 EVO;30;1:49.187;35.076;255;37.454;253;36.657;233;263
5;;Dante Rappange;Guilherme Oliveira;Mikey Porter;;McLaren 720S GT3 EVO;31;1:56.849;34.498;250;37.891;255;44.460;;271
5;;Dante Rappange;Guilherme Oliveira;Mikey Porter;;McLaren 720S GT3 EVO;32;3:04.967;1:50.820;248;37.033;252;37.114;231;204
5;;Dante Rappange;Guilherme Oliveira;Mikey Porter;;McLaren 720S GT3 EVO;33;1:48.286;34.353;249;36.790;252;37.143;232;269
5;;Dante Rappange;Guilherme Oliveira;Mikey Porter;;McLaren 720S GT3 EVO;34;2:25.237;1:01.604;79;46.679;252;36.954;232;190
5;;Dante Rappange;Guilherme Oliveira;Mikey Porter;;McLaren 720S GT3 EVO;35;1:48.792;34.278;249;37.587;252;36.927;233;269
5;;Dante Rappange;Guilherme Oliveira;Mikey Porter;;McLaren 720S GT3 EVO;36;1:47.649;34.204;250;36.545;253;36.900;231;269
5;;Dante Rappange;Guilherme Oliveira;Mikey Porter;;McLaren 720S GT3 EVO;37;1:48.046;34.197;250;36.844;253;37.005;232;269
Bib;Class;Driver1;Driver2;Driver3;Driver4;Car;Lap;Time;Sector1Time;SpeedTrap1;Sector2Time;SpeedTrap2;Sector3Time;SpeedTrap3;TopSpeed
5;;Dante Rappange;Guilherme Oliveira;Mikey Porter;;McLaren 720S GT3 EVO;38;1:47.882;34.269;250;36.595;252;37.018;232;269
5;;Dante Rappange;Guilherme Oliveira;Mikey Porter;;McLaren 720S GT3 EVO;39;1:48.027;34.337;249;36.620;252;37.070;231;267
5;;Dante Rappange;Guilherme Oliveira;Mikey Porter;;McLaren 720S GT3 EVO;40;1:47.848;34.434;249;36.461;253;36.953;233;269
5;;Dante Rappange;Guilherme Oliveira;Mikey Porter;;McLaren 720S GT3 EVO;41;1:48.037;34.280;250;36.764;253;36.993;232;268
5;;Dante Rappange;Guilherme Oliveira;Mikey Porter;;McLaren 720S GT3 EVO;42;3:07.485;34.154;251;1:01.058;78;1:32.273;78;270
5;;Dante Rappange;Guilherme Oliveira;Mikey Porter;;McLaren 720S GT3 EVO;43;4:21.175;1:27.168;79;1:21.825;78;1:32.182;79;79
5;;Dante Rappange;Guilherme Oliveira;Mikey Porter;;McLaren 720S GT3 EVO;44;4:25.350;1:27.665;79;1:22.354;78;1:35.331;;79
6;;Anthony Bartone;Cesar Gazeau;Aurelien Panis;;Mercedes-AMG GT3 EVO;1;2:44.018;44.689;233;42.645;150;1:16.684;78;184
6;;Anthony Bartone;Cesar Gazeau;Aurelien Panis;;Mercedes-AMG GT3 EVO;2;4:26.882;1:47.604;81;1:21.476;83;1:17.802;89;41
6;;Anthony Bartone;Cesar Gazeau;Aurelien Panis;;Mercedes-AMG GT3 EVO;3;3:22.970;1:21.849;95;1:01.693;182;59.428;139;49
6;;Anthony Bartone;Cesar Gazeau;Aurelien Panis;;Mercedes-AMG GT3 EVO;4;2:46.091;1:04.711;151;53.809;210;47.571;182;68
6;;Anthony Bartone;Cesar Gazeau;Aurelien Panis;;Mercedes-AMG GT3 EVO;5;2:37.085;44.561;124;53.747;210;58.777;;154
6;;Anthony Bartone;Cesar Gazeau;Aurelien Panis;;Mercedes-AMG GT3 EVO;6;3:06.248;1:51.021;246;37.650;249;37.577;231;202
6;;Anthony Bartone;Cesar Gazeau;Aurelien Panis;;Mercedes-AMG GT3 EVO;7;1:48.641;34.778;248;36.889;250;36.974;231;266
6;;Anthony Bartone;Cesar Gazeau;Aurelien Panis;;Mercedes-AMG GT3 EVO;8;1:49.574;34.871;249;37.567;252;37.136;231;267
Bib;Class;Driver1;Driver2;Driver3;Driver4;Car;Lap;Time;Sector1Time;SpeedTrap1;Sector2Time;SpeedTrap2;Sector3Time;SpeedTrap3;TopSpeed
6;;Anthony Bartone;Cesar Gazeau;Aurelien Panis;;Mercedes-AMG GT3 EVO;9;1:49.557;35.164;248;37.252;253;37.141;232;262
6;;Anthony Bartone;Cesar Gazeau;Aurelien Panis;;Mercedes-AMG GT3 EVO;10;1:48.952;35.147;248;36.836;253;36.969;232;263
6;;Anthony Bartone;Cesar Gazeau;Aurelien Panis;;Mercedes-AMG GT3 EVO;11;1:49.885;34.545;249;37.081;253;38.259;229;269
6;;Anthony Bartone;Cesar Gazeau;Aurelien Panis;;Mercedes-AMG GT3 EVO;12;1:50.100;35.086;252;37.435;249;37.579;231;265
6;;Anthony Bartone;Cesar Gazeau;Aurelien Panis;;Mercedes-AMG GT3 EVO;13;1:48.965;34.821;249;36.938;249;37.206;231;269
6;;Anthony Bartone;Cesar Gazeau;Aurelien Panis;;Mercedes-AMG GT3 EVO;14;1:48.694;34.547;249;36.983;249;37.164;231;266
6;;Anthony Bartone;Cesar Gazeau;Aurelien Panis;;Mercedes-AMG GT3 EVO;15;1:49.147;34.579;249;37.073;250;37.495;231;265
6;;Anthony Bartone;Cesar Gazeau;Aurelien Panis;;Mercedes-AMG GT3 EVO;16;1:48.279;34.779;249;36.661;252;36.839;232;260
6;;Anthony Bartone;Cesar Gazeau;Aurelien Panis;;Mercedes-AMG GT3 EVO;17;1:47.829;34.293;248;36.653;252;36.883;232;267
6;;Anthony Bartone;Cesar Gazeau;Aurelien Panis;;Mercedes-AMG GT3 EVO;18;1:47.410;34.208;249;36.480;253;36.722;231;267
6;;Anthony Bartone;Cesar Gazeau;Aurelien Panis;;Mercedes-AMG GT3 EVO;19;1:47.237;34.222;249;36.445;252;36.570;232;267
6;;Anthony Bartone;Cesar Gazeau;Aurelien Panis;;Mercedes-AMG GT3 EVO;20;1:47.619;34.562;249;36.450;254;36.607;233;268
6;;Anthony Bartone;Cesar Gazeau;Aurelien Panis;;Mercedes-AMG GT3 EVO;21;1:50.394;36.132;248;37.474;253;36.788;232;269
6;;Anthony Bartone;Cesar Gazeau;Aurelien Panis;;Mercedes-AMG GT3 EVO;22;1:48.513;34.465;249;36.971;253;37.077;231;267
6;;Anthony Bartone;Cesar Gazeau;Aurelien Panis;;Mercedes-AMG GT3 EVO;23;1:48.475;34.362;249;36.534;250;37.579;169;267
6;;Anthony Bartone;Cesar Gazeau;Aurelien Panis;;Mercedes-AMG GT3 EVO;24;4:23.119;1:25.392;78;1:22.002;79;1:35.725;;78
6;;Anthony Bartone;Cesar Gazeau;Aurelien Panis;;Mercedes-AMG GT3 EVO;25;5:22.486;2:27.959;78;1:21.950;78;1:32.577;78;78
Bib;Class;Driver1;Driver2;Driver3;Driver4;Car;Lap;Time;Sector1Time;SpeedTrap1;Sector2Time;SpeedTrap2;Sector3Time;SpeedTrap3;TopSpeed
6;;Anthony Bartone;Cesar Gazeau;Aurelien Panis;;Mercedes-AMG GT3 EVO;26;4:24.736;1:26.645;78;1:22.017;78;1:36.074;;78
6;;Anthony Bartone;Cesar Gazeau;Aurelien Panis;;Mercedes-AMG GT3 EVO;27;2:28.001;1:06.039;151;41.188;150;40.774;227;201
6;;Anthony Bartone;Cesar Gazeau;Aurelien Panis;;Mercedes-AMG GT3 EVO;28;2:25.164;54.687;112;52.527;212;37.950;231;107
6;;Anthony Bartone;Cesar Gazeau;Aurelien Panis;;Mercedes-AMG GT3 EVO;29;1:49.445;34.602;250;37.354;252;37.489;232;267
6;;Anthony Bartone;Cesar Gazeau;Aurelien Panis;;Mercedes-AMG GT3 EVO;30;1:49.973;35.070;250;37.559;252;37.344;230;263
6;;Anthony Bartone;Cesar Gazeau;Aurelien Panis;;Mercedes-AMG GT3 EVO;31;1:49.731;35.033;248;37.715;250;36.983;230;262
6;;Anthony Bartone;Cesar Gazeau;Aurelien Panis;;Mercedes-AMG GT3 EVO;32;1:48.947;34.555;248;37.377;250;37.015;231;265
6;;Anthony Bartone;Cesar Gazeau;Aurelien Panis;;Mercedes-AMG GT3 EVO;33;1:48.499;34.526;248;36.906;252;37.067;230;267
6;;Anthony Bartone;Cesar Gazeau;Aurelien Panis;;Mercedes-AMG GT3 EVO;34;2:26.954;34.420;248;37.030;252;1:15.504;78;265
6;;Anthony Bartone;Cesar Gazeau;Aurelien Panis;;Mercedes-AMG GT3 EVO;35;1:58.699;44.296;249;37.364;250;37.039;231;223
6;;Anthony Bartone;Cesar Gazeau;Aurelien Panis;;Mercedes-AMG GT3 EVO;36;1:50.317;34.766;249;38.466;252;37.085;231;267
6;;Anthony Bartone;Cesar Gazeau;Aurelien Panis;;Mercedes-AMG GT3 EVO;37;1:48.566;34.521;249;37.006;252;37.039;230;267
6;;Anthony Bartone;Cesar Gazeau;Aurelien Panis;;Mercedes-AMG GT3 EVO;38;1:47.969;34.441;249;36.650;251;36.878;231;267
6;;Anthony Bartone;Cesar Gazeau;Aurelien Panis;;Mercedes-AMG GT3 EVO;39;1:48.074;34.445;248;36.908;250;36.721;232;268
6;;Anthony Bartone;Cesar Gazeau;Aurelien Panis;;Mercedes-AMG GT3 EVO;40;1:49.522;34.411;249;37.089;250;38.022;231;268
6;;Anthony Bartone;Cesar Gazeau;Aurelien Panis;;Mercedes-AMG GT3 EVO;41;1:48.923;34.461;248;37.374;253;37.088;231;265
6;;Anthony Bartone;Cesar Gazeau;Aurelien Panis;;Mercedes-AMG GT3 EVO;42;1:48.847;34.815;249;37.056;250;36.976;232;267
Bib;Class;Driver1;Driver2;Driver3;Driver4;Car;Lap;Time;Sector1Time;SpeedTrap1;Sector2Time;SpeedTrap2;Sector3Time;SpeedTrap3;TopSpeed
6;;Anthony Bartone;Cesar Gazeau;Aurelien Panis;;Mercedes-AMG GT3 EVO;43;3:55.787;58.546;79;1:21.789;78;1:35.452;;267
6;;Anthony Bartone;Cesar Gazeau;Aurelien Panis;;Mercedes-AMG GT3 EVO;44;4:36.258;1:41.669;79;1:21.971;79;1:32.618;78;78
6;;Anthony Bartone;Cesar Gazeau;Aurelien Panis;;Mercedes-AMG GT3 EVO;45;3:24.607;1:26.901;78;1:09.929;147;47.777;204;78
6;;Anthony Bartone;Cesar Gazeau;Aurelien Panis;;Mercedes-AMG GT3 EVO;46;2:44.339;38.671;181;57.131;118;1:08.537;109;219
6;;Anthony Bartone;Cesar Gazeau;Aurelien Panis;;Mercedes-AMG GT3 EVO;47;2:51.744;1:06.047;107;55.626;206;50.071;232;90
6;;Anthony Bartone;Cesar Gazeau;Aurelien Panis;;Mercedes-AMG GT3 EVO;48;1:50.122;35.322;251;37.491;253;37.309;234;241
6;;Anthony Bartone;Cesar Gazeau;Aurelien Panis;;Mercedes-AMG GT3 EVO;49;1:51.253;36.920;247;37.211;252;37.122;231;265
6;;Anthony Bartone;Cesar Gazeau;Aurelien Panis;;Mercedes-AMG GT3 EVO;50;1:48.509;34.475;249;37.085;253;36.949;233;268
6;;Anthony Bartone;Cesar Gazeau;Aurelien Panis;;Mercedes-AMG GT3 EVO;51;1:49.764;34.639;251;37.463;252;37.662;233;264
6;;Anthony Bartone;Cesar Gazeau;Aurelien Panis;;Mercedes-AMG GT3 EVO;52;1:49.112;34.988;250;36.785;252;37.339;232;270
6;;Anthony Bartone;Cesar Gazeau;Aurelien Panis;;Mercedes-AMG GT3 EVO;53;1:47.823;34.370;250;36.661;252;36.792;233;267
6;;Anthony Bartone;Cesar Gazeau;Aurelien Panis;;Mercedes-AMG GT3 EVO;54;1:48.566;34.453;250;36.830;253;37.283;232;267
6;;Anthony Bartone;Cesar Gazeau;Aurelien Panis;;Mercedes-AMG GT3 EVO;55;1:57.393;34.520;252;37.994;251;44.879;;268
6;;Anthony Bartone;Cesar Gazeau;Aurelien Panis;;Mercedes-AMG GT3 EVO;56;3:06.150;1:51.548;245;37.508;248;37.094;231;202
6;;Anthony Bartone;Cesar Gazeau;Aurelien Panis;;Mercedes-AMG GT3 EVO;57;1:48.456;34.709;248;36.912;250;36.835;232;264
6;;Anthony Bartone;Cesar Gazeau;Aurelien Panis;;Mercedes-AMG GT3 EVO;58;1:48.489;34.573;249;36.937;251;36.979;232;266
6;;Anthony Bartone;Cesar Gazeau;Aurelien Panis;;Mercedes-AMG GT3 EVO;59;1:48.144;34.455;248;36.831;252;36.858;232;267
Bib;Class;Driver1;Driver2;Driver3;Driver4;Car;Lap;Time;Sector1Time;SpeedTrap1;Sector2Time;SpeedTrap2;Sector3Time;SpeedTrap3;TopSpeed
6;;Anthony Bartone;Cesar Gazeau;Aurelien Panis;;Mercedes-AMG GT3 EVO;60;1:47.583;34.347;249;36.518;252;36.718;231;267
6;;Anthony Bartone;Cesar Gazeau;Aurelien Panis;;Mercedes-AMG GT3 EVO;61;1:47.800;34.385;250;36.707;250;36.708;232;267
6;;Anthony Bartone;Cesar Gazeau;Aurelien Panis;;Mercedes-AMG GT3 EVO;62;1:47.752;34.177;249;36.813;251;36.762;232;267
6;;Anthony Bartone;Cesar Gazeau;Aurelien Panis;;Mercedes-AMG GT3 EVO;63;1:47.521;34.287;250;36.638;252;36.596;232;268
6;;Anthony Bartone;Cesar Gazeau;Aurelien Panis;;Mercedes-AMG GT3 EVO;64;1:49.023;34.391;249;37.945;250;36.687;232;269
6;;Anthony Bartone;Cesar Gazeau;Aurelien Panis;;Mercedes-AMG GT3 EVO;65;1:47.226;34.147;249;36.530;253;36.549;233;268
6;;Anthony Bartone;Cesar Gazeau;Aurelien Panis;;Mercedes-AMG GT3 EVO;66;1:48.365;34.342;250;37.234;250;36.789;232;269
6;;Anthony Bartone;Cesar Gazeau;Aurelien Panis;;Mercedes-AMG GT3 EVO;67;1:47.762;34.235;249;36.902;252;36.625;233;269
6;;Anthony Bartone;Cesar Gazeau;Aurelien Panis;;Mercedes-AMG GT3 EVO;68;1:47.846;34.118;250;36.962;252;36.766;232;271
6;;Anthony Bartone;Cesar Gazeau;Aurelien Panis;;Mercedes-AMG GT3 EVO;69;1:48.015;34.370;250;36.927;253;36.718;232;269
6;;Anthony Bartone;Cesar Gazeau;Aurelien Panis;;Mercedes-AMG GT3 EVO;70;1:47.677;34.282;250;36.786;252;36.609;233;269
6;;Anthony Bartone;Cesar Gazeau;Aurelien Panis;;Mercedes-AMG GT3 EVO;71;1:48.210;34.284;250;36.975;252;36.951;232;269
6;;Anthony Bartone;Cesar Gazeau;Aurelien Panis;;Mercedes-AMG GT3 EVO;72;3:22.332;34.450;248;1:15.478;79;1:32.404;78;268
6;;Anthony Bartone;Cesar Gazeau;Aurelien Panis;;Mercedes-AMG GT3 EVO;73;4:21.482;1:27.163;79;1:21.950;79;1:32.369;78;78
6;;Anthony Bartone;Cesar Gazeau;Aurelien Panis;;Mercedes-AMG GT3 EVO;74;3:40.289;1:27.043;78;1:22.006;78;51.240;219;79
6;;Anthony Bartone;Cesar Gazeau;Aurelien Panis;;Mercedes-AMG GT3 EVO;75;1:56.673;38.064;191;40.106;238;38.503;228;210
6;;Anthony Bartone;Cesar Gazeau;Aurelien Panis;;Mercedes-AMG GT3 EVO;76;2:18.896;42.913;124;50.067;194;45.916;233;235
Bib;Class;Driver1;Driver2;Driver3;Driver4;Car;Lap;Time;Sector1Time;SpeedTrap1;Sector2Time;SpeedTrap2;Sector3Time;SpeedTrap3;TopSpeed
6;;Anthony Bartone;Cesar Gazeau;Aurelien Panis;;Mercedes-AMG GT3 EVO;77;1:52.381;35.963;250;38.877;253;37.541;232;256
6;;Anthony Bartone;Cesar Gazeau;Aurelien Panis;;Mercedes-AMG GT3 EVO;78;2:02.500;35.712;249;44.505;196;42.283;207;259
6;;Anthony Bartone;Cesar Gazeau;Aurelien Panis;;Mercedes-AMG GT3 EVO;79;4:08.757;1:30.221;58;1:26.873;99;1:11.663;95;50
7;;Mattia Drudi;Marco Sorensen;Nicki Thiim;;Aston Martin Vantage AMR GT3 EVO;1;3:41.976;1:05.267;95;1:14.946;98;1:21.763;;206
9;;Aleksei Nesov;Max Hofer;Aliaksandr Malykhin;;Porsche 911 GT3 R EVO;1;2:54.124;47.012;233;48.127;116;1:18.985;56;177
9;;Aleksei Nesov;Max Hofer;Aliaksandr Malykhin;;Porsche 911 GT3 R EVO;2;4:27.980;1:47.888;84;1:20.712;74;1:19.380;86;74
9;;Aleksei Nesov;Max Hofer;Aliaksandr Malykhin;;Porsche 911 GT3 R EVO;3;3:21.048;1:20.239;91;1:04.494;146;56.315;121;26
9;;Aleksei Nesov;Max Hofer;Aliaksandr Malykhin;;Porsche 911 GT3 R EVO;4;2:44.864;1:03.460;152;55.239;156;46.165;192;79
9;;Aleksei Nesov;Max Hofer;Aliaksandr Malykhin;;Porsche 911 GT3 R EVO;5;2:27.837;41.244;157;55.413;170;51.180;157;241
9;;Aleksei Nesov;Max Hofer;Aliaksandr Malykhin;;Porsche 911 GT3 R EVO;6;2:44.389;55.923;129;57.493;146;50.973;227;102
9;;Aleksei Nesov;Max Hofer;Aliaksandr Malykhin;;Porsche 911 GT3 R EVO;7;1:50.923;35.765;245;37.500;248;37.658;229;258
Bib;Class;Driver1;Driver2;Driver3;Driver4;Car;Lap;Time;Sector1Time;SpeedTrap1;Sector2Time;SpeedTrap2;Sector3Time;SpeedTrap3;TopSpeed
9;;Aleksei Nesov;Max Hofer;Aliaksandr Malykhin;;Porsche 911 GT3 R EVO;8;1:49.385;34.682;246;37.218;247;37.485;230;266
9;;Aleksei Nesov;Max Hofer;Aliaksandr Malykhin;;Porsche 911 GT3 R EVO;9;1:48.726;34.728;246;36.957;249;37.041;230;266
9;;Aleksei Nesov;Max Hofer;Aliaksandr Malykhin;;Porsche 911 GT3 R EVO;10;1:48.505;34.568;248;36.938;248;36.999;231;265
9;;Aleksei Nesov;Max Hofer;Aliaksandr Malykhin;;Porsche 911 GT3 R EVO;11;1:48.301;34.452;246;36.903;248;36.946;231;267
9;;Aleksei Nesov;Max Hofer;Aliaksandr Malykhin;;Porsche 911 GT3 R EVO;12;1:48.234;34.411;247;36.817;249;37.006;231;267
9;;Aleksei Nesov;Max Hofer;Aliaksandr Malykhin;;Porsche 911 GT3 R EVO;13;1:48.376;34.397;248;36.858;250;37.121;231;267
9;;Aleksei Nesov;Max Hofer;Aliaksandr Malykhin;;Porsche 911 GT3 R EVO;14;1:48.147;34.413;248;36.732;249;37.002;232;267
9;;Aleksei Nesov;Max Hofer;Aliaksandr Malykhin;;Porsche 911 GT3 R EVO;15;1:47.596;34.399;248;36.490;250;36.707;232;267
9;;Aleksei Nesov;Max Hofer;Aliaksandr Malykhin;;Porsche 911 GT3 R EVO;16;1:48.591;34.364;248;37.497;252;36.730;232;269
9;;Aleksei Nesov;Max Hofer;Aliaksandr Malykhin;;Porsche 911 GT3 R EVO;17;1:47.962;34.437;249;36.792;252;36.733;231;268
Bib;Class;Driver1;Driver2;Driver3;Driver4;Car;Lap;Time;Sector1Time;SpeedTrap1;Sector2Time;SpeedTrap2;Sector3Time;SpeedTrap3;TopSpeed
9;;Aleksei Nesov;Max Hofer;Aliaksandr Malykhin;;Porsche 911 GT3 R EVO;18;1:48.136;34.439;249;36.910;251;36.787;232;267
9;;Aleksei Nesov;Max Hofer;Aliaksandr Malykhin;;Porsche 911 GT3 R EVO;19;1:47.940;34.482;249;36.667;252;36.791;232;268
9;;Aleksei Nesov;Max Hofer;Aliaksandr Malykhin;;Porsche 911 GT3 R EVO;20;1:48.322;34.476;249;36.950;253;36.896;232;268
9;;Aleksei Nesov;Max Hofer;Aliaksandr Malykhin;;Porsche 911 GT3 R EVO;21;1:49.215;34.522;250;37.992;252;36.701;232;269
9;;Aleksei Nesov;Max Hofer;Aliaksandr Malykhin;;Porsche 911 GT3 R EVO;22;1:47.913;34.288;249;36.787;252;36.838;232;269
9;;Aleksei Nesov;Max Hofer;Aliaksandr Malykhin;;Porsche 911 GT3 R EVO;23;1:49.016;34.559;250;37.056;254;37.401;233;269
9;;Aleksei Nesov;Max Hofer;Aliaksandr Malykhin;;Porsche 911 GT3 R EVO;24;3:42.029;45.084;76;1:21.924;80;1:35.021;;268
9;;Aleksei Nesov;Max Hofer;Aliaksandr Malykhin;;Porsche 911 GT3 R EVO;25;5:23.489;2:29.492;79;1:21.098;77;1:32.899;78;79
9;;Aleksei Nesov;Max Hofer;Aliaksandr Malykhin;;Porsche 911 GT3 R EVO;26;4:21.882;1:27.007;78;1:22.228;76;1:32.647;79;77
9;;Aleksei Nesov;Max Hofer;Aliaksandr Malykhin;;Porsche 911 GT3 R EVO;27;3:10.015;1:26.935;79;51.658;151;51.422;100;76
Bib;Class;Driver1;Driver2;Driver3;Driver4;Car;Lap;Time;Sector1Time;SpeedTrap1;Sector2Time;SpeedTrap2;Sector3Time;SpeedTrap3;TopSpeed
9;;Aleksei Nesov;Max Hofer;Aliaksandr Malykhin;;Porsche 911 GT3 R EVO;28;2:42.243;1:05.118;131;53.046;215;44.079;232;104
9;;Aleksei Nesov;Max Hofer;Aliaksandr Malykhin;;Porsche 911 GT3 R EVO;29;1:54.244;35.589;252;40.937;252;37.718;231;264
9;;Aleksei Nesov;Max Hofer;Aliaksandr Malykhin;;Porsche 911 GT3 R EVO;30;1:50.174;35.020;249;37.878;250;37.276;232;267
9;;Aleksei Nesov;Max Hofer;Aliaksandr Malykhin;;Porsche 911 GT3 R EVO;31;1:48.980;34.575;249;37.237;252;37.168;232;269
9;;Aleksei Nesov;Max Hofer;Aliaksandr Malykhin;;Porsche 911 GT3 R EVO;32;1:48.718;34.441;249;37.007;250;37.270;231;269
9;;Aleksei Nesov;Max Hofer;Aliaksandr Malykhin;;Porsche 911 GT3 R EVO;33;1:50.884;34.577;253;38.737;255;37.570;232;268
9;;Aleksei Nesov;Max Hofer;Aliaksandr Malykhin;;Porsche 911 GT3 R EVO;34;2:20.510;34.826;248;36.956;249;1:08.728;79;266
9;;Aleksei Nesov;Max Hofer;Aliaksandr Malykhin;;Porsche 911 GT3 R EVO;35;2:04.238;50.369;246;36.742;250;37.127;232;199
9;;Aleksei Nesov;Max Hofer;Aliaksandr Malykhin;;Porsche 911 GT3 R EVO;36;1:48.094;34.409;248;36.658;251;37.027;230;269
9;;Aleksei Nesov;Max Hofer;Aliaksandr Malykhin;;Porsche 911 GT3 R EVO;37;1:47.735;34.552;246;36.552;249;36.631;231;266
Bib;Class;Driver1;Driver2;Driver3;Driver4;Car;Lap;Time;Sector1Time;SpeedTrap1;Sector2Time;SpeedTrap2;Sector3Time;SpeedTrap3;TopSpeed
9;;Aleksei Nesov;Max Hofer;Aliaksandr Malykhin;;Porsche 911 GT3 R EVO;38;1:48.635;34.434;247;36.952;229;37.249;231;265
9;;Aleksei Nesov;Max Hofer;Aliaksandr Malykhin;;Porsche 911 GT3 R EVO;39;1:47.698;34.515;245;36.519;249;36.664;231;269
9;;Aleksei Nesov;Max Hofer;Aliaksandr Malykhin;;Porsche 911 GT3 R EVO;40;1:47.394;34.375;246;36.391;249;36.628;231;265
9;;Aleksei Nesov;Max Hofer;Aliaksandr Malykhin;;Porsche 911 GT3 R EVO;41;1:47.180;34.278;246;36.403;250;36.499;231;266
9;;Aleksei Nesov;Max Hofer;Aliaksandr Malykhin;;Porsche 911 GT3 R EVO;42;1:47.233;34.292;246;36.362;251;36.579;232;267
9;;Aleksei Nesov;Max Hofer;Aliaksandr Malykhin;;Porsche 911 GT3 R EVO;43;3:29.951;37.609;78;1:20.833;79;1:31.509;79;267
9;;Aleksei Nesov;Max Hofer;Aliaksandr Malykhin;;Porsche 911 GT3 R EVO;44;4:22.781;1:25.825;79;1:21.813;79;1:35.143;;79
9;;Aleksei Nesov;Max Hofer;Aliaksandr Malykhin;;Porsche 911 GT3 R EVO;45;4:19.530;2:26.725;79;1:05.185;161;47.620;212;79
9;;Aleksei Nesov;Max Hofer;Aliaksandr Malykhin;;Porsche 911 GT3 R EVO;46;2:43.399;38.425;244;56.868;115;1:08.106;109;184
9;;Aleksei Nesov;Max Hofer;Aliaksandr Malykhin;;Porsche 911 GT3 R EVO;47;2:51.944;1:06.336;108;55.736;204;49.872;232;71
Bib;Class;Driver1;Driver2;Driver3;Driver4;Car;Lap;Time;Sector1Time;SpeedTrap1;Sector2Time;SpeedTrap2;Sector3Time;SpeedTrap3;TopSpeed
9;;Aleksei Nesov;Max Hofer;Aliaksandr Malykhin;;Porsche 911 GT3 R EVO;48;1:49.425;35.072;249;37.129;252;37.224;232;266
9;;Aleksei Nesov;Max Hofer;Aliaksandr Malykhin;;Porsche 911 GT3 R EVO;49;1:51.105;36.784;246;37.002;253;37.319;231;268
9;;Aleksei Nesov;Max Hofer;Aliaksandr Malykhin;;Porsche 911 GT3 R EVO;50;1:48.626;34.556;248;37.018;250;37.052;232;270
9;;Aleksei Nesov;Max Hofer;Aliaksandr Malykhin;;Porsche 911 GT3 R EVO;51;1:49.483;34.588;249;37.335;252;37.560;231;269
9;;Aleksei Nesov;Max Hofer;Aliaksandr Malykhin;;Porsche 911 GT3 R EVO;52;1:49.250;35.018;250;37.002;252;37.230;231;272
9;;Aleksei Nesov;Max Hofer;Aliaksandr Malykhin;;Porsche 911 GT3 R EVO;53;1:48.087;34.419;250;36.743;252;36.925;231;269
9;;Aleksei Nesov;Max Hofer;Aliaksandr Malykhin;;Porsche 911 GT3 R EVO;54;1:48.317;34.431;248;36.699;253;37.187;232;269
9;;Aleksei Nesov;Max Hofer;Aliaksandr Malykhin;;Porsche 911 GT3 R EVO;55;1:50.259;34.627;248;37.725;248;37.907;230;270
9;;Aleksei Nesov;Max Hofer;Aliaksandr Malykhin;;Porsche 911 GT3 R EVO;56;1:47.999;34.595;246;36.494;250;36.910;230;265
9;;Aleksei Nesov;Max Hofer;Aliaksandr Malykhin;;Porsche 911 GT3 R EVO;57;1:48.311;34.943;242;36.542;250;36.826;232;265
Bib;Class;Driver1;Driver2;Driver3;Driver4;Car;Lap;Time;Sector1Time;SpeedTrap1;Sector2Time;SpeedTrap2;Sector3Time;SpeedTrap3;TopSpeed
9;;Aleksei Nesov;Max Hofer;Aliaksandr Malykhin;;Porsche 911 GT3 R EVO;58;1:47.593;34.393;247;36.590;249;36.610;232;266
9;;Aleksei Nesov;Max Hofer;Aliaksandr Malykhin;;Porsche 911 GT3 R EVO;59;1:47.616;34.343;246;36.530;250;36.743;231;267
9;;Aleksei Nesov;Max Hofer;Aliaksandr Malykhin;;Porsche 911 GT3 R EVO;60;1:47.391;34.357;246;36.420;251;36.614;231;267
9;;Aleksei Nesov;Max Hofer;Aliaksandr Malykhin;;Porsche 911 GT3 R EVO;61;1:47.487;34.379;246;36.381;252;36.727;230;266
9;;Aleksei Nesov;Max Hofer;Aliaksandr Malykhin;;Porsche 911 GT3 R EVO;62;1:47.503;34.351;248;36.429;249;36.723;231;266
9;;Aleksei Nesov;Max Hofer;Aliaksandr Malykhin;;Porsche 911 GT3 R EVO;63;1:47.327;34.333;248;36.407;250;36.587;231;266
9;;Aleksei Nesov;Max Hofer;Aliaksandr Malykhin;;Porsche 911 GT3 R EVO;64;1:47.462;34.390;246;36.400;251;36.672;232;267
9;;Aleksei Nesov;Max Hofer;Aliaksandr Malykhin;;Porsche 911 GT3 R EVO;65;1:47.351;34.212;247;36.399;252;36.740;232;267
9;;Aleksei Nesov;Max Hofer;Aliaksandr Malykhin;;Porsche 911 GT3 R EVO;66;1:47.394;34.202;248;36.551;252;36.641;231;268
9;;Aleksei Nesov;Max Hofer;Aliaksandr Malykhin;;Porsche 911 GT3 R EVO;67;1:47.329;34.214;248;36.401;252;36.714;232;269
Bib;Class;Driver1;Driver2;Driver3;Driver4;Car;Lap;Time;Sector1Time;SpeedTrap1;Sector2Time;SpeedTrap2;Sector3Time;SpeedTrap3;TopSpeed
9;;Aleksei Nesov;Max Hofer;Aliaksandr Malykhin;;Porsche 911 GT3 R EVO;68;1:47.271;34.196;247;36.467;252;36.608;233;269
9;;Aleksei Nesov;Max Hofer;Aliaksandr Malykhin;;Porsche 911 GT3 R EVO;69;1:47.141;34.128;249;36.414;253;36.599;233;270
9;;Aleksei Nesov;Max Hofer;Aliaksandr Malykhin;;Porsche 911 GT3 R EVO;70;1:47.435;34.102;250;36.586;255;36.747;233;270
9;;Aleksei Nesov;Max Hofer;Aliaksandr Malykhin;;Porsche 911 GT3 R EVO;71;1:48.393;34.099;250;36.745;252;37.549;233;271
9;;Aleksei Nesov;Max Hofer;Aliaksandr Malykhin;;Porsche 911 GT3 R EVO;72;1:57.660;34.210;248;38.725;242;44.725;;269
9;;Aleksei Nesov;Max Hofer;Aliaksandr Malykhin;;Porsche 911 GT3 R EVO;73;5:20.942;2:27.307;79;1:21.092;79;1:32.543;79;79
9;;Aleksei Nesov;Max Hofer;Aliaksandr Malykhin;;Porsche 911 GT3 R EVO;74;4:20.100;1:25.933;79;1:21.508;77;1:32.659;79;79
9;;Aleksei Nesov;Max Hofer;Aliaksandr Malykhin;;Porsche 911 GT3 R EVO;75;2:38.627;1:02.371;226;39.550;219;56.706;122;89
9;;Aleksei Nesov;Max Hofer;Aliaksandr Malykhin;;Porsche 911 GT3 R EVO;76;2:49.071;1:03.975;142;50.930;195;54.166;229;110
9;;Aleksei Nesov;Max Hofer;Aliaksandr Malykhin;;Porsche 911 GT3 R EVO;77;1:51.177;35.007;251;38.624;252;37.546;233;269
Bib;Class;Driver1;Driver2;Driver3;Driver4;Car;Lap;Time;Sector1Time;SpeedTrap1;Sector2Time;SpeedTrap2;Sector3Time;SpeedTrap3;TopSpeed
9;;Aleksei Nesov;Max Hofer;Aliaksandr Malykhin;;Porsche 911 GT3 R EVO;78;;;;;;;;267
10;;Gilles Magnus;Robin Knutsson;Alessandro Ghiretti;;Porsche 911 GT3 R EVO;1;;;;;;;;209
11;;Aaron Muss;Marcelo Tomasoni;Kyle Marcelli;;Aston Martin Vantage AMR GT3 EVO;1;3:10.074;52.396;225;54.728;105;1:22.950;64;164
11;;Aaron Muss;Marcelo Tomasoni;Kyle Marcelli;;Aston Martin Vantage AMR GT3 EVO;2;4:30.408;1:52.947;110;1:18.520;97;1:18.941;89;73
11;;Aaron Muss;Marcelo Tomasoni;Kyle Marcelli;;Aston Martin Vantage AMR GT3 EVO;3;3:13.701;1:14.472;77;1:06.778;136;52.451;200;39
11;;Aaron Muss;Marcelo Tomasoni;Kyle Marcelli;;Aston Martin Vantage AMR GT3 EVO;4;2:41.096;1:02.001;113;52.934;119;46.161;175;81
11;;Aaron Muss;Marcelo Tomasoni;Kyle Marcelli;;Aston Martin Vantage AMR GT3 EVO;5;2:22.921;41.121;180;53.882;164;47.918;192;186
11;;Aaron Muss;Marcelo Tomasoni;Kyle Marcelli;;Aston Martin Vantage AMR GT3 EVO;6;2:44.062;55.244;123;57.098;140;51.720;224;85
11;;Aaron Muss;Marcelo Tomasoni;Kyle Marcelli;;Aston Martin Vantage AMR GT3 EVO;7;1:57.274;36.676;241;39.574;246;41.024;227;240
Bib;Class;Driver1;Driver2;Driver3;Driver4;Car;Lap;Time;Sector1Time;SpeedTrap1;Sector2Time;SpeedTrap2;Sector3Time;SpeedTrap3;TopSpeed
11;;Aaron Muss;Marcelo Tomasoni;Kyle Marcelli;;Aston Martin Vantage AMR GT3 EVO;8;1:55.793;35.814;247;40.045;249;39.934;228;250
11;;Aaron Muss;Marcelo Tomasoni;Kyle Marcelli;;Aston Martin Vantage AMR GT3 EVO;9;1:54.967;36.165;240;39.201;249;39.601;227;261
11;;Aaron Muss;Marcelo Tomasoni;Kyle Marcelli;;Aston Martin Vantage AMR GT3 EVO;10;1:55.374;37.341;242;38.419;247;39.614;231;227
11;;Aaron Muss;Marcelo Tomasoni;Kyle Marcelli;;Aston Martin Vantage AMR GT3 EVO;11;1:53.636;35.596;242;38.648;249;39.392;228;252
11;;Aaron Muss;Marcelo Tomasoni;Kyle Marcelli;;Aston Martin Vantage AMR GT3 EVO;12;1:51.849;35.045;244;38.093;248;38.711;228;263
11;;Aaron Muss;Marcelo Tomasoni;Kyle Marcelli;;Aston Martin Vantage AMR GT3 EVO;13;1:51.923;34.881;244;37.759;245;39.283;227;265
11;;Aaron Muss;Marcelo Tomasoni;Kyle Marcelli;;Aston Martin Vantage AMR GT3 EVO;14;1:51.424;35.009;244;37.619;247;38.796;227;263
11;;Aaron Muss;Marcelo Tomasoni;Kyle Marcelli;;Aston Martin Vantage AMR GT3 EVO;15;1:51.890;35.003;244;38.091;245;38.796;226;262
11;;Aaron Muss;Marcelo Tomasoni;Kyle Marcelli;;Aston Martin Vantage AMR GT3 EVO;16;1:52.622;36.157;246;37.891;248;38.574;227;235
Bib;Class;Driver1;Driver2;Driver3;Driver4;Car;Lap;Time;Sector1Time;SpeedTrap1;Sector2Time;SpeedTrap2;Sector3Time;SpeedTrap3;TopSpeed
11;;Aaron Muss;Marcelo Tomasoni;Kyle Marcelli;;Aston Martin Vantage AMR GT3 EVO;17;1:51.227;34.983;244;37.741;248;38.503;228;262
11;;Aaron Muss;Marcelo Tomasoni;Kyle Marcelli;;Aston Martin Vantage AMR GT3 EVO;18;1:50.537;34.854;244;37.397;248;38.286;228;262
11;;Aaron Muss;Marcelo Tomasoni;Kyle Marcelli;;Aston Martin Vantage AMR GT3 EVO;19;1:51.471;34.908;245;37.822;246;38.741;226;262
11;;Aaron Muss;Marcelo Tomasoni;Kyle Marcelli;;Aston Martin Vantage AMR GT3 EVO;20;1:51.854;35.579;245;37.821;247;38.454;228;260
11;;Aaron Muss;Marcelo Tomasoni;Kyle Marcelli;;Aston Martin Vantage AMR GT3 EVO;21;2:00.207;34.982;245;37.718;248;47.507;;262
11;;Aaron Muss;Marcelo Tomasoni;Kyle Marcelli;;Aston Martin Vantage AMR GT3 EVO;22;3:28.380;1:52.312;241;37.704;246;58.364;78;201
11;;Aaron Muss;Marcelo Tomasoni;Kyle Marcelli;;Aston Martin Vantage AMR GT3 EVO;23;4:21.365;1:26.585;78;1:22.163;78;1:32.617;78;78
11;;Aaron Muss;Marcelo Tomasoni;Kyle Marcelli;;Aston Martin Vantage AMR GT3 EVO;24;4:21.741;1:26.930;78;1:22.155;78;1:32.656;78;78
11;;Aaron Muss;Marcelo Tomasoni;Kyle Marcelli;;Aston Martin Vantage AMR GT3 EVO;25;4:22.997;1:27.815;78;1:22.292;78;1:32.890;78;78
Bib;Class;Driver1;Driver2;Driver3;Driver4;Car;Lap;Time;Sector1Time;SpeedTrap1;Sector2Time;SpeedTrap2;Sector3Time;SpeedTrap3;TopSpeed
11;;Aaron Muss;Marcelo Tomasoni;Kyle Marcelli;;Aston Martin Vantage AMR GT3 EVO;26;2:43.878;1:13.239;115;43.126;155;47.513;;78
11;;Aaron Muss;Marcelo Tomasoni;Kyle Marcelli;;Aston Martin Vantage AMR GT3 EVO;27;3:08.921;1:52.295;241;38.418;245;38.208;227;201
11;;Aaron Muss;Marcelo Tomasoni;Kyle Marcelli;;Aston Martin Vantage AMR GT3 EVO;28;1:50.146;35.504;243;37.311;247;37.331;228;260
11;;Aaron Muss;Marcelo Tomasoni;Kyle Marcelli;;Aston Martin Vantage AMR GT3 EVO;29;1:49.301;34.987;244;37.231;247;37.083;228;263
11;;Aaron Muss;Marcelo Tomasoni;Kyle Marcelli;;Aston Martin Vantage AMR GT3 EVO;30;1:49.373;34.870;244;37.284;247;37.219;228;262
11;;Aaron Muss;Marcelo Tomasoni;Kyle Marcelli;;Aston Martin Vantage AMR GT3 EVO;31;1:48.619;34.819;244;36.925;248;36.875;229;262
11;;Aaron Muss;Marcelo Tomasoni;Kyle Marcelli;;Aston Martin Vantage AMR GT3 EVO;32;1:51.482;34.749;244;36.783;248;39.950;227;262
11;;Aaron Muss;Marcelo Tomasoni;Kyle Marcelli;;Aston Martin Vantage AMR GT3 EVO;33;2:30.885;34.850;243;1:10.802;78;45.233;228;260
11;;Aaron Muss;Marcelo Tomasoni;Kyle Marcelli;;Aston Martin Vantage AMR GT3 EVO;34;1:49.522;35.174;243;36.908;246;37.440;227;261
Bib;Class;Driver1;Driver2;Driver3;Driver4;Car;Lap;Time;Sector1Time;SpeedTrap1;Sector2Time;SpeedTrap2;Sector3Time;SpeedTrap3;TopSpeed
11;;Aaron Muss;Marcelo Tomasoni;Kyle Marcelli;;Aston Martin Vantage AMR GT3 EVO;35;1:48.815;34.957;245;36.904;246;36.954;228;260
11;;Aaron Muss;Marcelo Tomasoni;Kyle Marcelli;;Aston Martin Vantage AMR GT3 EVO;36;1:48.484;34.686;244;37.022;246;36.776;229;262
11;;Aaron Muss;Marcelo Tomasoni;Kyle Marcelli;;Aston Martin Vantage AMR GT3 EVO;37;1:49.138;34.737;244;37.449;248;36.952;230;262
11;;Aaron Muss;Marcelo Tomasoni;Kyle Marcelli;;Aston Martin Vantage AMR GT3 EVO;38;1:50.986;36.740;242;37.251;248;36.995;229;263
11;;Aaron Muss;Marcelo Tomasoni;Kyle Marcelli;;Aston Martin Vantage AMR GT3 EVO;39;1:49.817;34.737;244;37.839;245;37.241;229;263
11;;Aaron Muss;Marcelo Tomasoni;Kyle Marcelli;;Aston Martin Vantage AMR GT3 EVO;40;1:50.376;34.806;245;37.042;248;38.528;229;263
11;;Aaron Muss;Marcelo Tomasoni;Kyle Marcelli;;Aston Martin Vantage AMR GT3 EVO;41;2:20.157;34.777;245;37.549;248;1:07.831;78;263
11;;Aaron Muss;Marcelo Tomasoni;Kyle Marcelli;;Aston Martin Vantage AMR GT3 EVO;42;4:24.021;1:26.265;78;1:22.167;78;1:35.589;;78
11;;Aaron Muss;Marcelo Tomasoni;Kyle Marcelli;;Aston Martin Vantage AMR GT3 EVO;43;4:38.054;1:42.871;78;1:22.306;78;1:32.877;78;78
Bib;Class;Driver1;Driver2;Driver3;Driver4;Car;Lap;Time;Sector1Time;SpeedTrap1;Sector2Time;SpeedTrap2;Sector3Time;SpeedTrap3;TopSpeed
11;;Aaron Muss;Marcelo Tomasoni;Kyle Marcelli;;Aston Martin Vantage AMR GT3 EVO;44;2:25.333;1:05.012;235;40.188;242;40.133;224;78
11;;Aaron Muss;Marcelo Tomasoni;Kyle Marcelli;;Aston Martin Vantage AMR GT3 EVO;45;2:15.925;35.650;242;38.421;242;1:01.854;126;255
11;;Aaron Muss;Marcelo Tomasoni;Kyle Marcelli;;Aston Martin Vantage AMR GT3 EVO;46;2:46.913;1:05.693;132;54.808;210;46.412;232;52
11;;Aaron Muss;Marcelo Tomasoni;Kyle Marcelli;;Aston Martin Vantage AMR GT3 EVO;47;1:52.906;36.001;247;38.691;255;38.214;233;238
11;;Aaron Muss;Marcelo Tomasoni;Kyle Marcelli;;Aston Martin Vantage AMR GT3 EVO;48;1:49.950;34.946;248;37.925;251;37.079;231;263
11;;Aaron Muss;Marcelo Tomasoni;Kyle Marcelli;;Aston Martin Vantage AMR GT3 EVO;49;2:40.790;35.113;249;38.875;250;1:26.802;;255
11;;Aaron Muss;Marcelo Tomasoni;Kyle Marcelli;;Aston Martin Vantage AMR GT3 EVO;50;3:31.568;2:15.907;244;37.987;245;37.674;228;202
11;;Aaron Muss;Marcelo Tomasoni;Kyle Marcelli;;Aston Martin Vantage AMR GT3 EVO;51;1:49.496;34.933;244;37.070;247;37.493;228;262
11;;Aaron Muss;Marcelo Tomasoni;Kyle Marcelli;;Aston Martin Vantage AMR GT3 EVO;52;1:56.043;34.839;244;37.124;247;44.080;227;262
Bib;Class;Driver1;Driver2;Driver3;Driver4;Car;Lap;Time;Sector1Time;SpeedTrap1;Sector2Time;SpeedTrap2;Sector3Time;SpeedTrap3;TopSpeed
11;;Aaron Muss;Marcelo Tomasoni;Kyle Marcelli;;Aston Martin Vantage AMR GT3 EVO;53;1:50.459;34.962;243;37.732;245;37.765;228;260
11;;Aaron Muss;Marcelo Tomasoni;Kyle Marcelli;;Aston Martin Vantage AMR GT3 EVO;54;1:49.417;34.947;244;37.077;246;37.393;230;261
11;;Aaron Muss;Marcelo Tomasoni;Kyle Marcelli;;Aston Martin Vantage AMR GT3 EVO;55;1:56.398;34.890;243;37.079;246;44.429;;262
11;;Aaron Muss;Marcelo Tomasoni;Kyle Marcelli;;Aston Martin Vantage AMR GT3 EVO;56;3:09.014;1:53.397;243;37.876;246;37.741;230;202
11;;Aaron Muss;Marcelo Tomasoni;Kyle Marcelli;;Aston Martin Vantage AMR GT3 EVO;57;1:49.291;34.901;243;37.044;248;37.346;229;262
11;;Aaron Muss;Marcelo Tomasoni;Kyle Marcelli;;Aston Martin Vantage AMR GT3 EVO;58;1:48.876;34.752;245;37.041;246;37.083;229;262
11;;Aaron Muss;Marcelo Tomasoni;Kyle Marcelli;;Aston Martin Vantage AMR GT3 EVO;59;1:48.974;34.690;244;37.070;246;37.214;228;261
11;;Aaron Muss;Marcelo Tomasoni;Kyle Marcelli;;Aston Martin Vantage AMR GT3 EVO;60;1:48.788;34.778;244;36.915;246;37.095;229;261
11;;Aaron Muss;Marcelo Tomasoni;Kyle Marcelli;;Aston Martin Vantage AMR GT3 EVO;61;1:48.398;34.727;244;36.690;246;36.981;230;262
Bib;Class;Driver1;Driver2;Driver3;Driver4;Car;Lap;Time;Sector1Time;SpeedTrap1;Sector2Time;SpeedTrap2;Sector3Time;SpeedTrap3;TopSpeed
11;;Aaron Muss;Marcelo Tomasoni;Kyle Marcelli;;Aston Martin Vantage AMR GT3 EVO;62;1:48.808;34.701;243;36.986;247;37.121;229;262
11;;Aaron Muss;Marcelo Tomasoni;Kyle Marcelli;;Aston Martin Vantage AMR GT3 EVO;63;1:48.762;34.853;244;36.924;247;36.985;230;263
11;;Aaron Muss;Marcelo Tomasoni;Kyle Marcelli;;Aston Martin Vantage AMR GT3 EVO;64;1:48.599;34.597;244;36.856;246;37.146;229;263
11;;Aaron Muss;Marcelo Tomasoni;Kyle Marcelli;;Aston Martin Vantage AMR GT3 EVO;65;1:48.127;34.589;244;36.598;248;36.940;229;262
11;;Aaron Muss;Marcelo Tomasoni;Kyle Marcelli;;Aston Martin Vantage AMR GT3 EVO;66;1:48.551;34.672;245;36.916;248;36.963;230;263
11;;Aaron Muss;Marcelo Tomasoni;Kyle Marcelli;;Aston Martin Vantage AMR GT3 EVO;67;1:48.568;34.632;246;36.936;249;37.000;231;262
11;;Aaron Muss;Marcelo Tomasoni;Kyle Marcelli;;Aston Martin Vantage AMR GT3 EVO;68;1:48.896;34.600;244;36.934;248;37.362;230;262
11;;Aaron Muss;Marcelo Tomasoni;Kyle Marcelli;;Aston Martin Vantage AMR GT3 EVO;69;2:48.052;34.720;245;39.871;138;1:33.461;78;263
11;;Aaron Muss;Marcelo Tomasoni;Kyle Marcelli;;Aston Martin Vantage AMR GT3 EVO;70;4:21.983;1:26.797;78;1:22.238;78;1:32.948;78;78
Bib;Class;Driver1;Driver2;Driver3;Driver4;Car;Lap;Time;Sector1Time;SpeedTrap1;Sector2Time;SpeedTrap2;Sector3Time;SpeedTrap3;TopSpeed
11;;Aaron Muss;Marcelo Tomasoni;Kyle Marcelli;;Aston Martin Vantage AMR GT3 EVO;71;4:14.889;1:27.226;78;1:22.322;78;1:25.341;199;78
11;;Aaron Muss;Marcelo Tomasoni;Kyle Marcelli;;Aston Martin Vantage AMR GT3 EVO;72;1:57.968;38.046;243;38.673;245;41.249;145;199
11;;Aaron Muss;Marcelo Tomasoni;Kyle Marcelli;;Aston Martin Vantage AMR GT3 EVO;73;2:46.516;1:03.265;100;51.255;179;51.996;224;93
11;;Aaron Muss;Marcelo Tomasoni;Kyle Marcelli;;Aston Martin Vantage AMR GT3 EVO;74;2:04.081;45.632;222;39.474;249;38.975;229;224
11;;Aaron Muss;Marcelo Tomasoni;Kyle Marcelli;;Aston Martin Vantage AMR GT3 EVO;75;2:09.598;37.523;189;50.198;177;41.877;179;187
11;;Aaron Muss;Marcelo Tomasoni;Kyle Marcelli;;Aston Martin Vantage AMR GT3 EVO;76;4:14.769;1:38.994;79;1:22.392;92;1:13.383;76;31
12;;Gabriel Rindone;Tom Kalender;Mikael Grenier;;Mercedes-AMG GT3 EVO;1;3:02.447;50.887;225;49.997;113;1:21.563;57;183
12;;Gabriel Rindone;Tom Kalender;Mikael Grenier;;Mercedes-AMG GT3 EVO;2;4:31.010;1:54.096;117;1:17.850;80;1:19.064;81;71
12;;Gabriel Rindone;Tom Kalender;Mikael Grenier;;Mercedes-AMG GT3 EVO;3;3:16.418;1:16.163;81;1:06.182;95;54.073;138;33
12;;Gabriel Rindone;Tom Kalender;Mikael Grenier;;Mercedes-AMG GT3 EVO;4;2:42.180;1:02.879;139;52.656;141;46.645;163;107
12;;Gabriel Rindone;Tom Kalender;Mikael Grenier;;Mercedes-AMG GT3 EVO;5;2:32.128;41.092;181;54.556;185;56.480;;191
Bib;Class;Driver1;Driver2;Driver3;Driver4;Car;Lap;Time;Sector1Time;SpeedTrap1;Sector2Time;SpeedTrap2;Sector3Time;SpeedTrap3;TopSpeed
12;;Gabriel Rindone;Tom Kalender;Mikael Grenier;;Mercedes-AMG GT3 EVO;6;3:11.180;1:56.443;244;37.591;246;37.146;228;202
12;;Gabriel Rindone;Tom Kalender;Mikael Grenier;;Mercedes-AMG GT3 EVO;7;1:49.092;34.797;246;37.297;248;36.998;228;263
12;;Gabriel Rindone;Tom Kalender;Mikael Grenier;;Mercedes-AMG GT3 EVO;8;1:48.683;34.813;246;36.807;248;37.063;229;263
12;;Gabriel Rindone;Tom Kalender;Mikael Grenier;;Mercedes-AMG GT3 EVO;9;1:48.149;34.582;245;36.738;249;36.829;230;263
12;;Gabriel Rindone;Tom Kalender;Mikael Grenier;;Mercedes-AMG GT3 EVO;10;1:49.031;34.483;246;36.620;251;37.928;229;265
12;;Gabriel Rindone;Tom Kalender;Mikael Grenier;;Mercedes-AMG GT3 EVO;11;1:48.093;34.598;246;36.645;250;36.850;230;265
12;;Gabriel Rindone;Tom Kalender;Mikael Grenier;;Mercedes-AMG GT3 EVO;12;1:47.751;34.542;246;36.525;250;36.684;231;264
12;;Gabriel Rindone;Tom Kalender;Mikael Grenier;;Mercedes-AMG GT3 EVO;13;1:48.251;34.435;248;36.486;250;37.330;230;266
12;;Gabriel Rindone;Tom Kalender;Mikael Grenier;;Mercedes-AMG GT3 EVO;14;1:48.385;34.458;248;36.790;251;37.137;231;267
12;;Gabriel Rindone;Tom Kalender;Mikael Grenier;;Mercedes-AMG GT3 EVO;15;1:48.905;34.551;248;37.505;249;36.849;230;267
12;;Gabriel Rindone;Tom Kalender;Mikael Grenier;;Mercedes-AMG GT3 EVO;16;1:47.916;34.481;249;36.559;252;36.876;231;265
12;;Gabriel Rindone;Tom Kalender;Mikael Grenier;;Mercedes-AMG GT3 EVO;17;1:48.653;34.515;248;37.265;251;36.873;231;267
12;;Gabriel Rindone;Tom Kalender;Mikael Grenier;;Mercedes-AMG GT3 EVO;18;1:48.107;34.550;249;36.776;251;36.781;231;267
12;;Gabriel Rindone;Tom Kalender;Mikael Grenier;;Mercedes-AMG GT3 EVO;19;1:48.269;34.449;248;36.956;252;36.864;231;266
12;;Gabriel Rindone;Tom Kalender;Mikael Grenier;;Mercedes-AMG GT3 EVO;20;1:47.890;34.595;248;36.529;253;36.766;232;268
12;;Gabriel Rindone;Tom Kalender;Mikael Grenier;;Mercedes-AMG GT3 EVO;21;1:48.155;34.304;248;36.708;253;37.143;231;266
12;;Gabriel Rindone;Tom Kalender;Mikael Grenier;;Mercedes-AMG GT3 EVO;22;1:48.733;34.575;249;36.915;253;37.243;230;268
Bib;Class;Driver1;Driver2;Driver3;Driver4;Car;Lap;Time;Sector1Time;SpeedTrap1;Sector2Time;SpeedTrap2;Sector3Time;SpeedTrap3;TopSpeed
12;;Gabriel Rindone;Tom Kalender;Mikael Grenier;;Mercedes-AMG GT3 EVO;23;1:54.319;34.974;248;36.747;251;42.598;79;269
12;;Gabriel Rindone;Tom Kalender;Mikael Grenier;;Mercedes-AMG GT3 EVO;24;4:23.495;1:25.877;79;1:21.859;77;1:35.759;;78
12;;Gabriel Rindone;Tom Kalender;Mikael Grenier;;Mercedes-AMG GT3 EVO;25;5:31.737;2:37.028;78;1:22.116;78;1:32.593;78;78
12;;Gabriel Rindone;Tom Kalender;Mikael Grenier;;Mercedes-AMG GT3 EVO;26;4:25.067;1:26.873;78;1:22.064;78;1:36.130;;78
12;;Gabriel Rindone;Tom Kalender;Mikael Grenier;;Mercedes-AMG GT3 EVO;27;2:27.018;1:07.176;230;40.286;242;39.556;224;177
12;;Gabriel Rindone;Tom Kalender;Mikael Grenier;;Mercedes-AMG GT3 EVO;28;2:08.744;38.496;126;51.168;196;39.080;228;255
12;;Gabriel Rindone;Tom Kalender;Mikael Grenier;;Mercedes-AMG GT3 EVO;29;1:51.097;35.095;245;38.409;249;37.593;229;262
12;;Gabriel Rindone;Tom Kalender;Mikael Grenier;;Mercedes-AMG GT3 EVO;30;1:50.382;34.893;245;38.007;246;37.482;228;263
12;;Gabriel Rindone;Tom Kalender;Mikael Grenier;;Mercedes-AMG GT3 EVO;31;1:51.434;35.394;246;38.589;248;37.451;229;258
12;;Gabriel Rindone;Tom Kalender;Mikael Grenier;;Mercedes-AMG GT3 EVO;32;1:51.999;35.120;249;38.555;244;38.324;228;262
12;;Gabriel Rindone;Tom Kalender;Mikael Grenier;;Mercedes-AMG GT3 EVO;33;1:50.006;34.758;244;37.741;248;37.507;228;260
12;;Gabriel Rindone;Tom Kalender;Mikael Grenier;;Mercedes-AMG GT3 EVO;34;2:37.006;35.304;248;45.507;78;1:16.195;227;262
12;;Gabriel Rindone;Tom Kalender;Mikael Grenier;;Mercedes-AMG GT3 EVO;35;1:52.018;35.557;242;38.493;245;37.968;229;247
12;;Gabriel Rindone;Tom Kalender;Mikael Grenier;;Mercedes-AMG GT3 EVO;36;1:50.020;35.164;244;37.505;247;37.351;229;261
12;;Gabriel Rindone;Tom Kalender;Mikael Grenier;;Mercedes-AMG GT3 EVO;37;1:49.182;34.836;245;37.222;246;37.124;229;262
12;;Gabriel Rindone;Tom Kalender;Mikael Grenier;;Mercedes-AMG GT3 EVO;38;1:49.496;34.861;245;37.494;246;37.141;230;261
12;;Gabriel Rindone;Tom Kalender;Mikael Grenier;;Mercedes-AMG GT3 EVO;39;1:50.477;34.882;243;37.944;246;37.651;228;262
Bib;Class;Driver1;Driver2;Driver3;Driver4;Car;Lap;Time;Sector1Time;SpeedTrap1;Sector2Time;SpeedTrap2;Sector3Time;SpeedTrap3;TopSpeed
12;;Gabriel Rindone;Tom Kalender;Mikael Grenier;;Mercedes-AMG GT3 EVO;40;1:49.699;34.920;245;37.546;248;37.233;229;260
12;;Gabriel Rindone;Tom Kalender;Mikael Grenier;;Mercedes-AMG GT3 EVO;41;1:49.559;34.756;245;37.488;249;37.315;229;262
12;;Gabriel Rindone;Tom Kalender;Mikael Grenier;;Mercedes-AMG GT3 EVO;42;1:56.199;34.781;245;37.883;246;43.535;79;262
12;;Gabriel Rindone;Tom Kalender;Mikael Grenier;;Mercedes-AMG GT3 EVO;43;4:20.644;1:26.333;78;1:21.937;78;1:32.374;78;78
12;;Gabriel Rindone;Tom Kalender;Mikael Grenier;;Mercedes-AMG GT3 EVO;44;4:20.893;1:26.546;78;1:21.968;78;1:32.379;78;78
12;;Gabriel Rindone;Tom Kalender;Mikael Grenier;;Mercedes-AMG GT3 EVO;45;2:58.429;1:27.341;78;50.142;226;40.946;224;78
12;;Gabriel Rindone;Tom Kalender;Mikael Grenier;;Mercedes-AMG GT3 EVO;46;2:41.336;39.050;226;55.592;137;1:06.694;128;145
12;;Gabriel Rindone;Tom Kalender;Mikael Grenier;;Mercedes-AMG GT3 EVO;47;2:48.734;1:05.995;131;55.396;187;47.343;230;66
12;;Gabriel Rindone;Tom Kalender;Mikael Grenier;;Mercedes-AMG GT3 EVO;48;1:52.946;35.529;245;38.887;244;38.530;228;242
12;;Gabriel Rindone;Tom Kalender;Mikael Grenier;;Mercedes-AMG GT3 EVO;49;1:54.554;37.508;242;39.039;252;38.007;231;223
12;;Gabriel Rindone;Tom Kalender;Mikael Grenier;;Mercedes-AMG GT3 EVO;50;1:52.438;34.748;251;39.212;246;38.478;231;266
12;;Gabriel Rindone;Tom Kalender;Mikael Grenier;;Mercedes-AMG GT3 EVO;51;1:55.570;35.190;250;37.659;249;42.721;229;249
12;;Gabriel Rindone;Tom Kalender;Mikael Grenier;;Mercedes-AMG GT3 EVO;52;1:58.330;35.041;246;37.788;245;45.501;;262
12;;Gabriel Rindone;Tom Kalender;Mikael Grenier;;Mercedes-AMG GT3 EVO;53;3:20.225;2:04.336;242;37.930;249;37.959;229;199
12;;Gabriel Rindone;Tom Kalender;Mikael Grenier;;Mercedes-AMG GT3 EVO;54;1:49.038;34.759;246;37.183;249;37.096;230;265
12;;Gabriel Rindone;Tom Kalender;Mikael Grenier;;Mercedes-AMG GT3 EVO;55;1:48.281;34.608;245;36.625;249;37.048;230;265
12;;Gabriel Rindone;Tom Kalender;Mikael Grenier;;Mercedes-AMG GT3 EVO;56;1:48.042;34.609;246;36.548;248;36.885;230;265
Bib;Class;Driver1;Driver2;Driver3;Driver4;Car;Lap;Time;Sector1Time;SpeedTrap1;Sector2Time;SpeedTrap2;Sector3Time;SpeedTrap3;TopSpeed
12;;Gabriel Rindone;Tom Kalender;Mikael Grenier;;Mercedes-AMG GT3 EVO;57;1:47.996;34.429;247;36.686;249;36.881;230;265
12;;Gabriel Rindone;Tom Kalender;Mikael Grenier;;Mercedes-AMG GT3 EVO;58;1:48.029;34.447;247;36.743;249;36.839;230;265
12;;Gabriel Rindone;Tom Kalender;Mikael Grenier;;Mercedes-AMG GT3 EVO;59;1:47.531;34.406;246;36.300;249;36.825;230;265
12;;Gabriel Rindone;Tom Kalender;Mikael Grenier;;Mercedes-AMG GT3 EVO;60;1:47.896;34.440;248;36.675;250;36.781;229;265
12;;Gabriel Rindone;Tom Kalender;Mikael Grenier;;Mercedes-AMG GT3 EVO;61;1:47.887;34.462;247;36.686;249;36.739;230;264
12;;Gabriel Rindone;Tom Kalender;Mikael Grenier;;Mercedes-AMG GT3 EVO;62;1:47.945;34.401;247;36.743;249;36.801;230;265
12;;Gabriel Rindone;Tom Kalender;Mikael Grenier;;Mercedes-AMG GT3 EVO;63;1:47.869;34.449;247;36.679;249;36.741;230;265
12;;Gabriel Rindone;Tom Kalender;Mikael Grenier;;Mercedes-AMG GT3 EVO;64;1:47.828;34.441;246;36.625;249;36.762;230;265
12;;Gabriel Rindone;Tom Kalender;Mikael Grenier;;Mercedes-AMG GT3 EVO;65;1:48.248;34.454;246;37.015;249;36.779;230;264
12;;Gabriel Rindone;Tom Kalender;Mikael Grenier;;Mercedes-AMG GT3 EVO;66;1:47.802;34.409;246;36.651;249;36.742;230;266
12;;Gabriel Rindone;Tom Kalender;Mikael Grenier;;Mercedes-AMG GT3 EVO;67;1:48.005;34.539;246;36.602;248;36.864;230;265
12;;Gabriel Rindone;Tom Kalender;Mikael Grenier;;Mercedes-AMG GT3 EVO;68;1:49.341;34.562;223;37.908;250;36.871;230;265
12;;Gabriel Rindone;Tom Kalender;Mikael Grenier;;Mercedes-AMG GT3 EVO;69;1:47.534;34.397;246;36.423;250;36.714;230;265
12;;Gabriel Rindone;Tom Kalender;Mikael Grenier;;Mercedes-AMG GT3 EVO;70;1:47.764;34.433;246;36.606;249;36.725;231;264
12;;Gabriel Rindone;Tom Kalender;Mikael Grenier;;Mercedes-AMG GT3 EVO;71;1:48.847;34.467;246;36.761;249;37.619;229;264
12;;Gabriel Rindone;Tom Kalender;Mikael Grenier;;Mercedes-AMG GT3 EVO;72;4:13.348;1:18.859;78;1:21.878;78;1:32.611;78;78
12;;Gabriel Rindone;Tom Kalender;Mikael Grenier;;Mercedes-AMG GT3 EVO;73;4:20.970;1:26.444;78;1:21.834;78;1:32.692;78;78
Bib;Class;Driver1;Driver2;Driver3;Driver4;Car;Lap;Time;Sector1Time;SpeedTrap1;Sector2Time;SpeedTrap2;Sector3Time;SpeedTrap3;TopSpeed
12;;Gabriel Rindone;Tom Kalender;Mikael Grenier;;Mercedes-AMG GT3 EVO;74;3:29.913;1:26.873;78;54.106;80;1:08.934;126;79
12;;Gabriel Rindone;Tom Kalender;Mikael Grenier;;Mercedes-AMG GT3 EVO;75;2:50.821;1:03.653;137;51.196;202;55.972;228;106
12;;Gabriel Rindone;Tom Kalender;Mikael Grenier;;Mercedes-AMG GT3 EVO;76;1:52.643;35.843;244;38.847;242;37.953;230;265
12;;Gabriel Rindone;Tom Kalender;Mikael Grenier;;Mercedes-AMG GT3 EVO;77;1:56.162;36.118;246;40.591;193;39.453;220;266
12;;Gabriel Rindone;Tom Kalender;Mikael Grenier;;Mercedes-AMG GT3 EVO;78;4:13.297;1:29.563;70;1:27.533;82;1:16.201;84;49
17;;Maxime Martin;Maximilian Götz;Fabian Schiller;;Mercedes-AMG GT3 EVO;1;2:22.207;38.321;243;38.593;245;1:05.293;71;210
17;;Maxime Martin;Maximilian Götz;Fabian Schiller;;Mercedes-AMG GT3 EVO;2;4:22.307;1:46.055;83;1:18.168;128;1:18.084;92;52
17;;Maxime Martin;Maximilian Götz;Fabian Schiller;;Mercedes-AMG GT3 EVO;3;3:26.931;1:25.021;84;59.733;139;1:02.177;108;88
17;;Maxime Martin;Maximilian Götz;Fabian Schiller;;Mercedes-AMG GT3 EVO;4;2:53.265;1:07.269;92;52.025;194;53.971;154;108
17;;Maxime Martin;Maximilian Götz;Fabian Schiller;;Mercedes-AMG GT3 EVO;5;2:38.610;50.074;145;49.488;183;59.048;121;136
17;;Maxime Martin;Maximilian Götz;Fabian Schiller;;Mercedes-AMG GT3 EVO;6;2:51.942;1:00.031;149;57.095;159;54.816;230;130
17;;Maxime Martin;Maximilian Götz;Fabian Schiller;;Mercedes-AMG GT3 EVO;7;1:49.399;35.231;246;37.095;248;37.073;230;262
17;;Maxime Martin;Maximilian Götz;Fabian Schiller;;Mercedes-AMG GT3 EVO;8;1:48.745;34.893;246;37.016;247;36.836;231;264
17;;Maxime Martin;Maximilian Götz;Fabian Schiller;;Mercedes-AMG GT3 EVO;9;1:47.999;34.652;247;36.687;248;36.660;231;263
17;;Maxime Martin;Maximilian Götz;Fabian Schiller;;Mercedes-AMG GT3 EVO;10;1:47.630;34.490;248;36.579;248;36.561;231;265
17;;Maxime Martin;Maximilian Götz;Fabian Schiller;;Mercedes-AMG GT3 EVO;11;1:47.262;34.315;247;36.498;249;36.449;232;264
17;;Maxime Martin;Maximilian Götz;Fabian Schiller;;Mercedes-AMG GT3 EVO;12;1:47.180;34.305;248;36.294;248;36.581;232;265
Bib;Class;Driver1;Driver2;Driver3;Driver4;Car;Lap;Time;Sector1Time;SpeedTrap1;Sector2Time;SpeedTrap2;Sector3Time;SpeedTrap3;TopSpeed
17;;Maxime Martin;Maximilian Götz;Fabian Schiller;;Mercedes-AMG GT3 EVO;13;1:47.160;34.351;248;36.319;249;36.490;232;265
17;;Maxime Martin;Maximilian Götz;Fabian Schiller;;Mercedes-AMG GT3 EVO;14;1:47.188;34.279;248;36.391;248;36.518;232;265
17;;Maxime Martin;Maximilian Götz;Fabian Schiller;;Mercedes-AMG GT3 EVO;15;1:47.404;34.312;248;36.623;248;36.469;233;265
17;;Maxime Martin;Maximilian Götz;Fabian Schiller;;Mercedes-AMG GT3 EVO;16;1:47.184;34.245;248;36.513;250;36.426;231;266
17;;Maxime Martin;Maximilian Götz;Fabian Schiller;;Mercedes-AMG GT3 EVO;17;1:47.008;34.190;249;36.279;250;36.539;231;265
17;;Maxime Martin;Maximilian Götz;Fabian Schiller;;Mercedes-AMG GT3 EVO;18;1:47.154;34.305;248;36.493;250;36.356;232;263
17;;Maxime Martin;Maximilian Götz;Fabian Schiller;;Mercedes-AMG GT3 EVO;19;1:47.200;34.434;248;36.366;250;36.400;232;265
17;;Maxime Martin;Maximilian Götz;Fabian Schiller;;Mercedes-AMG GT3 EVO;20;1:46.899;34.225;249;36.239;250;36.435;232;265
17;;Maxime Martin;Maximilian Götz;Fabian Schiller;;Mercedes-AMG GT3 EVO;21;1:54.062;34.216;248;36.299;250;43.547;;265
17;;Maxime Martin;Maximilian Götz;Fabian Schiller;;Mercedes-AMG GT3 EVO;22;6:40.260;4:03.445;246;1:04.216;79;1:32.599;78;204
17;;Maxime Martin;Maximilian Götz;Fabian Schiller;;Mercedes-AMG GT3 EVO;23;4:23.208;1:26.338;78;1:21.779;78;1:35.091;;78
21;;Kobe Pauwels;Oliver Söderström;Sebastien Baud;;Aston Martin Vantage AMR GT3 EVO;1;2:45.511;45.114;240;43.514;163;1:16.883;70;180
21;;Kobe Pauwels;Oliver Söderström;Sebastien Baud;;Aston Martin Vantage AMR GT3 EVO;2;4:27.564;1:47.627;91;1:20.834;84;1:19.103;82;37
21;;Kobe Pauwels;Oliver Söderström;Sebastien Baud;;Aston Martin Vantage AMR GT3 EVO;3;3:23.219;1:21.153;93;1:02.874;185;59.192;126;50
Bib;Class;Driver1;Driver2;Driver3;Driver4;Car;Lap;Time;Sector1Time;SpeedTrap1;Sector2Time;SpeedTrap2;Sector3Time;SpeedTrap3;TopSpeed
21;;Kobe Pauwels;Oliver Söderström;Sebastien Baud;;Aston Martin Vantage AMR GT3 EVO;4;2:45.391;1:03.878;152;54.097;198;47.416;144;69
21;;Kobe Pauwels;Oliver Söderström;Sebastien Baud;;Aston Martin Vantage AMR GT3 EVO;5;2:37.128;44.009;148;54.822;196;58.297;;215
21;;Kobe Pauwels;Oliver Söderström;Sebastien Baud;;Aston Martin Vantage AMR GT3 EVO;6;3:08.783;1:53.484;242;37.876;247;37.423;229;199
21;;Kobe Pauwels;Oliver Söderström;Sebastien Baud;;Aston Martin Vantage AMR GT3 EVO;7;1:49.003;34.840;245;36.956;248;37.207;228;263
21;;Kobe Pauwels;Oliver Söderström;Sebastien Baud;;Aston Martin Vantage AMR GT3 EVO;8;1:48.661;34.671;245;37.023;249;36.967;231;263
21;;Kobe Pauwels;Oliver Söderström;Sebastien Baud;;Aston Martin Vantage AMR GT3 EVO;9;1:50.083;34.495;246;37.068;249;38.520;229;267
21;;Kobe Pauwels;Oliver Söderström;Sebastien Baud;;Aston Martin Vantage AMR GT3 EVO;10;1:49.143;34.636;248;36.848;250;37.659;230;267
21;;Kobe Pauwels;Oliver Söderström;Sebastien Baud;;Aston Martin Vantage AMR GT3 EVO;11;1:48.629;34.616;245;36.909;249;37.104;231;265
21;;Kobe Pauwels;Oliver Söderström;Sebastien Baud;;Aston Martin Vantage AMR GT3 EVO;12;1:49.018;34.577;245;36.902;250;37.539;231;267
Bib;Class;Driver1;Driver2;Driver3;Driver4;Car;Lap;Time;Sector1Time;SpeedTrap1;Sector2Time;SpeedTrap2;Sector3Time;SpeedTrap3;TopSpeed
21;;Kobe Pauwels;Oliver Söderström;Sebastien Baud;;Aston Martin Vantage AMR GT3 EVO;13;1:48.398;34.463;247;36.876;250;37.059;231;266
21;;Kobe Pauwels;Oliver Söderström;Sebastien Baud;;Aston Martin Vantage AMR GT3 EVO;14;1:48.738;34.916;248;36.797;250;37.025;232;266
21;;Kobe Pauwels;Oliver Söderström;Sebastien Baud;;Aston Martin Vantage AMR GT3 EVO;15;1:48.652;34.543;248;36.791;251;37.318;230;267
21;;Kobe Pauwels;Oliver Söderström;Sebastien Baud;;Aston Martin Vantage AMR GT3 EVO;16;1:49.566;34.620;250;37.450;252;37.496;232;267
21;;Kobe Pauwels;Oliver Söderström;Sebastien Baud;;Aston Martin Vantage AMR GT3 EVO;17;1:48.523;34.592;248;36.900;250;37.031;232;268
21;;Kobe Pauwels;Oliver Söderström;Sebastien Baud;;Aston Martin Vantage AMR GT3 EVO;18;1:48.358;34.520;246;36.749;250;37.089;232;267
21;;Kobe Pauwels;Oliver Söderström;Sebastien Baud;;Aston Martin Vantage AMR GT3 EVO;19;1:48.252;34.428;248;36.699;250;37.125;231;268
21;;Kobe Pauwels;Oliver Söderström;Sebastien Baud;;Aston Martin Vantage AMR GT3 EVO;20;1:48.289;34.490;246;36.848;250;36.951;233;267
21;;Kobe Pauwels;Oliver Söderström;Sebastien Baud;;Aston Martin Vantage AMR GT3 EVO;21;1:48.690;34.553;249;37.124;252;37.013;232;268
Bib;Class;Driver1;Driver2;Driver3;Driver4;Car;Lap;Time;Sector1Time;SpeedTrap1;Sector2Time;SpeedTrap2;Sector3Time;SpeedTrap3;TopSpeed
21;;Kobe Pauwels;Oliver Söderström;Sebastien Baud;;Aston Martin Vantage AMR GT3 EVO;22;1:48.705;34.541;247;37.253;252;36.911;232;267
21;;Kobe Pauwels;Oliver Söderström;Sebastien Baud;;Aston Martin Vantage AMR GT3 EVO;23;1:52.348;34.482;246;36.760;251;41.106;77;267
21;;Kobe Pauwels;Oliver Söderström;Sebastien Baud;;Aston Martin Vantage AMR GT3 EVO;24;4:21.182;1:26.322;78;1:22.165;78;1:32.695;78;78
21;;Kobe Pauwels;Oliver Söderström;Sebastien Baud;;Aston Martin Vantage AMR GT3 EVO;25;4:21.741;1:26.721;78;1:22.311;78;1:32.709;78;78
21;;Kobe Pauwels;Oliver Söderström;Sebastien Baud;;Aston Martin Vantage AMR GT3 EVO;26;4:21.686;1:26.792;78;1:22.157;78;1:32.737;78;78
21;;Kobe Pauwels;Oliver Söderström;Sebastien Baud;;Aston Martin Vantage AMR GT3 EVO;27;3:05.202;1:27.000;78;49.972;241;48.230;;78
21;;Kobe Pauwels;Oliver Söderström;Sebastien Baud;;Aston Martin Vantage AMR GT3 EVO;28;3:06.269;1:51.111;242;37.943;250;37.215;231;200
21;;Kobe Pauwels;Oliver Söderström;Sebastien Baud;;Aston Martin Vantage AMR GT3 EVO;29;1:48.527;34.550;248;36.770;251;37.207;231;267
21;;Kobe Pauwels;Oliver Söderström;Sebastien Baud;;Aston Martin Vantage AMR GT3 EVO;30;1:47.933;34.559;246;36.608;251;36.766;232;268
Bib;Class;Driver1;Driver2;Driver3;Driver4;Car;Lap;Time;Sector1Time;SpeedTrap1;Sector2Time;SpeedTrap2;Sector3Time;SpeedTrap3;TopSpeed
21;;Kobe Pauwels;Oliver Söderström;Sebastien Baud;;Aston Martin Vantage AMR GT3 EVO;31;1:48.267;34.656;247;36.698;252;36.913;232;267
21;;Kobe Pauwels;Oliver Söderström;Sebastien Baud;;Aston Martin Vantage AMR GT3 EVO;32;1:47.875;34.390;248;36.789;252;36.696;232;268
21;;Kobe Pauwels;Oliver Söderström;Sebastien Baud;;Aston Martin Vantage AMR GT3 EVO;33;1:47.735;34.363;247;36.645;252;36.727;233;267
21;;Kobe Pauwels;Oliver Söderström;Sebastien Baud;;Aston Martin Vantage AMR GT3 EVO;34;2:32.539;34.410;249;37.805;162;1:20.324;218;268
21;;Kobe Pauwels;Oliver Söderström;Sebastien Baud;;Aston Martin Vantage AMR GT3 EVO;35;1:48.987;35.440;245;36.864;249;36.683;233;261
21;;Kobe Pauwels;Oliver Söderström;Sebastien Baud;;Aston Martin Vantage AMR GT3 EVO;36;1:47.845;34.557;248;36.509;251;36.779;232;267
21;;Kobe Pauwels;Oliver Söderström;Sebastien Baud;;Aston Martin Vantage AMR GT3 EVO;37;1:47.837;34.437;248;36.497;251;36.903;232;267
21;;Kobe Pauwels;Oliver Söderström;Sebastien Baud;;Aston Martin Vantage AMR GT3 EVO;38;1:48.157;34.421;249;36.919;250;36.817;232;267
21;;Kobe Pauwels;Oliver Söderström;Sebastien Baud;;Aston Martin Vantage AMR GT3 EVO;39;1:48.079;34.396;248;36.860;250;36.823;231;269
Bib;Class;Driver1;Driver2;Driver3;Driver4;Car;Lap;Time;Sector1Time;SpeedTrap1;Sector2Time;SpeedTrap2;Sector3Time;SpeedTrap3;TopSpeed
21;;Kobe Pauwels;Oliver Söderström;Sebastien Baud;;Aston Martin Vantage AMR GT3 EVO;40;1:48.292;34.410;245;37.011;251;36.871;232;267
21;;Kobe Pauwels;Oliver Söderström;Sebastien Baud;;Aston Martin Vantage AMR GT3 EVO;41;1:47.864;34.395;247;36.597;252;36.872;232;268
21;;Kobe Pauwels;Oliver Söderström;Sebastien Baud;;Aston Martin Vantage AMR GT3 EVO;42;1:48.236;34.717;249;36.717;252;36.802;232;268
21;;Kobe Pauwels;Oliver Söderström;Sebastien Baud;;Aston Martin Vantage AMR GT3 EVO;43;3:54.255;59.918;78;1:21.878;78;1:32.459;78;247
21;;Kobe Pauwels;Oliver Söderström;Sebastien Baud;;Aston Martin Vantage AMR GT3 EVO;44;4:21.806;1:27.034;78;1:22.004;78;1:32.768;78;78
21;;Kobe Pauwels;Oliver Söderström;Sebastien Baud;;Aston Martin Vantage AMR GT3 EVO;45;3:29.396;1:27.289;78;1:16.254;136;45.853;224;78
21;;Kobe Pauwels;Oliver Söderström;Sebastien Baud;;Aston Martin Vantage AMR GT3 EVO;46;2:45.532;36.583;242;1:00.129;133;1:08.820;108;229
21;;Kobe Pauwels;Oliver Söderström;Sebastien Baud;;Aston Martin Vantage AMR GT3 EVO;47;2:54.773;1:06.007;99;55.640;202;53.126;231;90
21;;Kobe Pauwels;Oliver Söderström;Sebastien Baud;;Aston Martin Vantage AMR GT3 EVO;48;1:50.896;35.460;249;37.435;253;38.001;233;248
Bib;Class;Driver1;Driver2;Driver3;Driver4;Car;Lap;Time;Sector1Time;SpeedTrap1;Sector2Time;SpeedTrap2;Sector3Time;SpeedTrap3;TopSpeed
21;;Kobe Pauwels;Oliver Söderström;Sebastien Baud;;Aston Martin Vantage AMR GT3 EVO;49;1:49.306;34.822;249;37.420;252;37.064;232;269
21;;Kobe Pauwels;Oliver Söderström;Sebastien Baud;;Aston Martin Vantage AMR GT3 EVO;50;1:48.518;34.521;248;36.894;252;37.103;232;269
21;;Kobe Pauwels;Oliver Söderström;Sebastien Baud;;Aston Martin Vantage AMR GT3 EVO;51;1:48.255;34.384;252;36.835;253;37.036;234;270
21;;Kobe Pauwels;Oliver Söderström;Sebastien Baud;;Aston Martin Vantage AMR GT3 EVO;52;1:49.771;34.615;252;38.136;252;37.020;233;266
21;;Kobe Pauwels;Oliver Söderström;Sebastien Baud;;Aston Martin Vantage AMR GT3 EVO;53;1:48.332;34.406;252;36.994;253;36.932;233;271
21;;Kobe Pauwels;Oliver Söderström;Sebastien Baud;;Aston Martin Vantage AMR GT3 EVO;54;1:55.408;34.258;250;36.872;253;44.278;;269
21;;Kobe Pauwels;Oliver Söderström;Sebastien Baud;;Aston Martin Vantage AMR GT3 EVO;55;3:20.732;2:06.680;244;37.015;248;37.037;231;202
21;;Kobe Pauwels;Oliver Söderström;Sebastien Baud;;Aston Martin Vantage AMR GT3 EVO;56;1:47.751;34.481;245;36.630;250;36.640;232;265
21;;Kobe Pauwels;Oliver Söderström;Sebastien Baud;;Aston Martin Vantage AMR GT3 EVO;57;1:48.103;34.445;246;36.887;249;36.771;232;267
Bib;Class;Driver1;Driver2;Driver3;Driver4;Car;Lap;Time;Sector1Time;SpeedTrap1;Sector2Time;SpeedTrap2;Sector3Time;SpeedTrap3;TopSpeed
21;;Kobe Pauwels;Oliver Söderström;Sebastien Baud;;Aston Martin Vantage AMR GT3 EVO;58;1:49.605;34.813;238;37.186;252;37.606;233;267
21;;Kobe Pauwels;Oliver Söderström;Sebastien Baud;;Aston Martin Vantage AMR GT3 EVO;59;1:48.149;34.481;248;36.798;252;36.870;232;270
21;;Kobe Pauwels;Oliver Söderström;Sebastien Baud;;Aston Martin Vantage AMR GT3 EVO;60;1:47.380;34.250;247;36.452;253;36.678;232;268
21;;Kobe Pauwels;Oliver Söderström;Sebastien Baud;;Aston Martin Vantage AMR GT3 EVO;61;1:47.687;34.272;248;36.549;249;36.866;232;269
21;;Kobe Pauwels;Oliver Söderström;Sebastien Baud;;Aston Martin Vantage AMR GT3 EVO;62;1:48.346;34.435;250;36.951;246;36.960;232;270
21;;Kobe Pauwels;Oliver Söderström;Sebastien Baud;;Aston Martin Vantage AMR GT3 EVO;63;1:48.468;34.326;247;36.899;252;37.243;231;261
21;;Kobe Pauwels;Oliver Söderström;Sebastien Baud;;Aston Martin Vantage AMR GT3 EVO;64;1:47.601;34.354;246;36.613;252;36.634;232;268
21;;Kobe Pauwels;Oliver Söderström;Sebastien Baud;;Aston Martin Vantage AMR GT3 EVO;65;1:47.804;34.359;247;36.603;251;36.842;232;268
21;;Kobe Pauwels;Oliver Söderström;Sebastien Baud;;Aston Martin Vantage AMR GT3 EVO;66;1:47.564;34.209;247;36.631;250;36.724;232;270
Bib;Class;Driver1;Driver2;Driver3;Driver4;Car;Lap;Time;Sector1Time;SpeedTrap1;Sector2Time;SpeedTrap2;Sector3Time;SpeedTrap3;TopSpeed
21;;Kobe Pauwels;Oliver Söderström;Sebastien Baud;;Aston Martin Vantage AMR GT3 EVO;67;1:47.375;34.154;247;36.618;252;36.603;233;271
21;;Kobe Pauwels;Oliver Söderström;Sebastien Baud;;Aston Martin Vantage AMR GT3 EVO;68;1:47.350;34.199;246;36.473;253;36.678;232;271
21;;Kobe Pauwels;Oliver Söderström;Sebastien Baud;;Aston Martin Vantage AMR GT3 EVO;69;1:49.750;35.992;250;37.113;253;36.645;233;269
21;;Kobe Pauwels;Oliver Söderström;Sebastien Baud;;Aston Martin Vantage AMR GT3 EVO;70;1:50.148;35.406;250;36.592;252;38.150;230;244
21;;Kobe Pauwels;Oliver Söderström;Sebastien Baud;;Aston Martin Vantage AMR GT3 EVO;71;1:48.487;34.473;248;36.784;251;37.230;233;267
21;;Kobe Pauwels;Oliver Söderström;Sebastien Baud;;Aston Martin Vantage AMR GT3 EVO;72;3:42.114;47.522;78;1:21.930;78;1:32.662;78;269
21;;Kobe Pauwels;Oliver Söderström;Sebastien Baud;;Aston Martin Vantage AMR GT3 EVO;73;4:21.600;1:26.641;78;1:22.048;78;1:32.911;78;78
21;;Kobe Pauwels;Oliver Söderström;Sebastien Baud;;Aston Martin Vantage AMR GT3 EVO;74;3:25.319;1:26.856;78;1:10.724;175;47.739;225;78
21;;Kobe Pauwels;Oliver Söderström;Sebastien Baud;;Aston Martin Vantage AMR GT3 EVO;75;1:57.921;39.113;204;39.394;246;39.414;227;170
Bib;Class;Driver1;Driver2;Driver3;Driver4;Car;Lap;Time;Sector1Time;SpeedTrap1;Sector2Time;SpeedTrap2;Sector3Time;SpeedTrap3;TopSpeed
21;;Kobe Pauwels;Oliver Söderström;Sebastien Baud;;Aston Martin Vantage AMR GT3 EVO;76;2:05.780;37.527;139;47.771;209;40.482;230;262
21;;Kobe Pauwels;Oliver Söderström;Sebastien Baud;;Aston Martin Vantage AMR GT3 EVO;77;1:51.600;34.746;251;38.236;252;38.618;232;271
21;;Kobe Pauwels;Oliver Söderström;Sebastien Baud;;Aston Martin Vantage AMR GT3 EVO;78;2:08.927;37.481;251;49.071;163;42.375;154;209
21;;Kobe Pauwels;Oliver Söderström;Sebastien Baud;;Aston Martin Vantage AMR GT3 EVO;79;4:12.326;1:34.313;73;1:24.474;69;1:13.539;103;17
23;;Horatio Fitz-Simon;Maxwell Lynn;Ben Dörr;;McLaren 720S GT3 EVO;1;2:33.709;42.920;243;39.619;195;1:11.170;90;196
23;;Horatio Fitz-Simon;Maxwell Lynn;Ben Dörr;;McLaren 720S GT3 EVO;2;4:24.410;1:47.417;70;1:20.962;67;1:16.031;82;33
23;;Horatio Fitz-Simon;Maxwell Lynn;Ben Dörr;;McLaren 720S GT3 EVO;3;3:24.659;1:24.076;76;1:01.561;184;59.022;131;77
23;;Horatio Fitz-Simon;Maxwell Lynn;Ben Dörr;;McLaren 720S GT3 EVO;4;2:49.874;1:07.296;108;52.870;175;49.708;181;83
23;;Horatio Fitz-Simon;Maxwell Lynn;Ben Dörr;;McLaren 720S GT3 EVO;5;2:34.585;47.112;120;51.199;229;56.274;112;135
23;;Horatio Fitz-Simon;Maxwell Lynn;Ben Dörr;;McLaren 720S GT3 EVO;6;2:50.037;59.934;110;56.791;161;53.312;230;96
23;;Horatio Fitz-Simon;Maxwell Lynn;Ben Dörr;;McLaren 720S GT3 EVO;7;1:49.860;35.167;249;37.545;250;37.148;230;259
Bib;Class;Driver1;Driver2;Driver3;Driver4;Car;Lap;Time;Sector1Time;SpeedTrap1;Sector2Time;SpeedTrap2;Sector3Time;SpeedTrap3;TopSpeed
23;;Horatio Fitz-Simon;Maxwell Lynn;Ben Dörr;;McLaren 720S GT3 EVO;8;1:49.104;34.695;249;37.492;250;36.917;231;268
23;;Horatio Fitz-Simon;Maxwell Lynn;Ben Dörr;;McLaren 720S GT3 EVO;9;1:48.724;34.565;250;37.182;251;36.977;232;269
23;;Horatio Fitz-Simon;Maxwell Lynn;Ben Dörr;;McLaren 720S GT3 EVO;10;1:48.761;34.500;249;37.168;251;37.093;231;268
23;;Horatio Fitz-Simon;Maxwell Lynn;Ben Dörr;;McLaren 720S GT3 EVO;11;1:48.286;34.468;249;37.042;250;36.776;232;267
23;;Horatio Fitz-Simon;Maxwell Lynn;Ben Dörr;;McLaren 720S GT3 EVO;12;1:48.109;34.582;248;36.763;250;36.764;232;267
23;;Horatio Fitz-Simon;Maxwell Lynn;Ben Dörr;;McLaren 720S GT3 EVO;13;1:48.019;34.443;249;36.783;251;36.793;232;268
23;;Horatio Fitz-Simon;Maxwell Lynn;Ben Dörr;;McLaren 720S GT3 EVO;14;1:47.924;34.402;249;36.833;250;36.689;232;268
23;;Horatio Fitz-Simon;Maxwell Lynn;Ben Dörr;;McLaren 720S GT3 EVO;15;1:47.947;34.338;249;36.957;250;36.652;233;267
23;;Horatio Fitz-Simon;Maxwell Lynn;Ben Dörr;;McLaren 720S GT3 EVO;16;1:47.923;34.364;249;36.885;252;36.674;232;268
23;;Horatio Fitz-Simon;Maxwell Lynn;Ben Dörr;;McLaren 720S GT3 EVO;17;1:47.530;34.363;250;36.510;252;36.657;232;267
23;;Horatio Fitz-Simon;Maxwell Lynn;Ben Dörr;;McLaren 720S GT3 EVO;18;1:47.621;34.389;248;36.616;252;36.616;232;267
23;;Horatio Fitz-Simon;Maxwell Lynn;Ben Dörr;;McLaren 720S GT3 EVO;19;1:47.398;34.368;249;36.530;252;36.500;232;268
23;;Horatio Fitz-Simon;Maxwell Lynn;Ben Dörr;;McLaren 720S GT3 EVO;20;1:47.714;34.389;249;36.746;251;36.579;232;268
Bib;Class;Driver1;Driver2;Driver3;Driver4;Car;Lap;Time;Sector1Time;SpeedTrap1;Sector2Time;SpeedTrap2;Sector3Time;SpeedTrap3;TopSpeed
23;;Horatio Fitz-Simon;Maxwell Lynn;Ben Dörr;;McLaren 720S GT3 EVO;21;1:47.400;34.285;249;36.660;252;36.455;233;267
23;;Horatio Fitz-Simon;Maxwell Lynn;Ben Dörr;;McLaren 720S GT3 EVO;22;1:47.539;34.500;249;36.615;253;36.424;233;267
23;;Horatio Fitz-Simon;Maxwell Lynn;Ben Dörr;;McLaren 720S GT3 EVO;23;1:47.484;34.358;250;36.594;253;36.532;232;268
23;;Horatio Fitz-Simon;Maxwell Lynn;Ben Dörr;;McLaren 720S GT3 EVO;24;3:25.927;34.477;248;1:16.235;78;1:35.215;;265
23;;Horatio Fitz-Simon;Maxwell Lynn;Ben Dörr;;McLaren 720S GT3 EVO;25;5:24.671;2:29.423;78;1:22.201;78;1:33.047;78;78
23;;Horatio Fitz-Simon;Maxwell Lynn;Ben Dörr;;McLaren 720S GT3 EVO;26;4:22.155;1:26.806;78;1:22.239;78;1:33.110;78;78
23;;Horatio Fitz-Simon;Maxwell Lynn;Ben Dörr;;McLaren 720S GT3 EVO;27;3:23.198;1:26.955;78;59.712;239;56.531;142;78
23;;Horatio Fitz-Simon;Maxwell Lynn;Ben Dörr;;McLaren 720S GT3 EVO;28;2:49.934;1:05.140;134;54.469;171;50.325;230;99
23;;Horatio Fitz-Simon;Maxwell Lynn;Ben Dörr;;McLaren 720S GT3 EVO;29;1:49.337;34.875;249;37.514;250;36.948;232;267
23;;Horatio Fitz-Simon;Maxwell Lynn;Ben Dörr;;McLaren 720S GT3 EVO;30;1:48.680;34.671;249;37.019;252;36.990;230;269
23;;Horatio Fitz-Simon;Maxwell Lynn;Ben Dörr;;McLaren 720S GT3 EVO;31;1:48.181;34.692;248;36.714;250;36.775;232;267
23;;Horatio Fitz-Simon;Maxwell Lynn;Ben Dörr;;McLaren 720S GT3 EVO;32;1:47.608;34.413;248;36.465;251;36.730;232;267
23;;Horatio Fitz-Simon;Maxwell Lynn;Ben Dörr;;McLaren 720S GT3 EVO;33;1:47.906;34.489;249;36.788;251;36.629;232;267
Bib;Class;Driver1;Driver2;Driver3;Driver4;Car;Lap;Time;Sector1Time;SpeedTrap1;Sector2Time;SpeedTrap2;Sector3Time;SpeedTrap3;TopSpeed
23;;Horatio Fitz-Simon;Maxwell Lynn;Ben Dörr;;McLaren 720S GT3 EVO;34;1:53.349;34.432;248;36.727;251;42.190;78;268
23;;Horatio Fitz-Simon;Maxwell Lynn;Ben Dörr;;McLaren 720S GT3 EVO;35;2:26.074;1:12.441;226;36.956;252;36.677;233;78
23;;Horatio Fitz-Simon;Maxwell Lynn;Ben Dörr;;McLaren 720S GT3 EVO;36;1:48.220;34.565;250;37.033;250;36.622;233;269
23;;Horatio Fitz-Simon;Maxwell Lynn;Ben Dörr;;McLaren 720S GT3 EVO;37;1:47.806;34.545;249;36.728;251;36.533;232;269
23;;Horatio Fitz-Simon;Maxwell Lynn;Ben Dörr;;McLaren 720S GT3 EVO;38;1:47.920;34.362;249;36.671;253;36.887;233;269
23;;Horatio Fitz-Simon;Maxwell Lynn;Ben Dörr;;McLaren 720S GT3 EVO;39;1:47.554;34.467;248;36.671;252;36.416;233;269
23;;Horatio Fitz-Simon;Maxwell Lynn;Ben Dörr;;McLaren 720S GT3 EVO;40;1:47.239;34.320;249;36.514;252;36.405;233;269
23;;Horatio Fitz-Simon;Maxwell Lynn;Ben Dörr;;McLaren 720S GT3 EVO;41;1:47.323;34.271;249;36.485;252;36.567;232;269
23;;Horatio Fitz-Simon;Maxwell Lynn;Ben Dörr;;McLaren 720S GT3 EVO;42;1:47.515;34.229;249;36.762;253;36.524;233;269
23;;Horatio Fitz-Simon;Maxwell Lynn;Ben Dörr;;McLaren 720S GT3 EVO;43;3:13.742;34.402;249;1:06.457;78;1:32.883;78;269
23;;Horatio Fitz-Simon;Maxwell Lynn;Ben Dörr;;McLaren 720S GT3 EVO;44;4:27.938;1:26.600;78;1:24.512;78;1:36.826;;78
23;;Horatio Fitz-Simon;Maxwell Lynn;Ben Dörr;;McLaren 720S GT3 EVO;45;4:29.795;2:28.298;78;1:21.122;127;40.375;229;78
23;;Horatio Fitz-Simon;Maxwell Lynn;Ben Dörr;;McLaren 720S GT3 EVO;46;2:50.570;36.009;165;1:05.632;80;1:08.929;128;257
Bib;Class;Driver1;Driver2;Driver3;Driver4;Car;Lap;Time;Sector1Time;SpeedTrap1;Sector2Time;SpeedTrap2;Sector3Time;SpeedTrap3;TopSpeed
23;;Horatio Fitz-Simon;Maxwell Lynn;Ben Dörr;;McLaren 720S GT3 EVO;47;2:58.877;1:07.060;92;55.323;156;56.494;232;106
23;;Horatio Fitz-Simon;Maxwell Lynn;Ben Dörr;;McLaren 720S GT3 EVO;48;1:49.380;34.892;247;37.525;249;36.963;231;260
23;;Horatio Fitz-Simon;Maxwell Lynn;Ben Dörr;;McLaren 720S GT3 EVO;49;1:48.335;34.483;247;36.807;251;37.045;231;268
23;;Horatio Fitz-Simon;Maxwell Lynn;Ben Dörr;;McLaren 720S GT3 EVO;50;1:47.872;34.510;247;36.597;251;36.765;232;269
23;;Horatio Fitz-Simon;Maxwell Lynn;Ben Dörr;;McLaren 720S GT3 EVO;51;1:48.011;34.274;249;36.838;251;36.899;231;269
23;;Horatio Fitz-Simon;Maxwell Lynn;Ben Dörr;;McLaren 720S GT3 EVO;52;1:47.961;34.423;249;36.511;251;37.027;232;268
23;;Horatio Fitz-Simon;Maxwell Lynn;Ben Dörr;;McLaren 720S GT3 EVO;53;1:47.514;34.406;249;36.459;251;36.649;233;269
23;;Horatio Fitz-Simon;Maxwell Lynn;Ben Dörr;;McLaren 720S GT3 EVO;54;1:47.530;34.271;248;36.756;252;36.503;232;267
23;;Horatio Fitz-Simon;Maxwell Lynn;Ben Dörr;;McLaren 720S GT3 EVO;55;1:47.895;34.392;248;36.695;251;36.808;233;267
23;;Horatio Fitz-Simon;Maxwell Lynn;Ben Dörr;;McLaren 720S GT3 EVO;56;1:48.100;34.287;249;37.189;252;36.624;234;268
23;;Horatio Fitz-Simon;Maxwell Lynn;Ben Dörr;;McLaren 720S GT3 EVO;57;1:47.486;34.314;249;36.580;254;36.592;233;269
23;;Horatio Fitz-Simon;Maxwell Lynn;Ben Dörr;;McLaren 720S GT3 EVO;58;1:48.297;34.257;250;37.148;252;36.892;236;269
23;;Horatio Fitz-Simon;Maxwell Lynn;Ben Dörr;;McLaren 720S GT3 EVO;59;1:47.230;34.166;249;36.525;253;36.539;234;270
Bib;Class;Driver1;Driver2;Driver3;Driver4;Car;Lap;Time;Sector1Time;SpeedTrap1;Sector2Time;SpeedTrap2;Sector3Time;SpeedTrap3;TopSpeed
23;;Horatio Fitz-Simon;Maxwell Lynn;Ben Dörr;;McLaren 720S GT3 EVO;60;1:47.967;34.755;250;36.747;253;36.465;234;242
23;;Horatio Fitz-Simon;Maxwell Lynn;Ben Dörr;;McLaren 720S GT3 EVO;61;1:47.473;34.058;250;36.484;257;36.931;234;270
23;;Horatio Fitz-Simon;Maxwell Lynn;Ben Dörr;;McLaren 720S GT3 EVO;62;1:47.227;34.294;253;36.441;252;36.492;233;272
23;;Horatio Fitz-Simon;Maxwell Lynn;Ben Dörr;;McLaren 720S GT3 EVO;63;1:47.049;34.158;250;36.436;253;36.455;234;268
23;;Horatio Fitz-Simon;Maxwell Lynn;Ben Dörr;;McLaren 720S GT3 EVO;64;1:46.822;34.088;249;36.374;254;36.360;234;270
23;;Horatio Fitz-Simon;Maxwell Lynn;Ben Dörr;;McLaren 720S GT3 EVO;65;1:47.147;34.077;250;36.717;253;36.353;234;271
23;;Horatio Fitz-Simon;Maxwell Lynn;Ben Dörr;;McLaren 720S GT3 EVO;66;1:47.270;34.187;250;36.441;252;36.642;233;270
23;;Horatio Fitz-Simon;Maxwell Lynn;Ben Dörr;;McLaren 720S GT3 EVO;67;1:47.051;34.011;250;36.527;254;36.513;233;271
23;;Horatio Fitz-Simon;Maxwell Lynn;Ben Dörr;;McLaren 720S GT3 EVO;68;1:46.864;34.114;250;36.224;253;36.526;235;272
23;;Horatio Fitz-Simon;Maxwell Lynn;Ben Dörr;;McLaren 720S GT3 EVO;69;1:46.659;34.113;249;36.190;253;36.356;234;269
23;;Horatio Fitz-Simon;Maxwell Lynn;Ben Dörr;;McLaren 720S GT3 EVO;70;1:47.659;34.062;251;36.378;255;37.219;233;271
23;;Horatio Fitz-Simon;Maxwell Lynn;Ben Dörr;;McLaren 720S GT3 EVO;71;1:47.271;34.240;250;36.647;252;36.384;234;268
23;;Horatio Fitz-Simon;Maxwell Lynn;Ben Dörr;;McLaren 720S GT3 EVO;72;1:54.307;34.097;249;36.179;253;44.031;;269
Bib;Class;Driver1;Driver2;Driver3;Driver4;Car;Lap;Time;Sector1Time;SpeedTrap1;Sector2Time;SpeedTrap2;Sector3Time;SpeedTrap3;TopSpeed
23;;Horatio Fitz-Simon;Maxwell Lynn;Ben Dörr;;McLaren 720S GT3 EVO;73;5:22.649;2:27.869;78;1:22.026;78;1:32.754;78;78
23;;Horatio Fitz-Simon;Maxwell Lynn;Ben Dörr;;McLaren 720S GT3 EVO;74;4:21.723;1:26.876;78;1:22.128;78;1:32.719;78;78
23;;Horatio Fitz-Simon;Maxwell Lynn;Ben Dörr;;McLaren 720S GT3 EVO;75;2:57.357;1:10.585;206;41.429;156;1:05.343;111;78
23;;Horatio Fitz-Simon;Maxwell Lynn;Ben Dörr;;McLaren 720S GT3 EVO;76;2:50.055;1:03.726;134;51.448;183;54.881;231;107
23;;Horatio Fitz-Simon;Maxwell Lynn;Ben Dörr;;McLaren 720S GT3 EVO;77;1:52.845;34.900;246;40.179;244;37.766;232;264
23;;Horatio Fitz-Simon;Maxwell Lynn;Ben Dörr;;McLaren 720S GT3 EVO;78;1:59.545;37.108;244;41.200;193;41.237;231;268
23;;Horatio Fitz-Simon;Maxwell Lynn;Ben Dörr;;McLaren 720S GT3 EVO;79;4:11.558;1:28.462;60;1:28.205;85;1:14.891;93;50
24;;Mikkel Mac;Antoine Doquin;Dennis Lind;;Chevrolet Corvette Z06 GT3 R;1;2:40.205;44.052;240;41.191;159;1:14.962;78;177
24;;Mikkel Mac;Antoine Doquin;Dennis Lind;;Chevrolet Corvette Z06 GT3 R;2;4:24.538;1:46.938;95;1:21.378;107;1:16.222;97;24
24;;Mikkel Mac;Antoine Doquin;Dennis Lind;;Chevrolet Corvette Z06 GT3 R;3;3:24.141;1:22.058;74;1:03.495;144;58.588;105;65
24;;Mikkel Mac;Antoine Doquin;Dennis Lind;;Chevrolet Corvette Z06 GT3 R;4;2:54.020;1:06.189;157;53.166;222;54.665;;69
24;;Mikkel Mac;Antoine Doquin;Dennis Lind;;Chevrolet Corvette Z06 GT3 R;5;3:05.075;1:49.913;250;37.335;252;37.827;232;207
Bib;Class;Driver1;Driver2;Driver3;Driver4;Car;Lap;Time;Sector1Time;SpeedTrap1;Sector2Time;SpeedTrap2;Sector3Time;SpeedTrap3;TopSpeed
24;;Mikkel Mac;Antoine Doquin;Dennis Lind;;Chevrolet Corvette Z06 GT3 R;6;2:21.487;42.512;129;53.482;151;45.493;231;124
24;;Mikkel Mac;Antoine Doquin;Dennis Lind;;Chevrolet Corvette Z06 GT3 R;7;1:52.814;35.297;253;38.402;253;39.115;234;257
24;;Mikkel Mac;Antoine Doquin;Dennis Lind;;Chevrolet Corvette Z06 GT3 R;8;1:58.907;44.391;250;37.265;253;37.251;233;265
24;;Mikkel Mac;Antoine Doquin;Dennis Lind;;Chevrolet Corvette Z06 GT3 R;9;1:49.418;35.148;252;37.254;255;37.016;234;276
24;;Mikkel Mac;Antoine Doquin;Dennis Lind;;Chevrolet Corvette Z06 GT3 R;10;1:48.104;34.464;250;36.800;253;36.840;234;271
24;;Mikkel Mac;Antoine Doquin;Dennis Lind;;Chevrolet Corvette Z06 GT3 R;11;1:49.270;34.599;250;37.837;255;36.834;232;273
24;;Mikkel Mac;Antoine Doquin;Dennis Lind;;Chevrolet Corvette Z06 GT3 R;12;1:47.783;34.218;249;36.729;253;36.836;233;271
24;;Mikkel Mac;Antoine Doquin;Dennis Lind;;Chevrolet Corvette Z06 GT3 R;13;1:47.491;34.249;250;36.525;253;36.717;233;270
24;;Mikkel Mac;Antoine Doquin;Dennis Lind;;Chevrolet Corvette Z06 GT3 R;14;1:47.700;34.221;251;36.706;254;36.773;234;272
24;;Mikkel Mac;Antoine Doquin;Dennis Lind;;Chevrolet Corvette Z06 GT3 R;15;1:49.382;34.619;252;37.478;255;37.285;233;273
Bib;Class;Driver1;Driver2;Driver3;Driver4;Car;Lap;Time;Sector1Time;SpeedTrap1;Sector2Time;SpeedTrap2;Sector3Time;SpeedTrap3;TopSpeed
24;;Mikkel Mac;Antoine Doquin;Dennis Lind;;Chevrolet Corvette Z06 GT3 R;16;1:49.504;34.746;252;37.447;257;37.311;232;272
24;;Mikkel Mac;Antoine Doquin;Dennis Lind;;Chevrolet Corvette Z06 GT3 R;17;1:49.688;34.400;250;38.360;253;36.928;233;272
24;;Mikkel Mac;Antoine Doquin;Dennis Lind;;Chevrolet Corvette Z06 GT3 R;18;1:47.817;34.180;251;36.776;254;36.861;233;271
24;;Mikkel Mac;Antoine Doquin;Dennis Lind;;Chevrolet Corvette Z06 GT3 R;19;1:47.699;34.318;252;36.558;256;36.823;234;272
24;;Mikkel Mac;Antoine Doquin;Dennis Lind;;Chevrolet Corvette Z06 GT3 R;20;1:48.268;34.488;251;36.680;257;37.100;234;274
24;;Mikkel Mac;Antoine Doquin;Dennis Lind;;Chevrolet Corvette Z06 GT3 R;21;1:53.781;40.456;245;36.748;255;36.577;234;274
24;;Mikkel Mac;Antoine Doquin;Dennis Lind;;Chevrolet Corvette Z06 GT3 R;22;1:48.038;34.361;251;36.606;256;37.071;233;271
24;;Mikkel Mac;Antoine Doquin;Dennis Lind;;Chevrolet Corvette Z06 GT3 R;23;1:50.371;34.670;250;36.894;256;38.807;93;273
24;;Mikkel Mac;Antoine Doquin;Dennis Lind;;Chevrolet Corvette Z06 GT3 R;24;4:20.550;1:26.181;79;1:21.848;79;1:32.521;77;79
24;;Mikkel Mac;Antoine Doquin;Dennis Lind;;Chevrolet Corvette Z06 GT3 R;25;4:21.184;1:26.790;79;1:21.962;79;1:32.432;79;79
Bib;Class;Driver1;Driver2;Driver3;Driver4;Car;Lap;Time;Sector1Time;SpeedTrap1;Sector2Time;SpeedTrap2;Sector3Time;SpeedTrap3;TopSpeed
24;;Mikkel Mac;Antoine Doquin;Dennis Lind;;Chevrolet Corvette Z06 GT3 R;26;4:21.063;1:26.808;79;1:21.731;79;1:32.524;79;77
24;;Mikkel Mac;Antoine Doquin;Dennis Lind;;Chevrolet Corvette Z06 GT3 R;27;3:09.305;1:26.809;79;50.264;195;52.232;;78
24;;Mikkel Mac;Antoine Doquin;Dennis Lind;;Chevrolet Corvette Z06 GT3 R;28;3:08.685;1:52.572;215;38.709;252;37.404;232;206
24;;Mikkel Mac;Antoine Doquin;Dennis Lind;;Chevrolet Corvette Z06 GT3 R;29;1:48.316;34.363;250;36.788;252;37.165;232;267
24;;Mikkel Mac;Antoine Doquin;Dennis Lind;;Chevrolet Corvette Z06 GT3 R;30;1:48.035;34.404;249;36.689;253;36.942;232;268
24;;Mikkel Mac;Antoine Doquin;Dennis Lind;;Chevrolet Corvette Z06 GT3 R;31;1:47.691;34.455;249;36.544;253;36.692;233;268
24;;Mikkel Mac;Antoine Doquin;Dennis Lind;;Chevrolet Corvette Z06 GT3 R;32;1:47.455;34.306;250;36.494;255;36.655;233;269
24;;Mikkel Mac;Antoine Doquin;Dennis Lind;;Chevrolet Corvette Z06 GT3 R;33;1:47.742;34.247;250;36.750;255;36.745;233;269
24;;Mikkel Mac;Antoine Doquin;Dennis Lind;;Chevrolet Corvette Z06 GT3 R;34;2:32.523;35.578;245;38.088;137;1:18.857;224;273
24;;Mikkel Mac;Antoine Doquin;Dennis Lind;;Chevrolet Corvette Z06 GT3 R;35;1:48.470;34.715;246;36.677;252;37.078;233;265
Bib;Class;Driver1;Driver2;Driver3;Driver4;Car;Lap;Time;Sector1Time;SpeedTrap1;Sector2Time;SpeedTrap2;Sector3Time;SpeedTrap3;TopSpeed
24;;Mikkel Mac;Antoine Doquin;Dennis Lind;;Chevrolet Corvette Z06 GT3 R;36;1:47.671;34.373;250;36.598;253;36.700;233;268
24;;Mikkel Mac;Antoine Doquin;Dennis Lind;;Chevrolet Corvette Z06 GT3 R;37;1:47.079;34.259;251;36.384;254;36.436;235;269
24;;Mikkel Mac;Antoine Doquin;Dennis Lind;;Chevrolet Corvette Z06 GT3 R;38;1:47.990;34.072;253;36.841;253;37.077;235;271
24;;Mikkel Mac;Antoine Doquin;Dennis Lind;;Chevrolet Corvette Z06 GT3 R;39;1:47.935;34.416;252;36.792;254;36.727;233;270
24;;Mikkel Mac;Antoine Doquin;Dennis Lind;;Chevrolet Corvette Z06 GT3 R;40;1:47.117;34.159;250;36.455;256;36.503;236;270
24;;Mikkel Mac;Antoine Doquin;Dennis Lind;;Chevrolet Corvette Z06 GT3 R;41;2:01.247;34.127;253;39.306;167;47.814;;272
24;;Mikkel Mac;Antoine Doquin;Dennis Lind;;Chevrolet Corvette Z06 GT3 R;42;4:43.907;1:51.107;182;1:20.608;79;1:32.192;79;207
24;;Mikkel Mac;Antoine Doquin;Dennis Lind;;Chevrolet Corvette Z06 GT3 R;43;4:20.063;1:26.320;79;1:21.605;79;1:32.138;79;79
24;;Mikkel Mac;Antoine Doquin;Dennis Lind;;Chevrolet Corvette Z06 GT3 R;44;3:52.537;1:26.522;79;1:21.624;79;1:04.391;225;79
24;;Mikkel Mac;Antoine Doquin;Dennis Lind;;Chevrolet Corvette Z06 GT3 R;45;2:37.203;45.144;102;1:07.829;81;44.230;227;184
Bib;Class;Driver1;Driver2;Driver3;Driver4;Car;Lap;Time;Sector1Time;SpeedTrap1;Sector2Time;SpeedTrap2;Sector3Time;SpeedTrap3;TopSpeed
24;;Mikkel Mac;Antoine Doquin;Dennis Lind;;Chevrolet Corvette Z06 GT3 R;46;1:51.494;35.362;246;38.377;249;37.755;230;262
24;;Mikkel Mac;Antoine Doquin;Dennis Lind;;Chevrolet Corvette Z06 GT3 R;47;1:53.603;34.727;249;37.421;249;41.455;234;265
24;;Mikkel Mac;Antoine Doquin;Dennis Lind;;Chevrolet Corvette Z06 GT3 R;48;1:49.985;34.691;251;37.774;240;37.520;234;273
24;;Mikkel Mac;Antoine Doquin;Dennis Lind;;Chevrolet Corvette Z06 GT3 R;49;1:52.142;35.427;253;38.550;257;38.165;234;273
24;;Mikkel Mac;Antoine Doquin;Dennis Lind;;Chevrolet Corvette Z06 GT3 R;50;1:51.045;34.856;251;38.530;252;37.659;233;269
24;;Mikkel Mac;Antoine Doquin;Dennis Lind;;Chevrolet Corvette Z06 GT3 R;51;1:48.541;34.335;251;36.806;252;37.400;232;271
24;;Mikkel Mac;Antoine Doquin;Dennis Lind;;Chevrolet Corvette Z06 GT3 R;52;1:48.107;34.376;250;36.736;253;36.995;232;271
24;;Mikkel Mac;Antoine Doquin;Dennis Lind;;Chevrolet Corvette Z06 GT3 R;53;1:47.929;34.370;251;36.760;254;36.799;232;269
24;;Mikkel Mac;Antoine Doquin;Dennis Lind;;Chevrolet Corvette Z06 GT3 R;54;1:48.062;34.408;250;36.844;254;36.810;232;269
24;;Mikkel Mac;Antoine Doquin;Dennis Lind;;Chevrolet Corvette Z06 GT3 R;55;1:47.738;34.320;249;36.594;253;36.824;233;269
Bib;Class;Driver1;Driver2;Driver3;Driver4;Car;Lap;Time;Sector1Time;SpeedTrap1;Sector2Time;SpeedTrap2;Sector3Time;SpeedTrap3;TopSpeed
24;;Mikkel Mac;Antoine Doquin;Dennis Lind;;Chevrolet Corvette Z06 GT3 R;56;1:55.242;34.484;248;36.593;253;44.165;;269
24;;Mikkel Mac;Antoine Doquin;Dennis Lind;;Chevrolet Corvette Z06 GT3 R;57;3:09.815;1:56.176;250;36.838;252;36.801;232;207
24;;Mikkel Mac;Antoine Doquin;Dennis Lind;;Chevrolet Corvette Z06 GT3 R;58;1:48.720;34.330;249;37.556;231;36.834;234;270
24;;Mikkel Mac;Antoine Doquin;Dennis Lind;;Chevrolet Corvette Z06 GT3 R;59;1:47.596;34.157;250;36.660;255;36.779;233;272
24;;Mikkel Mac;Antoine Doquin;Dennis Lind;;Chevrolet Corvette Z06 GT3 R;60;1:47.788;34.618;250;36.582;253;36.588;232;258
24;;Mikkel Mac;Antoine Doquin;Dennis Lind;;Chevrolet Corvette Z06 GT3 R;61;1:48.453;34.806;211;36.918;254;36.729;233;269
24;;Mikkel Mac;Antoine Doquin;Dennis Lind;;Chevrolet Corvette Z06 GT3 R;62;1:47.325;34.179;251;36.434;253;36.712;233;263
24;;Mikkel Mac;Antoine Doquin;Dennis Lind;;Chevrolet Corvette Z06 GT3 R;63;1:47.680;34.088;249;36.800;255;36.792;234;261
24;;Mikkel Mac;Antoine Doquin;Dennis Lind;;Chevrolet Corvette Z06 GT3 R;64;1:47.794;34.255;252;36.724;255;36.815;234;256
24;;Mikkel Mac;Antoine Doquin;Dennis Lind;;Chevrolet Corvette Z06 GT3 R;65;1:47.618;34.236;252;36.707;256;36.675;233;269
Bib;Class;Driver1;Driver2;Driver3;Driver4;Car;Lap;Time;Sector1Time;SpeedTrap1;Sector2Time;SpeedTrap2;Sector3Time;SpeedTrap3;TopSpeed
24;;Mikkel Mac;Antoine Doquin;Dennis Lind;;Chevrolet Corvette Z06 GT3 R;66;1:47.833;34.242;252;36.770;254;36.821;232;270
24;;Mikkel Mac;Antoine Doquin;Dennis Lind;;Chevrolet Corvette Z06 GT3 R;67;1:47.244;34.124;249;36.490;253;36.630;233;272
24;;Mikkel Mac;Antoine Doquin;Dennis Lind;;Chevrolet Corvette Z06 GT3 R;68;1:47.398;34.230;249;36.554;253;36.614;232;269
24;;Mikkel Mac;Antoine Doquin;Dennis Lind;;Chevrolet Corvette Z06 GT3 R;69;1:47.352;34.234;251;36.540;255;36.578;234;270
24;;Mikkel Mac;Antoine Doquin;Dennis Lind;;Chevrolet Corvette Z06 GT3 R;70;1:47.730;33.994;252;36.462;256;37.274;235;268
24;;Mikkel Mac;Antoine Doquin;Dennis Lind;;Chevrolet Corvette Z06 GT3 R;71;1:47.760;34.273;251;36.608;255;36.879;234;257
24;;Mikkel Mac;Antoine Doquin;Dennis Lind;;Chevrolet Corvette Z06 GT3 R;72;3:37.118;43.172;79;1:21.758;79;1:32.188;79;257
24;;Mikkel Mac;Antoine Doquin;Dennis Lind;;Chevrolet Corvette Z06 GT3 R;73;4:20.163;1:26.450;79;1:21.562;79;1:32.151;79;79
24;;Mikkel Mac;Antoine Doquin;Dennis Lind;;Chevrolet Corvette Z06 GT3 R;74;3:31.253;1:26.434;79;1:14.513;162;50.306;187;79
24;;Mikkel Mac;Antoine Doquin;Dennis Lind;;Chevrolet Corvette Z06 GT3 R;75;1:58.313;39.690;214;38.821;217;39.802;233;213
Bib;Class;Driver1;Driver2;Driver3;Driver4;Car;Lap;Time;Sector1Time;SpeedTrap1;Sector2Time;SpeedTrap2;Sector3Time;SpeedTrap3;TopSpeed
24;;Mikkel Mac;Antoine Doquin;Dennis Lind;;Chevrolet Corvette Z06 GT3 R;76;2:06.600;37.496;150;48.528;201;40.576;229;237
24;;Mikkel Mac;Antoine Doquin;Dennis Lind;;Chevrolet Corvette Z06 GT3 R;77;1:54.371;36.849;248;37.812;256;39.710;232;263
24;;Mikkel Mac;Antoine Doquin;Dennis Lind;;Chevrolet Corvette Z06 GT3 R;78;2:06.931;36.262;255;48.474;160;42.195;161;218
24;;Mikkel Mac;Antoine Doquin;Dennis Lind;;Chevrolet Corvette Z06 GT3 R;79;4:10.687;1:32.614;61;1:25.095;71;1:12.978;93;19
25;;Ezequiel Perez Companc;Etienne Cheli;Ivan Klymenko;;Audi R8 LMS GT3 EVO II;1;2:37.856;43.710;246;40.667;174;1:13.479;76;183
25;;Ezequiel Perez Companc;Etienne Cheli;Ivan Klymenko;;Audi R8 LMS GT3 EVO II;2;4:23.243;1:46.807;76;1:21.416;126;1:15.020;112;26
25;;Ezequiel Perez Companc;Etienne Cheli;Ivan Klymenko;;Audi R8 LMS GT3 EVO II;3;3:25.729;1:23.972;90;1:03.408;172;58.349;94;108
25;;Ezequiel Perez Companc;Etienne Cheli;Ivan Klymenko;;Audi R8 LMS GT3 EVO II;4;2:48.972;1:05.994;136;53.366;216;49.612;174;89
25;;Ezequiel Perez Companc;Etienne Cheli;Ivan Klymenko;;Audi R8 LMS GT3 EVO II;5;2:32.748;46.470;105;52.353;223;53.925;104;128
Bib;Class;Driver1;Driver2;Driver3;Driver4;Car;Lap;Time;Sector1Time;SpeedTrap1;Sector2Time;SpeedTrap2;Sector3Time;SpeedTrap3;TopSpeed
25;;Ezequiel Perez Companc;Etienne Cheli;Ivan Klymenko;;Audi R8 LMS GT3 EVO II;6;2:49.388;59.889;117;57.846;157;51.653;232;110
25;;Ezequiel Perez Companc;Etienne Cheli;Ivan Klymenko;;Audi R8 LMS GT3 EVO II;7;1:49.786;35.083;250;37.437;250;37.266;232;262
25;;Ezequiel Perez Companc;Etienne Cheli;Ivan Klymenko;;Audi R8 LMS GT3 EVO II;8;1:49.089;34.556;250;37.238;251;37.295;232;268
25;;Ezequiel Perez Companc;Etienne Cheli;Ivan Klymenko;;Audi R8 LMS GT3 EVO II;9;1:48.704;34.594;250;36.842;251;37.268;232;269
25;;Ezequiel Perez Companc;Etienne Cheli;Ivan Klymenko;;Audi R8 LMS GT3 EVO II;10;1:48.570;34.410;250;37.087;252;37.073;233;270
25;;Ezequiel Perez Companc;Etienne Cheli;Ivan Klymenko;;Audi R8 LMS GT3 EVO II;11;1:48.368;34.424;249;37.073;252;36.871;234;269
25;;Ezequiel Perez Companc;Etienne Cheli;Ivan Klymenko;;Audi R8 LMS GT3 EVO II;12;1:48.461;34.413;249;37.073;250;36.975;234;269
25;;Ezequiel Perez Companc;Etienne Cheli;Ivan Klymenko;;Audi R8 LMS GT3 EVO II;13;1:47.808;34.269;250;36.658;252;36.881;233;270
25;;Ezequiel Perez Companc;Etienne Cheli;Ivan Klymenko;;Audi R8 LMS GT3 EVO II;14;1:47.884;34.341;250;36.665;252;36.878;233;271
Bib;Class;Driver1;Driver2;Driver3;Driver4;Car;Lap;Time;Sector1Time;SpeedTrap1;Sector2Time;SpeedTrap2;Sector3Time;SpeedTrap3;TopSpeed
25;;Ezequiel Perez Companc;Etienne Cheli;Ivan Klymenko;;Audi R8 LMS GT3 EVO II;15;1:47.880;34.364;249;36.608;252;36.908;234;269
25;;Ezequiel Perez Companc;Etienne Cheli;Ivan Klymenko;;Audi R8 LMS GT3 EVO II;16;1:48.050;34.341;249;36.756;252;36.953;233;271
25;;Ezequiel Perez Companc;Etienne Cheli;Ivan Klymenko;;Audi R8 LMS GT3 EVO II;17;1:47.720;34.305;250;36.706;253;36.709;233;269
25;;Ezequiel Perez Companc;Etienne Cheli;Ivan Klymenko;;Audi R8 LMS GT3 EVO II;18;1:47.770;34.448;248;36.630;253;36.692;234;268
25;;Ezequiel Perez Companc;Etienne Cheli;Ivan Klymenko;;Audi R8 LMS GT3 EVO II;19;1:47.386;34.241;249;36.529;254;36.616;233;269
25;;Ezequiel Perez Companc;Etienne Cheli;Ivan Klymenko;;Audi R8 LMS GT3 EVO II;20;1:47.422;34.233;249;36.419;253;36.770;234;269
25;;Ezequiel Perez Companc;Etienne Cheli;Ivan Klymenko;;Audi R8 LMS GT3 EVO II;21;1:47.619;34.359;250;36.713;253;36.547;233;271
25;;Ezequiel Perez Companc;Etienne Cheli;Ivan Klymenko;;Audi R8 LMS GT3 EVO II;22;1:47.685;34.225;250;36.743;253;36.717;233;269
25;;Ezequiel Perez Companc;Etienne Cheli;Ivan Klymenko;;Audi R8 LMS GT3 EVO II;23;1:47.832;34.299;249;36.670;253;36.863;232;268
Bib;Class;Driver1;Driver2;Driver3;Driver4;Car;Lap;Time;Sector1Time;SpeedTrap1;Sector2Time;SpeedTrap2;Sector3Time;SpeedTrap3;TopSpeed
25;;Ezequiel Perez Companc;Etienne Cheli;Ivan Klymenko;;Audi R8 LMS GT3 EVO II;24;3:25.165;34.296;249;1:15.657;78;1:35.212;;267
25;;Ezequiel Perez Companc;Etienne Cheli;Ivan Klymenko;;Audi R8 LMS GT3 EVO II;25;5:25.686;2:31.277;78;1:21.902;78;1:32.507;78;78
25;;Ezequiel Perez Companc;Etienne Cheli;Ivan Klymenko;;Audi R8 LMS GT3 EVO II;26;4:21.115;1:26.391;78;1:21.930;78;1:32.794;78;78
25;;Ezequiel Perez Companc;Etienne Cheli;Ivan Klymenko;;Audi R8 LMS GT3 EVO II;27;3:23.576;1:26.748;78;59.985;233;56.843;121;78
25;;Ezequiel Perez Companc;Etienne Cheli;Ivan Klymenko;;Audi R8 LMS GT3 EVO II;28;2:49.375;1:05.331;112;53.727;170;50.317;230;104
25;;Ezequiel Perez Companc;Etienne Cheli;Ivan Klymenko;;Audi R8 LMS GT3 EVO II;29;1:49.918;35.122;247;37.389;251;37.407;231;267
25;;Ezequiel Perez Companc;Etienne Cheli;Ivan Klymenko;;Audi R8 LMS GT3 EVO II;30;1:48.958;34.771;248;37.013;250;37.174;230;268
25;;Ezequiel Perez Companc;Etienne Cheli;Ivan Klymenko;;Audi R8 LMS GT3 EVO II;31;1:48.218;34.522;248;36.756;252;36.940;230;267
25;;Ezequiel Perez Companc;Etienne Cheli;Ivan Klymenko;;Audi R8 LMS GT3 EVO II;32;1:48.030;34.505;247;36.682;251;36.843;231;267
Bib;Class;Driver1;Driver2;Driver3;Driver4;Car;Lap;Time;Sector1Time;SpeedTrap1;Sector2Time;SpeedTrap2;Sector3Time;SpeedTrap3;TopSpeed
25;;Ezequiel Perez Companc;Etienne Cheli;Ivan Klymenko;;Audi R8 LMS GT3 EVO II;33;1:48.149;34.615;248;36.647;251;36.887;230;267
25;;Ezequiel Perez Companc;Etienne Cheli;Ivan Klymenko;;Audi R8 LMS GT3 EVO II;34;1:55.290;34.528;248;36.818;251;43.944;78;267
25;;Ezequiel Perez Companc;Etienne Cheli;Ivan Klymenko;;Audi R8 LMS GT3 EVO II;35;2:24.408;1:10.155;230;37.280;249;36.973;231;78
25;;Ezequiel Perez Companc;Etienne Cheli;Ivan Klymenko;;Audi R8 LMS GT3 EVO II;36;1:47.996;34.503;247;36.610;250;36.883;232;267
25;;Ezequiel Perez Companc;Etienne Cheli;Ivan Klymenko;;Audi R8 LMS GT3 EVO II;37;1:47.712;34.465;248;36.584;250;36.663;231;267
25;;Ezequiel Perez Companc;Etienne Cheli;Ivan Klymenko;;Audi R8 LMS GT3 EVO II;38;1:47.744;34.382;248;36.563;250;36.799;232;267
25;;Ezequiel Perez Companc;Etienne Cheli;Ivan Klymenko;;Audi R8 LMS GT3 EVO II;39;1:47.702;34.408;248;36.479;252;36.815;232;268
25;;Ezequiel Perez Companc;Etienne Cheli;Ivan Klymenko;;Audi R8 LMS GT3 EVO II;40;1:48.474;34.220;249;37.275;246;36.979;233;269
25;;Ezequiel Perez Companc;Etienne Cheli;Ivan Klymenko;;Audi R8 LMS GT3 EVO II;41;1:47.563;34.305;248;36.491;253;36.767;232;269
Bib;Class;Driver1;Driver2;Driver3;Driver4;Car;Lap;Time;Sector1Time;SpeedTrap1;Sector2Time;SpeedTrap2;Sector3Time;SpeedTrap3;TopSpeed
25;;Ezequiel Perez Companc;Etienne Cheli;Ivan Klymenko;;Audi R8 LMS GT3 EVO II;42;1:48.314;34.409;248;36.553;253;37.352;232;269
25;;Ezequiel Perez Companc;Etienne Cheli;Ivan Klymenko;;Audi R8 LMS GT3 EVO II;43;3:12.275;34.353;247;1:05.387;78;1:32.535;78;267
25;;Ezequiel Perez Companc;Etienne Cheli;Ivan Klymenko;;Audi R8 LMS GT3 EVO II;44;4:25.925;1:26.276;78;1:22.637;78;1:37.012;;78
25;;Ezequiel Perez Companc;Etienne Cheli;Ivan Klymenko;;Audi R8 LMS GT3 EVO II;45;4:32.233;2:32.863;78;1:18.393;132;40.977;228;78
25;;Ezequiel Perez Companc;Etienne Cheli;Ivan Klymenko;;Audi R8 LMS GT3 EVO II;46;2:50.183;36.149;168;1:05.490;98;1:08.544;127;254
25;;Ezequiel Perez Companc;Etienne Cheli;Ivan Klymenko;;Audi R8 LMS GT3 EVO II;47;2:57.780;1:06.770;95;55.444;190;55.566;230;98
25;;Ezequiel Perez Companc;Etienne Cheli;Ivan Klymenko;;Audi R8 LMS GT3 EVO II;48;1:50.218;35.335;248;37.580;251;37.303;231;262
25;;Ezequiel Perez Companc;Etienne Cheli;Ivan Klymenko;;Audi R8 LMS GT3 EVO II;49;1:49.537;34.961;250;37.211;253;37.365;232;269
25;;Ezequiel Perez Companc;Etienne Cheli;Ivan Klymenko;;Audi R8 LMS GT3 EVO II;50;1:48.668;34.414;249;37.017;253;37.237;232;272
Bib;Class;Driver1;Driver2;Driver3;Driver4;Car;Lap;Time;Sector1Time;SpeedTrap1;Sector2Time;SpeedTrap2;Sector3Time;SpeedTrap3;TopSpeed
25;;Ezequiel Perez Companc;Etienne Cheli;Ivan Klymenko;;Audi R8 LMS GT3 EVO II;51;1:49.579;35.180;248;37.387;251;37.012;232;271
25;;Ezequiel Perez Companc;Etienne Cheli;Ivan Klymenko;;Audi R8 LMS GT3 EVO II;52;1:48.407;34.345;249;37.148;251;36.914;231;269
25;;Ezequiel Perez Companc;Etienne Cheli;Ivan Klymenko;;Audi R8 LMS GT3 EVO II;53;1:47.631;34.300;249;36.570;251;36.761;231;268
25;;Ezequiel Perez Companc;Etienne Cheli;Ivan Klymenko;;Audi R8 LMS GT3 EVO II;54;1:48.369;34.288;250;37.154;252;36.927;231;267
25;;Ezequiel Perez Companc;Etienne Cheli;Ivan Klymenko;;Audi R8 LMS GT3 EVO II;55;1:48.566;34.311;248;36.915;253;37.340;231;267
25;;Ezequiel Perez Companc;Etienne Cheli;Ivan Klymenko;;Audi R8 LMS GT3 EVO II;56;1:49.192;35.136;249;37.241;253;36.815;232;268
25;;Ezequiel Perez Companc;Etienne Cheli;Ivan Klymenko;;Audi R8 LMS GT3 EVO II;57;1:47.662;34.278;249;36.566;252;36.818;233;267
25;;Ezequiel Perez Companc;Etienne Cheli;Ivan Klymenko;;Audi R8 LMS GT3 EVO II;58;1:48.029;34.465;250;36.763;252;36.801;234;268
25;;Ezequiel Perez Companc;Etienne Cheli;Ivan Klymenko;;Audi R8 LMS GT3 EVO II;59;1:47.511;34.160;250;36.714;253;36.637;234;272
Bib;Class;Driver1;Driver2;Driver3;Driver4;Car;Lap;Time;Sector1Time;SpeedTrap1;Sector2Time;SpeedTrap2;Sector3Time;SpeedTrap3;TopSpeed
25;;Ezequiel Perez Companc;Etienne Cheli;Ivan Klymenko;;Audi R8 LMS GT3 EVO II;60;1:47.901;34.230;250;36.766;255;36.905;233;272
25;;Ezequiel Perez Companc;Etienne Cheli;Ivan Klymenko;;Audi R8 LMS GT3 EVO II;61;1:48.492;34.483;247;37.120;249;36.889;232;270
25;;Ezequiel Perez Companc;Etienne Cheli;Ivan Klymenko;;Audi R8 LMS GT3 EVO II;62;1:47.590;34.307;250;36.574;252;36.709;232;269
25;;Ezequiel Perez Companc;Etienne Cheli;Ivan Klymenko;;Audi R8 LMS GT3 EVO II;63;1:47.392;34.211;249;36.517;252;36.664;232;268
25;;Ezequiel Perez Companc;Etienne Cheli;Ivan Klymenko;;Audi R8 LMS GT3 EVO II;64;1:47.583;34.175;249;36.628;253;36.780;234;270
25;;Ezequiel Perez Companc;Etienne Cheli;Ivan Klymenko;;Audi R8 LMS GT3 EVO II;65;1:47.251;34.227;252;36.491;253;36.533;232;271
25;;Ezequiel Perez Companc;Etienne Cheli;Ivan Klymenko;;Audi R8 LMS GT3 EVO II;66;1:47.198;34.199;249;36.430;253;36.569;233;269
25;;Ezequiel Perez Companc;Etienne Cheli;Ivan Klymenko;;Audi R8 LMS GT3 EVO II;67;1:47.216;34.114;249;36.389;254;36.713;233;270
25;;Ezequiel Perez Companc;Etienne Cheli;Ivan Klymenko;;Audi R8 LMS GT3 EVO II;68;1:47.491;34.294;250;36.489;254;36.708;233;271
Bib;Class;Driver1;Driver2;Driver3;Driver4;Car;Lap;Time;Sector1Time;SpeedTrap1;Sector2Time;SpeedTrap2;Sector3Time;SpeedTrap3;TopSpeed
25;;Ezequiel Perez Companc;Etienne Cheli;Ivan Klymenko;;Audi R8 LMS GT3 EVO II;69;1:47.345;34.110;250;36.524;254;36.711;232;270
25;;Ezequiel Perez Companc;Etienne Cheli;Ivan Klymenko;;Audi R8 LMS GT3 EVO II;70;1:48.694;34.545;252;37.482;253;36.667;234;270
25;;Ezequiel Perez Companc;Etienne Cheli;Ivan Klymenko;;Audi R8 LMS GT3 EVO II;71;1:47.966;34.164;250;36.513;253;37.289;233;269
25;;Ezequiel Perez Companc;Etienne Cheli;Ivan Klymenko;;Audi R8 LMS GT3 EVO II;72;1:47.697;34.226;249;36.507;254;36.964;233;268
25;;Ezequiel Perez Companc;Etienne Cheli;Ivan Klymenko;;Audi R8 LMS GT3 EVO II;73;3:39.661;43.135;78;1:21.702;78;1:34.824;;272
25;;Ezequiel Perez Companc;Etienne Cheli;Ivan Klymenko;;Audi R8 LMS GT3 EVO II;74;5:05.971;2:08.602;78;1:22.046;78;1:35.323;;78
25;;Ezequiel Perez Companc;Etienne Cheli;Ivan Klymenko;;Audi R8 LMS GT3 EVO II;75;3:49.772;2:06.842;237;39.491;245;1:03.439;119;78
25;;Ezequiel Perez Companc;Etienne Cheli;Ivan Klymenko;;Audi R8 LMS GT3 EVO II;76;2:48.660;1:03.464;132;51.366;211;53.830;232;107
25;;Ezequiel Perez Companc;Etienne Cheli;Ivan Klymenko;;Audi R8 LMS GT3 EVO II;77;1:51.471;35.740;249;37.810;253;37.921;235;248
Bib;Class;Driver1;Driver2;Driver3;Driver4;Car;Lap;Time;Sector1Time;SpeedTrap1;Sector2Time;SpeedTrap2;Sector3Time;SpeedTrap3;TopSpeed
25;;Ezequiel Perez Companc;Etienne Cheli;Ivan Klymenko;;Audi R8 LMS GT3 EVO II;78;;;;;;;;264
30;;Ignacio Montenegro;Matisse Lismont;Amaury Cordeel;;BMW M4 GT3 EVO;1;2:56.475;48.705;211;49.072;115;1:18.698;;166
30;;Ignacio Montenegro;Matisse Lismont;Amaury Cordeel;;BMW M4 GT3 EVO;2;4:51.722;2:11.874;118;1:19.120;115;1:20.728;;75
30;;Ignacio Montenegro;Matisse Lismont;Amaury Cordeel;;BMW M4 GT3 EVO;3;3:13.012;1:14.152;109;1:06.612;142;52.248;187;131
30;;Ignacio Montenegro;Matisse Lismont;Amaury Cordeel;;BMW M4 GT3 EVO;4;2:45.268;1:00.148;119;52.952;129;52.168;;79
30;;Ignacio Montenegro;Matisse Lismont;Amaury Cordeel;;BMW M4 GT3 EVO;5;2:22.544;1:05.446;226;38.700;230;38.398;227;189
30;;Ignacio Montenegro;Matisse Lismont;Amaury Cordeel;;BMW M4 GT3 EVO;6;2:37.337;53.684;128;55.619;141;48.034;231;90
30;;Ignacio Montenegro;Matisse Lismont;Amaury Cordeel;;BMW M4 GT3 EVO;7;1:53.789;35.956;242;39.163;250;38.670;231;244
30;;Ignacio Montenegro;Matisse Lismont;Amaury Cordeel;;BMW M4 GT3 EVO;8;1:49.599;35.355;248;37.372;250;36.872;232;264
30;;Ignacio Montenegro;Matisse Lismont;Amaury Cordeel;;BMW M4 GT3 EVO;9;1:49.525;34.637;249;37.519;251;37.369;231;267
30;;Ignacio Montenegro;Matisse Lismont;Amaury Cordeel;;BMW M4 GT3 EVO;10;1:49.824;35.469;249;36.890;253;37.465;233;265
30;;Ignacio Montenegro;Matisse Lismont;Amaury Cordeel;;BMW M4 GT3 EVO;11;1:49.241;35.257;250;36.867;252;37.117;232;261
Bib;Class;Driver1;Driver2;Driver3;Driver4;Car;Lap;Time;Sector1Time;SpeedTrap1;Sector2Time;SpeedTrap2;Sector3Time;SpeedTrap3;TopSpeed
30;;Ignacio Montenegro;Matisse Lismont;Amaury Cordeel;;BMW M4 GT3 EVO;12;1:49.406;34.949;249;36.945;252;37.512;234;268
30;;Ignacio Montenegro;Matisse Lismont;Amaury Cordeel;;BMW M4 GT3 EVO;13;1:49.949;35.059;245;37.607;252;37.283;231;267
30;;Ignacio Montenegro;Matisse Lismont;Amaury Cordeel;;BMW M4 GT3 EVO;14;1:48.547;34.543;249;36.873;250;37.131;233;267
30;;Ignacio Montenegro;Matisse Lismont;Amaury Cordeel;;BMW M4 GT3 EVO;15;1:48.888;35.183;249;36.866;249;36.839;232;267
30;;Ignacio Montenegro;Matisse Lismont;Amaury Cordeel;;BMW M4 GT3 EVO;16;1:47.965;34.479;249;36.758;252;36.728;232;266
30;;Ignacio Montenegro;Matisse Lismont;Amaury Cordeel;;BMW M4 GT3 EVO;17;1:48.290;34.515;248;36.924;250;36.851;231;266
30;;Ignacio Montenegro;Matisse Lismont;Amaury Cordeel;;BMW M4 GT3 EVO;18;1:48.076;34.479;247;36.717;250;36.880;232;265
30;;Ignacio Montenegro;Matisse Lismont;Amaury Cordeel;;BMW M4 GT3 EVO;19;1:48.125;34.502;249;36.751;252;36.872;231;267
30;;Ignacio Montenegro;Matisse Lismont;Amaury Cordeel;;BMW M4 GT3 EVO;20;1:48.286;34.574;248;36.630;250;37.082;231;266
30;;Ignacio Montenegro;Matisse Lismont;Amaury Cordeel;;BMW M4 GT3 EVO;21;1:48.285;34.484;248;36.870;251;36.931;231;267
30;;Ignacio Montenegro;Matisse Lismont;Amaury Cordeel;;BMW M4 GT3 EVO;22;1:48.117;34.555;249;36.714;250;36.848;231;265
30;;Ignacio Montenegro;Matisse Lismont;Amaury Cordeel;;BMW M4 GT3 EVO;23;1:48.251;34.510;248;36.720;251;37.021;232;265
30;;Ignacio Montenegro;Matisse Lismont;Amaury Cordeel;;BMW M4 GT3 EVO;24;3:54.325;59.343;79;1:22.258;78;1:32.724;79;244
Bib;Class;Driver1;Driver2;Driver3;Driver4;Car;Lap;Time;Sector1Time;SpeedTrap1;Sector2Time;SpeedTrap2;Sector3Time;SpeedTrap3;TopSpeed
30;;Ignacio Montenegro;Matisse Lismont;Amaury Cordeel;;BMW M4 GT3 EVO;25;4:24.720;1:27.240;79;1:21.997;79;1:35.483;;79
30;;Ignacio Montenegro;Matisse Lismont;Amaury Cordeel;;BMW M4 GT3 EVO;26;5:24.853;2:27.508;79;1:21.854;78;1:35.491;;78
30;;Ignacio Montenegro;Matisse Lismont;Amaury Cordeel;;BMW M4 GT3 EVO;27;2:54.765;1:29.729;101;44.368;214;40.668;167;78
30;;Ignacio Montenegro;Matisse Lismont;Amaury Cordeel;;BMW M4 GT3 EVO;28;2:31.143;59.473;93;52.568;187;39.102;231;83
30;;Ignacio Montenegro;Matisse Lismont;Amaury Cordeel;;BMW M4 GT3 EVO;29;1:50.195;34.774;248;37.556;252;37.865;231;267
30;;Ignacio Montenegro;Matisse Lismont;Amaury Cordeel;;BMW M4 GT3 EVO;30;1:50.208;35.203;250;37.643;252;37.362;232;262
30;;Ignacio Montenegro;Matisse Lismont;Amaury Cordeel;;BMW M4 GT3 EVO;31;1:50.229;35.779;244;37.393;253;37.057;232;267
30;;Ignacio Montenegro;Matisse Lismont;Amaury Cordeel;;BMW M4 GT3 EVO;32;1:48.918;35.042;249;36.835;252;37.041;232;264
30;;Ignacio Montenegro;Matisse Lismont;Amaury Cordeel;;BMW M4 GT3 EVO;33;1:49.395;34.561;250;37.521;252;37.313;233;269
30;;Ignacio Montenegro;Matisse Lismont;Amaury Cordeel;;BMW M4 GT3 EVO;34;2:23.063;35.216;249;36.918;252;1:10.929;79;263
30;;Ignacio Montenegro;Matisse Lismont;Amaury Cordeel;;BMW M4 GT3 EVO;35;2:03.224;48.654;249;37.410;251;37.160;234;207
30;;Ignacio Montenegro;Matisse Lismont;Amaury Cordeel;;BMW M4 GT3 EVO;36;1:48.567;34.563;249;36.981;252;37.023;232;269
30;;Ignacio Montenegro;Matisse Lismont;Amaury Cordeel;;BMW M4 GT3 EVO;37;1:49.345;34.556;250;37.738;252;37.051;232;267
Bib;Class;Driver1;Driver2;Driver3;Driver4;Car;Lap;Time;Sector1Time;SpeedTrap1;Sector2Time;SpeedTrap2;Sector3Time;SpeedTrap3;TopSpeed
30;;Ignacio Montenegro;Matisse Lismont;Amaury Cordeel;;BMW M4 GT3 EVO;38;1:48.445;34.463;249;37.032;251;36.950;232;264
30;;Ignacio Montenegro;Matisse Lismont;Amaury Cordeel;;BMW M4 GT3 EVO;39;1:47.918;34.451;248;36.636;251;36.831;233;268
30;;Ignacio Montenegro;Matisse Lismont;Amaury Cordeel;;BMW M4 GT3 EVO;40;1:48.099;34.502;248;36.769;252;36.828;234;268
30;;Ignacio Montenegro;Matisse Lismont;Amaury Cordeel;;BMW M4 GT3 EVO;41;1:48.429;34.502;248;36.804;252;37.123;233;263
30;;Ignacio Montenegro;Matisse Lismont;Amaury Cordeel;;BMW M4 GT3 EVO;42;1:48.302;34.458;249;36.880;252;36.964;233;269
30;;Ignacio Montenegro;Matisse Lismont;Amaury Cordeel;;BMW M4 GT3 EVO;43;3:51.624;54.569;79;1:21.681;79;1:35.374;;260
30;;Ignacio Montenegro;Matisse Lismont;Amaury Cordeel;;BMW M4 GT3 EVO;44;4:34.999;1:40.531;79;1:21.811;79;1:32.657;78;79
30;;Ignacio Montenegro;Matisse Lismont;Amaury Cordeel;;BMW M4 GT3 EVO;45;3:29.695;1:27.313;79;1:16.447;131;45.935;223;78
30;;Ignacio Montenegro;Matisse Lismont;Amaury Cordeel;;BMW M4 GT3 EVO;46;2:45.298;36.671;224;1:00.129;130;1:08.498;107;216
30;;Ignacio Montenegro;Matisse Lismont;Amaury Cordeel;;BMW M4 GT3 EVO;47;2:54.661;1:06.296;96;55.410;202;52.955;233;87
30;;Ignacio Montenegro;Matisse Lismont;Amaury Cordeel;;BMW M4 GT3 EVO;48;1:50.781;35.455;248;37.589;252;37.737;233;257
30;;Ignacio Montenegro;Matisse Lismont;Amaury Cordeel;;BMW M4 GT3 EVO;49;1:51.233;35.802;248;37.661;252;37.770;233;257
30;;Ignacio Montenegro;Matisse Lismont;Amaury Cordeel;;BMW M4 GT3 EVO;50;1:49.088;34.552;250;37.307;252;37.229;233;267
Bib;Class;Driver1;Driver2;Driver3;Driver4;Car;Lap;Time;Sector1Time;SpeedTrap1;Sector2Time;SpeedTrap2;Sector3Time;SpeedTrap3;TopSpeed
30;;Ignacio Montenegro;Matisse Lismont;Amaury Cordeel;;BMW M4 GT3 EVO;51;1:49.072;34.548;252;37.349;252;37.175;233;266
30;;Ignacio Montenegro;Matisse Lismont;Amaury Cordeel;;BMW M4 GT3 EVO;52;1:48.893;34.561;250;37.070;252;37.262;233;270
30;;Ignacio Montenegro;Matisse Lismont;Amaury Cordeel;;BMW M4 GT3 EVO;53;1:48.275;34.412;252;37.008;251;36.855;233;265
30;;Ignacio Montenegro;Matisse Lismont;Amaury Cordeel;;BMW M4 GT3 EVO;54;1:48.801;34.512;250;37.212;252;37.077;234;268
30;;Ignacio Montenegro;Matisse Lismont;Amaury Cordeel;;BMW M4 GT3 EVO;55;1:48.181;34.439;248;36.850;251;36.892;233;267
30;;Ignacio Montenegro;Matisse Lismont;Amaury Cordeel;;BMW M4 GT3 EVO;56;1:47.876;34.523;248;36.753;251;36.600;233;267
30;;Ignacio Montenegro;Matisse Lismont;Amaury Cordeel;;BMW M4 GT3 EVO;57;1:55.104;34.369;249;36.573;252;44.162;;267
30;;Ignacio Montenegro;Matisse Lismont;Amaury Cordeel;;BMW M4 GT3 EVO;58;3:06.663;1:51.594;244;37.785;248;37.284;231;200
30;;Ignacio Montenegro;Matisse Lismont;Amaury Cordeel;;BMW M4 GT3 EVO;59;1:48.313;34.609;246;36.837;250;36.867;231;266
30;;Ignacio Montenegro;Matisse Lismont;Amaury Cordeel;;BMW M4 GT3 EVO;60;1:48.068;34.667;246;36.606;250;36.795;231;267
30;;Ignacio Montenegro;Matisse Lismont;Amaury Cordeel;;BMW M4 GT3 EVO;61;1:47.643;34.527;248;36.499;250;36.617;231;265
30;;Ignacio Montenegro;Matisse Lismont;Amaury Cordeel;;BMW M4 GT3 EVO;62;1:48.105;34.491;248;36.643;250;36.971;231;267
30;;Ignacio Montenegro;Matisse Lismont;Amaury Cordeel;;BMW M4 GT3 EVO;63;1:49.034;35.026;248;36.934;252;37.074;231;253
Bib;Class;Driver1;Driver2;Driver3;Driver4;Car;Lap;Time;Sector1Time;SpeedTrap1;Sector2Time;SpeedTrap2;Sector3Time;SpeedTrap3;TopSpeed
30;;Ignacio Montenegro;Matisse Lismont;Amaury Cordeel;;BMW M4 GT3 EVO;64;1:48.061;34.631;247;36.650;251;36.780;232;266
30;;Ignacio Montenegro;Matisse Lismont;Amaury Cordeel;;BMW M4 GT3 EVO;65;1:48.826;34.548;248;36.910;249;37.368;232;267
30;;Ignacio Montenegro;Matisse Lismont;Amaury Cordeel;;BMW M4 GT3 EVO;66;1:47.913;34.604;248;36.646;251;36.663;231;267
30;;Ignacio Montenegro;Matisse Lismont;Amaury Cordeel;;BMW M4 GT3 EVO;67;1:47.536;34.430;248;36.422;252;36.684;232;268
30;;Ignacio Montenegro;Matisse Lismont;Amaury Cordeel;;BMW M4 GT3 EVO;68;1:48.137;34.481;247;36.933;249;36.723;231;267
30;;Ignacio Montenegro;Matisse Lismont;Amaury Cordeel;;BMW M4 GT3 EVO;69;1:47.902;34.591;248;36.666;252;36.645;231;267
30;;Ignacio Montenegro;Matisse Lismont;Amaury Cordeel;;BMW M4 GT3 EVO;70;1:47.695;34.530;248;36.536;251;36.629;232;267
30;;Ignacio Montenegro;Matisse Lismont;Amaury Cordeel;;BMW M4 GT3 EVO;71;1:48.148;34.451;248;36.871;250;36.826;231;266
30;;Ignacio Montenegro;Matisse Lismont;Amaury Cordeel;;BMW M4 GT3 EVO;72;3:22.447;34.690;246;1:15.439;79;1:32.318;79;267
30;;Ignacio Montenegro;Matisse Lismont;Amaury Cordeel;;BMW M4 GT3 EVO;73;4:21.503;1:27.064;79;1:22.029;79;1:32.410;79;79
30;;Ignacio Montenegro;Matisse Lismont;Amaury Cordeel;;BMW M4 GT3 EVO;74;3:41.280;1:27.436;79;1:22.122;79;51.722;210;79
30;;Ignacio Montenegro;Matisse Lismont;Amaury Cordeel;;BMW M4 GT3 EVO;75;1:56.093;37.712;220;39.832;240;38.549;226;221
30;;Ignacio Montenegro;Matisse Lismont;Amaury Cordeel;;BMW M4 GT3 EVO;76;2:19.775;43.138;120;50.236;177;46.401;231;242
Bib;Class;Driver1;Driver2;Driver3;Driver4;Car;Lap;Time;Sector1Time;SpeedTrap1;Sector2Time;SpeedTrap2;Sector3Time;SpeedTrap3;TopSpeed
30;;Ignacio Montenegro;Matisse Lismont;Amaury Cordeel;;BMW M4 GT3 EVO;77;1:53.721;37.447;249;38.575;252;37.699;232;227
30;;Ignacio Montenegro;Matisse Lismont;Amaury Cordeel;;BMW M4 GT3 EVO;78;2:05.437;37.079;242;44.826;196;43.532;189;244
30;;Ignacio Montenegro;Matisse Lismont;Amaury Cordeel;;BMW M4 GT3 EVO;79;4:09.320;1:30.802;55;1:26.776;80;1:11.742;108;30
32;;Kelvin van der Linde;Jordan Pepper;Charles Weerts;;BMW M4 GT3 EVO;1;2:34.713;43.110;226;39.927;195;1:11.676;87;189
32;;Kelvin van der Linde;Jordan Pepper;Charles Weerts;;BMW M4 GT3 EVO;2;4:26.753;1:47.292;80;1:21.246;85;1:18.215;;30
32;;Kelvin van der Linde;Jordan Pepper;Charles Weerts;;BMW M4 GT3 EVO;3;4:05.405;1:59.544;123;1:07.030;124;58.831;;139
32;;Kelvin van der Linde;Jordan Pepper;Charles Weerts;;BMW M4 GT3 EVO;4;2:35.716;1:04.135;244;45.675;133;45.906;196;197
32;;Kelvin van der Linde;Jordan Pepper;Charles Weerts;;BMW M4 GT3 EVO;5;2:18.739;38.544;224;55.148;132;45.047;186;185
32;;Kelvin van der Linde;Jordan Pepper;Charles Weerts;;BMW M4 GT3 EVO;6;2:43.139;55.210;137;56.059;174;51.870;220;100
32;;Kelvin van der Linde;Jordan Pepper;Charles Weerts;;BMW M4 GT3 EVO;7;1:51.172;36.015;248;37.794;250;37.363;229;263
32;;Kelvin van der Linde;Jordan Pepper;Charles Weerts;;BMW M4 GT3 EVO;8;1:49.537;34.797;246;37.684;248;37.056;230;265
32;;Kelvin van der Linde;Jordan Pepper;Charles Weerts;;BMW M4 GT3 EVO;9;1:47.963;34.673;246;36.621;249;36.669;231;265
32;;Kelvin van der Linde;Jordan Pepper;Charles Weerts;;BMW M4 GT3 EVO;10;1:47.815;34.594;248;36.602;250;36.619;232;265
Bib;Class;Driver1;Driver2;Driver3;Driver4;Car;Lap;Time;Sector1Time;SpeedTrap1;Sector2Time;SpeedTrap2;Sector3Time;SpeedTrap3;TopSpeed
32;;Kelvin van der Linde;Jordan Pepper;Charles Weerts;;BMW M4 GT3 EVO;11;1:47.804;34.415;248;36.586;251;36.803;232;267
32;;Kelvin van der Linde;Jordan Pepper;Charles Weerts;;BMW M4 GT3 EVO;12;1:47.465;34.556;247;36.342;249;36.567;232;267
32;;Kelvin van der Linde;Jordan Pepper;Charles Weerts;;BMW M4 GT3 EVO;13;1:47.597;34.356;249;36.448;250;36.793;231;267
32;;Kelvin van der Linde;Jordan Pepper;Charles Weerts;;BMW M4 GT3 EVO;14;1:47.528;34.331;249;36.559;250;36.638;232;268
32;;Kelvin van der Linde;Jordan Pepper;Charles Weerts;;BMW M4 GT3 EVO;15;1:47.594;34.429;249;36.494;252;36.671;233;267
32;;Kelvin van der Linde;Jordan Pepper;Charles Weerts;;BMW M4 GT3 EVO;16;1:47.235;34.233;250;36.531;253;36.471;232;269
32;;Kelvin van der Linde;Jordan Pepper;Charles Weerts;;BMW M4 GT3 EVO;17;1:48.125;34.390;249;36.623;253;37.112;232;269
32;;Kelvin van der Linde;Jordan Pepper;Charles Weerts;;BMW M4 GT3 EVO;18;1:48.172;34.597;248;36.576;253;36.999;233;269
32;;Kelvin van der Linde;Jordan Pepper;Charles Weerts;;BMW M4 GT3 EVO;19;1:47.932;34.537;250;36.560;253;36.835;234;267
32;;Kelvin van der Linde;Jordan Pepper;Charles Weerts;;BMW M4 GT3 EVO;20;1:48.195;34.329;249;36.836;253;37.030;232;269
32;;Kelvin van der Linde;Jordan Pepper;Charles Weerts;;BMW M4 GT3 EVO;21;1:48.277;34.640;248;36.781;252;36.856;232;267
32;;Kelvin van der Linde;Jordan Pepper;Charles Weerts;;BMW M4 GT3 EVO;22;1:48.275;34.522;249;36.767;252;36.986;231;267
32;;Kelvin van der Linde;Jordan Pepper;Charles Weerts;;BMW M4 GT3 EVO;23;1:47.918;34.582;248;36.500;253;36.836;233;267
Bib;Class;Driver1;Driver2;Driver3;Driver4;Car;Lap;Time;Sector1Time;SpeedTrap1;Sector2Time;SpeedTrap2;Sector3Time;SpeedTrap3;TopSpeed
32;;Kelvin van der Linde;Jordan Pepper;Charles Weerts;;BMW M4 GT3 EVO;24;3:37.231;43.247;79;1:21.676;79;1:32.308;79;268
32;;Kelvin van der Linde;Jordan Pepper;Charles Weerts;;BMW M4 GT3 EVO;25;4:22.805;1:25.845;79;1:21.731;79;1:35.229;;79
32;;Kelvin van der Linde;Jordan Pepper;Charles Weerts;;BMW M4 GT3 EVO;26;5:22.909;2:25.820;79;1:21.776;79;1:35.313;;78
32;;Kelvin van der Linde;Jordan Pepper;Charles Weerts;;BMW M4 GT3 EVO;27;3:18.685;1:40.876;79;50.558;215;47.251;91;78
32;;Kelvin van der Linde;Jordan Pepper;Charles Weerts;;BMW M4 GT3 EVO;28;2:40.978;1:05.262;130;52.809;215;42.907;231;111
32;;Kelvin van der Linde;Jordan Pepper;Charles Weerts;;BMW M4 GT3 EVO;29;1:51.095;35.760;248;38.283;249;37.052;231;265
32;;Kelvin van der Linde;Jordan Pepper;Charles Weerts;;BMW M4 GT3 EVO;30;1:48.988;35.213;248;36.798;250;36.977;231;256
32;;Kelvin van der Linde;Jordan Pepper;Charles Weerts;;BMW M4 GT3 EVO;31;1:49.351;35.218;252;37.357;251;36.776;232;268
32;;Kelvin van der Linde;Jordan Pepper;Charles Weerts;;BMW M4 GT3 EVO;32;1:48.193;34.469;247;36.990;251;36.734;231;267
32;;Kelvin van der Linde;Jordan Pepper;Charles Weerts;;BMW M4 GT3 EVO;33;1:48.783;34.893;247;37.078;249;36.812;230;267
32;;Kelvin van der Linde;Jordan Pepper;Charles Weerts;;BMW M4 GT3 EVO;34;2:03.354;34.523;247;36.667;251;52.164;79;265
32;;Kelvin van der Linde;Jordan Pepper;Charles Weerts;;BMW M4 GT3 EVO;35;2:15.323;1:01.693;246;36.795;249;36.835;231;79
32;;Kelvin van der Linde;Jordan Pepper;Charles Weerts;;BMW M4 GT3 EVO;36;1:48.078;34.484;248;36.790;250;36.804;231;267
Bib;Class;Driver1;Driver2;Driver3;Driver4;Car;Lap;Time;Sector1Time;SpeedTrap1;Sector2Time;SpeedTrap2;Sector3Time;SpeedTrap3;TopSpeed
32;;Kelvin van der Linde;Jordan Pepper;Charles Weerts;;BMW M4 GT3 EVO;37;1:48.021;34.601;248;36.490;250;36.930;230;267
32;;Kelvin van der Linde;Jordan Pepper;Charles Weerts;;BMW M4 GT3 EVO;38;1:48.276;34.520;249;36.771;250;36.985;233;266
32;;Kelvin van der Linde;Jordan Pepper;Charles Weerts;;BMW M4 GT3 EVO;39;1:48.696;35.174;248;36.687;252;36.835;232;266
32;;Kelvin van der Linde;Jordan Pepper;Charles Weerts;;BMW M4 GT3 EVO;40;1:48.100;34.623;247;36.660;251;36.817;231;268
32;;Kelvin van der Linde;Jordan Pepper;Charles Weerts;;BMW M4 GT3 EVO;41;1:48.231;34.703;248;36.806;252;36.722;231;267
32;;Kelvin van der Linde;Jordan Pepper;Charles Weerts;;BMW M4 GT3 EVO;42;1:47.841;34.416;246;36.685;250;36.740;232;267
32;;Kelvin van der Linde;Jordan Pepper;Charles Weerts;;BMW M4 GT3 EVO;43;3:23.731;34.393;248;1:14.220;79;1:35.118;;267
32;;Kelvin van der Linde;Jordan Pepper;Charles Weerts;;BMW M4 GT3 EVO;44;4:34.766;1:40.684;79;1:21.766;79;1:32.316;78;78
32;;Kelvin van der Linde;Jordan Pepper;Charles Weerts;;BMW M4 GT3 EVO;45;3:46.013;1:26.266;79;1:21.754;79;57.993;221;78
32;;Kelvin van der Linde;Jordan Pepper;Charles Weerts;;BMW M4 GT3 EVO;46;3:01.394;45.098;107;1:07.897;83;1:08.399;128;162
32;;Kelvin van der Linde;Jordan Pepper;Charles Weerts;;BMW M4 GT3 EVO;47;3:00.699;1:07.384;100;55.644;178;57.671;229;105
32;;Kelvin van der Linde;Jordan Pepper;Charles Weerts;;BMW M4 GT3 EVO;48;1:48.981;34.880;246;37.171;247;36.930;230;260
32;;Kelvin van der Linde;Jordan Pepper;Charles Weerts;;BMW M4 GT3 EVO;49;1:48.407;34.597;246;36.822;249;36.988;231;265
Bib;Class;Driver1;Driver2;Driver3;Driver4;Car;Lap;Time;Sector1Time;SpeedTrap1;Sector2Time;SpeedTrap2;Sector3Time;SpeedTrap3;TopSpeed
32;;Kelvin van der Linde;Jordan Pepper;Charles Weerts;;BMW M4 GT3 EVO;50;1:48.392;34.904;245;36.699;249;36.789;232;266
32;;Kelvin van der Linde;Jordan Pepper;Charles Weerts;;BMW M4 GT3 EVO;51;1:47.830;34.360;248;36.676;248;36.794;231;265
32;;Kelvin van der Linde;Jordan Pepper;Charles Weerts;;BMW M4 GT3 EVO;52;1:47.869;34.347;248;36.588;249;36.934;231;265
32;;Kelvin van der Linde;Jordan Pepper;Charles Weerts;;BMW M4 GT3 EVO;53;1:47.708;34.388;248;36.684;248;36.636;231;265
32;;Kelvin van der Linde;Jordan Pepper;Charles Weerts;;BMW M4 GT3 EVO;54;1:47.579;34.511;246;36.555;249;36.513;230;264
32;;Kelvin van der Linde;Jordan Pepper;Charles Weerts;;BMW M4 GT3 EVO;55;1:47.655;34.312;247;36.602;249;36.741;231;265
32;;Kelvin van der Linde;Jordan Pepper;Charles Weerts;;BMW M4 GT3 EVO;56;1:47.619;34.386;248;36.650;250;36.583;231;265
32;;Kelvin van der Linde;Jordan Pepper;Charles Weerts;;BMW M4 GT3 EVO;57;1:54.452;34.542;248;36.633;252;43.277;;265
32;;Kelvin van der Linde;Jordan Pepper;Charles Weerts;;BMW M4 GT3 EVO;58;3:03.495;1:50.107;242;36.716;248;36.672;231;201
32;;Kelvin van der Linde;Jordan Pepper;Charles Weerts;;BMW M4 GT3 EVO;59;1:47.696;34.625;247;36.481;250;36.590;231;263
32;;Kelvin van der Linde;Jordan Pepper;Charles Weerts;;BMW M4 GT3 EVO;60;1:47.930;34.839;246;36.618;249;36.473;230;265
32;;Kelvin van der Linde;Jordan Pepper;Charles Weerts;;BMW M4 GT3 EVO;61;1:47.269;34.422;248;36.404;249;36.443;231;263
32;;Kelvin van der Linde;Jordan Pepper;Charles Weerts;;BMW M4 GT3 EVO;62;1:47.264;34.435;247;36.383;248;36.446;232;264
Bib;Class;Driver1;Driver2;Driver3;Driver4;Car;Lap;Time;Sector1Time;SpeedTrap1;Sector2Time;SpeedTrap2;Sector3Time;SpeedTrap3;TopSpeed
32;;Kelvin van der Linde;Jordan Pepper;Charles Weerts;;BMW M4 GT3 EVO;63;1:47.578;34.566;246;36.513;249;36.499;231;265
32;;Kelvin van der Linde;Jordan Pepper;Charles Weerts;;BMW M4 GT3 EVO;64;1:47.297;34.432;246;36.462;248;36.403;231;265
32;;Kelvin van der Linde;Jordan Pepper;Charles Weerts;;BMW M4 GT3 EVO;65;1:47.192;34.374;246;36.249;250;36.569;231;265
32;;Kelvin van der Linde;Jordan Pepper;Charles Weerts;;BMW M4 GT3 EVO;66;1:47.231;34.405;246;36.416;250;36.410;231;265
32;;Kelvin van der Linde;Jordan Pepper;Charles Weerts;;BMW M4 GT3 EVO;67;1:46.938;34.291;246;36.254;250;36.393;232;265
32;;Kelvin van der Linde;Jordan Pepper;Charles Weerts;;BMW M4 GT3 EVO;68;1:47.520;34.558;246;36.632;249;36.330;231;265
32;;Kelvin van der Linde;Jordan Pepper;Charles Weerts;;BMW M4 GT3 EVO;69;1:47.020;34.371;246;36.355;250;36.294;232;265
32;;Kelvin van der Linde;Jordan Pepper;Charles Weerts;;BMW M4 GT3 EVO;70;1:47.662;34.435;248;36.974;250;36.253;232;265
32;;Kelvin van der Linde;Jordan Pepper;Charles Weerts;;BMW M4 GT3 EVO;71;1:47.245;34.297;247;36.373;252;36.575;233;266
32;;Kelvin van der Linde;Jordan Pepper;Charles Weerts;;BMW M4 GT3 EVO;72;2:41.769;34.295;246;37.162;223;1:30.312;79;267
32;;Kelvin van der Linde;Jordan Pepper;Charles Weerts;;BMW M4 GT3 EVO;73;4:20.152;1:25.981;79;1:21.715;79;1:32.456;79;79
32;;Kelvin van der Linde;Jordan Pepper;Charles Weerts;;BMW M4 GT3 EVO;74;4:14.670;1:26.238;79;1:21.739;79;1:26.693;186;79
32;;Kelvin van der Linde;Jordan Pepper;Charles Weerts;;BMW M4 GT3 EVO;75;2:02.242;37.543;210;39.922;190;44.777;131;245
Bib;Class;Driver1;Driver2;Driver3;Driver4;Car;Lap;Time;Sector1Time;SpeedTrap1;Sector2Time;SpeedTrap2;Sector3Time;SpeedTrap3;TopSpeed
32;;Kelvin van der Linde;Jordan Pepper;Charles Weerts;;BMW M4 GT3 EVO;76;2:47.518;1:03.805;142;51.706;202;52.007;228;95
32;;Kelvin van der Linde;Jordan Pepper;Charles Weerts;;BMW M4 GT3 EVO;77;1:51.132;34.972;250;38.712;251;37.448;232;265
32;;Kelvin van der Linde;Jordan Pepper;Charles Weerts;;BMW M4 GT3 EVO;78;1:59.453;37.675;248;41.444;184;40.334;225;272
32;;Kelvin van der Linde;Jordan Pepper;Charles Weerts;;BMW M4 GT3 EVO;79;4:11.513;1:28.691;59;1:28.140;89;1:14.682;97;49
34;;Jamie Day;Christian Krognes;Henrique Chaves;;Aston Martin Vantage AMR GT3 EVO;1;2:30.417;42.247;244;38.849;212;1:09.321;80;190
34;;Jamie Day;Christian Krognes;Henrique Chaves;;Aston Martin Vantage AMR GT3 EVO;2;4:24.526;1:47.634;77;1:19.815;92;1:17.077;81;37
34;;Jamie Day;Christian Krognes;Henrique Chaves;;Aston Martin Vantage AMR GT3 EVO;3;3:24.188;1:23.404;69;1:02.276;187;58.508;136;72
34;;Jamie Day;Christian Krognes;Henrique Chaves;;Aston Martin Vantage AMR GT3 EVO;4;2:56.920;1:07.109;137;53.856;195;55.955;;104
34;;Jamie Day;Christian Krognes;Henrique Chaves;;Aston Martin Vantage AMR GT3 EVO;5;3:09.169;1:52.612;235;38.689;240;37.868;229;195
34;;Jamie Day;Christian Krognes;Henrique Chaves;;Aston Martin Vantage AMR GT3 EVO;6;2:22.925;41.208;145;54.343;147;47.374;230;160
Bib;Class;Driver1;Driver2;Driver3;Driver4;Car;Lap;Time;Sector1Time;SpeedTrap1;Sector2Time;SpeedTrap2;Sector3Time;SpeedTrap3;TopSpeed
34;;Jamie Day;Christian Krognes;Henrique Chaves;;Aston Martin Vantage AMR GT3 EVO;7;1:52.814;35.575;248;38.042;254;39.197;229;264
34;;Jamie Day;Christian Krognes;Henrique Chaves;;Aston Martin Vantage AMR GT3 EVO;8;1:49.913;35.233;248;37.642;250;37.038;230;267
34;;Jamie Day;Christian Krognes;Henrique Chaves;;Aston Martin Vantage AMR GT3 EVO;9;1:48.891;34.553;247;36.752;252;37.586;231;267
34;;Jamie Day;Christian Krognes;Henrique Chaves;;Aston Martin Vantage AMR GT3 EVO;10;1:49.583;35.206;249;37.060;252;37.317;232;268
34;;Jamie Day;Christian Krognes;Henrique Chaves;;Aston Martin Vantage AMR GT3 EVO;11;1:49.321;35.150;248;37.195;250;36.976;232;260
34;;Jamie Day;Christian Krognes;Henrique Chaves;;Aston Martin Vantage AMR GT3 EVO;12;1:49.377;34.980;248;37.012;252;37.385;230;267
34;;Jamie Day;Christian Krognes;Henrique Chaves;;Aston Martin Vantage AMR GT3 EVO;13;1:50.246;34.968;224;38.092;251;37.186;233;271
34;;Jamie Day;Christian Krognes;Henrique Chaves;;Aston Martin Vantage AMR GT3 EVO;14;1:48.612;34.691;249;36.761;252;37.160;234;258
34;;Jamie Day;Christian Krognes;Henrique Chaves;;Aston Martin Vantage AMR GT3 EVO;15;1:50.096;35.359;250;37.654;249;37.083;232;273
Bib;Class;Driver1;Driver2;Driver3;Driver4;Car;Lap;Time;Sector1Time;SpeedTrap1;Sector2Time;SpeedTrap2;Sector3Time;SpeedTrap3;TopSpeed
34;;Jamie Day;Christian Krognes;Henrique Chaves;;Aston Martin Vantage AMR GT3 EVO;16;1:48.219;34.414;248;36.900;252;36.905;232;268
34;;Jamie Day;Christian Krognes;Henrique Chaves;;Aston Martin Vantage AMR GT3 EVO;17;1:48.582;34.600;247;37.025;252;36.957;231;267
34;;Jamie Day;Christian Krognes;Henrique Chaves;;Aston Martin Vantage AMR GT3 EVO;18;1:48.369;34.694;248;36.720;251;36.955;231;268
34;;Jamie Day;Christian Krognes;Henrique Chaves;;Aston Martin Vantage AMR GT3 EVO;19;1:48.290;34.545;248;36.754;252;36.991;232;269
34;;Jamie Day;Christian Krognes;Henrique Chaves;;Aston Martin Vantage AMR GT3 EVO;20;1:48.282;34.610;246;36.885;250;36.787;231;265
34;;Jamie Day;Christian Krognes;Henrique Chaves;;Aston Martin Vantage AMR GT3 EVO;21;1:47.795;34.450;246;36.597;250;36.748;231;263
34;;Jamie Day;Christian Krognes;Henrique Chaves;;Aston Martin Vantage AMR GT3 EVO;22;1:48.201;34.554;246;36.724;251;36.923;230;265
34;;Jamie Day;Christian Krognes;Henrique Chaves;;Aston Martin Vantage AMR GT3 EVO;23;1:48.631;34.519;246;36.830;249;37.282;232;265
34;;Jamie Day;Christian Krognes;Henrique Chaves;;Aston Martin Vantage AMR GT3 EVO;24;3:54.636;1:00.473;78;1:21.709;78;1:32.454;78;246
Bib;Class;Driver1;Driver2;Driver3;Driver4;Car;Lap;Time;Sector1Time;SpeedTrap1;Sector2Time;SpeedTrap2;Sector3Time;SpeedTrap3;TopSpeed
34;;Jamie Day;Christian Krognes;Henrique Chaves;;Aston Martin Vantage AMR GT3 EVO;25;4:20.542;1:26.327;78;1:21.801;78;1:32.414;78;78
34;;Jamie Day;Christian Krognes;Henrique Chaves;;Aston Martin Vantage AMR GT3 EVO;26;4:20.979;1:26.494;78;1:21.820;78;1:32.665;78;78
34;;Jamie Day;Christian Krognes;Henrique Chaves;;Aston Martin Vantage AMR GT3 EVO;27;3:29.034;1:26.720;78;1:00.389;218;1:01.925;114;78
34;;Jamie Day;Christian Krognes;Henrique Chaves;;Aston Martin Vantage AMR GT3 EVO;28;2:51.199;1:05.194;137;53.434;198;52.571;230;102
34;;Jamie Day;Christian Krognes;Henrique Chaves;;Aston Martin Vantage AMR GT3 EVO;29;1:49.261;35.074;246;37.072;249;37.115;232;267
34;;Jamie Day;Christian Krognes;Henrique Chaves;;Aston Martin Vantage AMR GT3 EVO;30;1:55.177;34.615;248;36.799;251;43.763;;266
34;;Jamie Day;Christian Krognes;Henrique Chaves;;Aston Martin Vantage AMR GT3 EVO;31;3:05.450;1:51.172;244;36.964;247;37.314;229;202
34;;Jamie Day;Christian Krognes;Henrique Chaves;;Aston Martin Vantage AMR GT3 EVO;32;1:48.279;34.642;244;36.629;248;37.008;229;262
34;;Jamie Day;Christian Krognes;Henrique Chaves;;Aston Martin Vantage AMR GT3 EVO;33;1:48.663;34.604;244;36.629;248;37.430;229;263
Bib;Class;Driver1;Driver2;Driver3;Driver4;Car;Lap;Time;Sector1Time;SpeedTrap1;Sector2Time;SpeedTrap2;Sector3Time;SpeedTrap3;TopSpeed
34;;Jamie Day;Christian Krognes;Henrique Chaves;;Aston Martin Vantage AMR GT3 EVO;34;2:28.342;57.140;78;54.000;245;37.202;229;263
34;;Jamie Day;Christian Krognes;Henrique Chaves;;Aston Martin Vantage AMR GT3 EVO;35;1:47.942;34.602;245;36.525;248;36.815;230;263
34;;Jamie Day;Christian Krognes;Henrique Chaves;;Aston Martin Vantage AMR GT3 EVO;36;1:47.673;34.579;245;36.401;249;36.693;230;263
34;;Jamie Day;Christian Krognes;Henrique Chaves;;Aston Martin Vantage AMR GT3 EVO;37;1:47.786;34.502;244;36.580;247;36.704;230;263
34;;Jamie Day;Christian Krognes;Henrique Chaves;;Aston Martin Vantage AMR GT3 EVO;38;1:47.813;34.579;244;36.584;248;36.650;230;263
34;;Jamie Day;Christian Krognes;Henrique Chaves;;Aston Martin Vantage AMR GT3 EVO;39;1:47.426;34.506;244;36.381;248;36.539;230;263
34;;Jamie Day;Christian Krognes;Henrique Chaves;;Aston Martin Vantage AMR GT3 EVO;40;1:47.812;34.533;245;36.645;249;36.634;231;264
34;;Jamie Day;Christian Krognes;Henrique Chaves;;Aston Martin Vantage AMR GT3 EVO;41;1:47.591;34.395;246;36.420;249;36.776;230;264
34;;Jamie Day;Christian Krognes;Henrique Chaves;;Aston Martin Vantage AMR GT3 EVO;42;2:32.644;34.547;245;36.615;250;1:21.482;78;263
Bib;Class;Driver1;Driver2;Driver3;Driver4;Car;Lap;Time;Sector1Time;SpeedTrap1;Sector2Time;SpeedTrap2;Sector3Time;SpeedTrap3;TopSpeed
34;;Jamie Day;Christian Krognes;Henrique Chaves;;Aston Martin Vantage AMR GT3 EVO;43;4:20.658;1:26.061;78;1:21.828;78;1:32.769;78;78
34;;Jamie Day;Christian Krognes;Henrique Chaves;;Aston Martin Vantage AMR GT3 EVO;44;4:23.040;1:28.227;78;1:22.061;78;1:32.752;78;78
34;;Jamie Day;Christian Krognes;Henrique Chaves;;Aston Martin Vantage AMR GT3 EVO;45;2:23.945;1:03.229;235;40.864;241;39.852;224;78
34;;Jamie Day;Christian Krognes;Henrique Chaves;;Aston Martin Vantage AMR GT3 EVO;46;2:13.487;35.595;242;37.971;244;59.921;114;260
34;;Jamie Day;Christian Krognes;Henrique Chaves;;Aston Martin Vantage AMR GT3 EVO;47;2:46.524;1:06.295;133;54.746;204;45.483;233;59
34;;Jamie Day;Christian Krognes;Henrique Chaves;;Aston Martin Vantage AMR GT3 EVO;48;1:52.787;36.507;249;38.003;255;38.277;234;253
34;;Jamie Day;Christian Krognes;Henrique Chaves;;Aston Martin Vantage AMR GT3 EVO;49;1:50.621;35.129;248;38.209;254;37.283;232;255
34;;Jamie Day;Christian Krognes;Henrique Chaves;;Aston Martin Vantage AMR GT3 EVO;50;1:48.429;34.728;249;36.974;252;36.727;233;273
34;;Jamie Day;Christian Krognes;Henrique Chaves;;Aston Martin Vantage AMR GT3 EVO;51;1:48.565;34.322;249;36.560;253;37.683;234;269
Bib;Class;Driver1;Driver2;Driver3;Driver4;Car;Lap;Time;Sector1Time;SpeedTrap1;Sector2Time;SpeedTrap2;Sector3Time;SpeedTrap3;TopSpeed
34;;Jamie Day;Christian Krognes;Henrique Chaves;;Aston Martin Vantage AMR GT3 EVO;52;1:49.137;34.774;250;37.090;254;37.273;231;272
34;;Jamie Day;Christian Krognes;Henrique Chaves;;Aston Martin Vantage AMR GT3 EVO;53;1:48.149;34.564;250;36.783;253;36.802;232;270
34;;Jamie Day;Christian Krognes;Henrique Chaves;;Aston Martin Vantage AMR GT3 EVO;54;1:47.879;34.408;249;36.778;253;36.693;233;269
34;;Jamie Day;Christian Krognes;Henrique Chaves;;Aston Martin Vantage AMR GT3 EVO;55;1:48.222;34.374;249;36.861;254;36.987;233;270
34;;Jamie Day;Christian Krognes;Henrique Chaves;;Aston Martin Vantage AMR GT3 EVO;56;1:49.223;35.069;248;37.023;253;37.131;234;264
34;;Jamie Day;Christian Krognes;Henrique Chaves;;Aston Martin Vantage AMR GT3 EVO;57;1:55.638;34.476;249;36.768;253;44.394;;270
34;;Jamie Day;Christian Krognes;Henrique Chaves;;Aston Martin Vantage AMR GT3 EVO;58;3:03.572;1:49.882;246;36.699;251;36.991;231;202
34;;Jamie Day;Christian Krognes;Henrique Chaves;;Aston Martin Vantage AMR GT3 EVO;59;1:49.200;34.781;246;37.666;250;36.753;231;268
34;;Jamie Day;Christian Krognes;Henrique Chaves;;Aston Martin Vantage AMR GT3 EVO;60;1:47.594;34.469;246;36.461;252;36.664;232;267
Bib;Class;Driver1;Driver2;Driver3;Driver4;Car;Lap;Time;Sector1Time;SpeedTrap1;Sector2Time;SpeedTrap2;Sector3Time;SpeedTrap3;TopSpeed
34;;Jamie Day;Christian Krognes;Henrique Chaves;;Aston Martin Vantage AMR GT3 EVO;61;1:48.109;34.351;249;37.045;250;36.713;231;268
34;;Jamie Day;Christian Krognes;Henrique Chaves;;Aston Martin Vantage AMR GT3 EVO;62;1:47.855;34.483;249;36.812;252;36.560;233;268
34;;Jamie Day;Christian Krognes;Henrique Chaves;;Aston Martin Vantage AMR GT3 EVO;63;1:47.576;34.352;248;36.533;252;36.691;233;268
34;;Jamie Day;Christian Krognes;Henrique Chaves;;Aston Martin Vantage AMR GT3 EVO;64;1:47.566;34.322;248;36.661;252;36.583;232;269
34;;Jamie Day;Christian Krognes;Henrique Chaves;;Aston Martin Vantage AMR GT3 EVO;65;1:48.163;34.308;246;37.195;251;36.660;233;269
34;;Jamie Day;Christian Krognes;Henrique Chaves;;Aston Martin Vantage AMR GT3 EVO;66;1:48.618;34.519;248;37.293;252;36.806;231;268
34;;Jamie Day;Christian Krognes;Henrique Chaves;;Aston Martin Vantage AMR GT3 EVO;67;1:48.300;34.737;248;36.858;252;36.705;232;258
34;;Jamie Day;Christian Krognes;Henrique Chaves;;Aston Martin Vantage AMR GT3 EVO;68;1:47.785;34.413;245;36.659;251;36.713;232;269
34;;Jamie Day;Christian Krognes;Henrique Chaves;;Aston Martin Vantage AMR GT3 EVO;69;1:48.494;34.885;249;36.829;252;36.780;232;255
Bib;Class;Driver1;Driver2;Driver3;Driver4;Car;Lap;Time;Sector1Time;SpeedTrap1;Sector2Time;SpeedTrap2;Sector3Time;SpeedTrap3;TopSpeed
34;;Jamie Day;Christian Krognes;Henrique Chaves;;Aston Martin Vantage AMR GT3 EVO;70;1:48.536;34.249;249;37.477;250;36.810;233;268
34;;Jamie Day;Christian Krognes;Henrique Chaves;;Aston Martin Vantage AMR GT3 EVO;71;1:49.231;34.368;248;36.951;252;37.912;228;268
34;;Jamie Day;Christian Krognes;Henrique Chaves;;Aston Martin Vantage AMR GT3 EVO;72;3:27.741;35.009;192;1:20.452;78;1:32.280;78;263
34;;Jamie Day;Christian Krognes;Henrique Chaves;;Aston Martin Vantage AMR GT3 EVO;73;4:20.142;1:26.132;78;1:21.662;78;1:32.348;78;78
34;;Jamie Day;Christian Krognes;Henrique Chaves;;Aston Martin Vantage AMR GT3 EVO;74;3:38.873;1:26.490;78;1:21.684;77;50.699;220;78
34;;Jamie Day;Christian Krognes;Henrique Chaves;;Aston Martin Vantage AMR GT3 EVO;75;1:56.742;38.527;245;39.762;199;38.453;230;179
34;;Jamie Day;Christian Krognes;Henrique Chaves;;Aston Martin Vantage AMR GT3 EVO;76;2:11.382;39.779;119;48.920;215;42.683;234;263
34;;Jamie Day;Christian Krognes;Henrique Chaves;;Aston Martin Vantage AMR GT3 EVO;77;1:52.377;35.791;251;38.985;251;37.601;232;250
34;;Jamie Day;Christian Krognes;Henrique Chaves;;Aston Martin Vantage AMR GT3 EVO;78;2:05.507;37.021;250;46.413;179;42.073;169;261
Bib;Class;Driver1;Driver2;Driver3;Driver4;Car;Lap;Time;Sector1Time;SpeedTrap1;Sector2Time;SpeedTrap2;Sector3Time;SpeedTrap3;TopSpeed
34;;Jamie Day;Christian Krognes;Henrique Chaves;;Aston Martin Vantage AMR GT3 EVO;79;4:09.542;1:31.245;51;1:26.499;82;1:11.798;104;32
35;;Gaspard Simon;Ethan Ischer;Mateo Villagomez;;Aston Martin Vantage AMR GT3 EVO;1;3:06.457;51.130;214;53.616;112;1:21.711;62;164
35;;Gaspard Simon;Ethan Ischer;Mateo Villagomez;;Aston Martin Vantage AMR GT3 EVO;2;4:30.479;1:53.168;123;1:18.534;96;1:18.777;98;80
35;;Gaspard Simon;Ethan Ischer;Mateo Villagomez;;Aston Martin Vantage AMR GT3 EVO;3;3:23.054;1:15.876;73;1:06.259;125;1:00.919;;30
35;;Gaspard Simon;Ethan Ischer;Mateo Villagomez;;Aston Martin Vantage AMR GT3 EVO;4;3:10.234;1:52.956;220;39.158;222;38.120;229;191
35;;Gaspard Simon;Ethan Ischer;Mateo Villagomez;;Aston Martin Vantage AMR GT3 EVO;5;1:57.171;39.285;223;38.583;223;39.303;217;142
35;;Gaspard Simon;Ethan Ischer;Mateo Villagomez;;Aston Martin Vantage AMR GT3 EVO;6;2:38.612;54.583;116;55.732;152;48.297;232;96
35;;Gaspard Simon;Ethan Ischer;Mateo Villagomez;;Aston Martin Vantage AMR GT3 EVO;7;1:53.509;36.177;245;39.150;252;38.182;225;253
35;;Gaspard Simon;Ethan Ischer;Mateo Villagomez;;Aston Martin Vantage AMR GT3 EVO;8;1:49.489;35.065;248;37.131;251;37.293;230;263
Bib;Class;Driver1;Driver2;Driver3;Driver4;Car;Lap;Time;Sector1Time;SpeedTrap1;Sector2Time;SpeedTrap2;Sector3Time;SpeedTrap3;TopSpeed
35;;Gaspard Simon;Ethan Ischer;Mateo Villagomez;;Aston Martin Vantage AMR GT3 EVO;9;1:49.914;34.747;247;37.830;252;37.337;233;265
35;;Gaspard Simon;Ethan Ischer;Mateo Villagomez;;Aston Martin Vantage AMR GT3 EVO;10;1:50.010;35.313;249;37.244;253;37.453;230;263
35;;Gaspard Simon;Ethan Ischer;Mateo Villagomez;;Aston Martin Vantage AMR GT3 EVO;11;1:48.754;34.803;248;36.820;250;37.131;232;270
35;;Gaspard Simon;Ethan Ischer;Mateo Villagomez;;Aston Martin Vantage AMR GT3 EVO;12;1:49.666;34.782;246;37.373;249;37.511;232;266
35;;Gaspard Simon;Ethan Ischer;Mateo Villagomez;;Aston Martin Vantage AMR GT3 EVO;13;1:49.952;35.413;246;37.485;251;37.054;231;270
35;;Gaspard Simon;Ethan Ischer;Mateo Villagomez;;Aston Martin Vantage AMR GT3 EVO;14;1:48.856;34.544;248;37.074;250;37.238;234;268
35;;Gaspard Simon;Ethan Ischer;Mateo Villagomez;;Aston Martin Vantage AMR GT3 EVO;15;1:48.494;34.852;246;36.582;249;37.060;230;268
35;;Gaspard Simon;Ethan Ischer;Mateo Villagomez;;Aston Martin Vantage AMR GT3 EVO;16;1:47.771;34.476;247;36.459;250;36.836;231;265
35;;Gaspard Simon;Ethan Ischer;Mateo Villagomez;;Aston Martin Vantage AMR GT3 EVO;17;1:48.481;34.622;246;36.986;250;36.873;231;265
Bib;Class;Driver1;Driver2;Driver3;Driver4;Car;Lap;Time;Sector1Time;SpeedTrap1;Sector2Time;SpeedTrap2;Sector3Time;SpeedTrap3;TopSpeed
35;;Gaspard Simon;Ethan Ischer;Mateo Villagomez;;Aston Martin Vantage AMR GT3 EVO;18;1:48.269;34.477;246;36.824;249;36.968;231;265
35;;Gaspard Simon;Ethan Ischer;Mateo Villagomez;;Aston Martin Vantage AMR GT3 EVO;19;1:48.153;34.459;247;36.877;250;36.817;230;265
35;;Gaspard Simon;Ethan Ischer;Mateo Villagomez;;Aston Martin Vantage AMR GT3 EVO;20;1:48.297;34.525;246;36.635;249;37.137;230;265
35;;Gaspard Simon;Ethan Ischer;Mateo Villagomez;;Aston Martin Vantage AMR GT3 EVO;21;1:48.157;34.430;246;36.737;250;36.990;230;265
35;;Gaspard Simon;Ethan Ischer;Mateo Villagomez;;Aston Martin Vantage AMR GT3 EVO;22;1:48.037;34.468;246;36.658;250;36.911;231;265
35;;Gaspard Simon;Ethan Ischer;Mateo Villagomez;;Aston Martin Vantage AMR GT3 EVO;23;1:48.515;34.574;245;36.740;250;37.201;231;265
35;;Gaspard Simon;Ethan Ischer;Mateo Villagomez;;Aston Martin Vantage AMR GT3 EVO;24;3:54.291;59.320;78;1:22.268;78;1:32.703;78;266
35;;Gaspard Simon;Ethan Ischer;Mateo Villagomez;;Aston Martin Vantage AMR GT3 EVO;25;4:24.584;1:27.243;78;1:22.033;78;1:35.308;;78
35;;Gaspard Simon;Ethan Ischer;Mateo Villagomez;;Aston Martin Vantage AMR GT3 EVO;26;5:32.861;2:35.711;78;1:21.911;78;1:35.239;;78
Bib;Class;Driver1;Driver2;Driver3;Driver4;Car;Lap;Time;Sector1Time;SpeedTrap1;Sector2Time;SpeedTrap2;Sector3Time;SpeedTrap3;TopSpeed
35;;Gaspard Simon;Ethan Ischer;Mateo Villagomez;;Aston Martin Vantage AMR GT3 EVO;27;2:49.403;1:26.048;207;43.686;174;39.669;178;78
35;;Gaspard Simon;Ethan Ischer;Mateo Villagomez;;Aston Martin Vantage AMR GT3 EVO;28;2:30.226;59.255;104;51.921;203;39.050;230;101
35;;Gaspard Simon;Ethan Ischer;Mateo Villagomez;;Aston Martin Vantage AMR GT3 EVO;29;1:49.475;34.692;248;37.108;252;37.675;231;266
35;;Gaspard Simon;Ethan Ischer;Mateo Villagomez;;Aston Martin Vantage AMR GT3 EVO;30;1:50.253;35.424;249;37.351;252;37.478;231;261
35;;Gaspard Simon;Ethan Ischer;Mateo Villagomez;;Aston Martin Vantage AMR GT3 EVO;31;1:50.212;35.827;250;37.408;252;36.977;231;268
35;;Gaspard Simon;Ethan Ischer;Mateo Villagomez;;Aston Martin Vantage AMR GT3 EVO;32;1:48.910;34.812;249;37.191;253;36.907;231;271
35;;Gaspard Simon;Ethan Ischer;Mateo Villagomez;;Aston Martin Vantage AMR GT3 EVO;33;1:49.770;34.425;249;37.447;252;37.898;231;268
35;;Gaspard Simon;Ethan Ischer;Mateo Villagomez;;Aston Martin Vantage AMR GT3 EVO;34;2:28.961;35.260;250;37.317;231;1:16.384;78;271
35;;Gaspard Simon;Ethan Ischer;Mateo Villagomez;;Aston Martin Vantage AMR GT3 EVO;35;1:57.869;43.933;248;37.010;251;36.926;233;228
Bib;Class;Driver1;Driver2;Driver3;Driver4;Car;Lap;Time;Sector1Time;SpeedTrap1;Sector2Time;SpeedTrap2;Sector3Time;SpeedTrap3;TopSpeed
35;;Gaspard Simon;Ethan Ischer;Mateo Villagomez;;Aston Martin Vantage AMR GT3 EVO;36;1:48.601;34.621;248;37.040;250;36.940;232;267
35;;Gaspard Simon;Ethan Ischer;Mateo Villagomez;;Aston Martin Vantage AMR GT3 EVO;37;1:49.175;34.423;250;37.821;249;36.931;232;270
35;;Gaspard Simon;Ethan Ischer;Mateo Villagomez;;Aston Martin Vantage AMR GT3 EVO;38;1:47.979;34.622;248;36.666;252;36.691;231;272
35;;Gaspard Simon;Ethan Ischer;Mateo Villagomez;;Aston Martin Vantage AMR GT3 EVO;39;1:48.078;34.619;248;36.693;250;36.766;232;267
35;;Gaspard Simon;Ethan Ischer;Mateo Villagomez;;Aston Martin Vantage AMR GT3 EVO;40;1:48.379;34.459;246;36.624;253;37.296;233;267
35;;Gaspard Simon;Ethan Ischer;Mateo Villagomez;;Aston Martin Vantage AMR GT3 EVO;41;1:47.781;34.305;248;36.646;252;36.830;232;268
35;;Gaspard Simon;Ethan Ischer;Mateo Villagomez;;Aston Martin Vantage AMR GT3 EVO;42;1:48.423;34.578;247;36.891;250;36.954;233;267
35;;Gaspard Simon;Ethan Ischer;Mateo Villagomez;;Aston Martin Vantage AMR GT3 EVO;43;3:50.317;56.490;79;1:21.588;78;1:32.239;78;245
35;;Gaspard Simon;Ethan Ischer;Mateo Villagomez;;Aston Martin Vantage AMR GT3 EVO;44;4:20.146;1:26.175;78;1:21.713;78;1:32.258;78;78
Bib;Class;Driver1;Driver2;Driver3;Driver4;Car;Lap;Time;Sector1Time;SpeedTrap1;Sector2Time;SpeedTrap2;Sector3Time;SpeedTrap3;TopSpeed
35;;Gaspard Simon;Ethan Ischer;Mateo Villagomez;;Aston Martin Vantage AMR GT3 EVO;45;3:28.606;1:26.459;78;1:21.271;106;40.876;226;78
35;;Gaspard Simon;Ethan Ischer;Mateo Villagomez;;Aston Martin Vantage AMR GT3 EVO;46;2:51.278;36.184;154;1:06.452;86;1:08.642;141;260
35;;Gaspard Simon;Ethan Ischer;Mateo Villagomez;;Aston Martin Vantage AMR GT3 EVO;47;2:59.803;1:06.979;106;55.897;168;56.927;229;109
35;;Gaspard Simon;Ethan Ischer;Mateo Villagomez;;Aston Martin Vantage AMR GT3 EVO;48;1:51.212;35.135;247;38.293;249;37.784;231;263
35;;Gaspard Simon;Ethan Ischer;Mateo Villagomez;;Aston Martin Vantage AMR GT3 EVO;49;1:49.089;34.893;247;37.057;250;37.139;231;265
35;;Gaspard Simon;Ethan Ischer;Mateo Villagomez;;Aston Martin Vantage AMR GT3 EVO;50;1:48.151;34.526;246;36.808;250;36.817;231;267
35;;Gaspard Simon;Ethan Ischer;Mateo Villagomez;;Aston Martin Vantage AMR GT3 EVO;51;1:47.896;34.434;248;36.716;249;36.746;232;267
35;;Gaspard Simon;Ethan Ischer;Mateo Villagomez;;Aston Martin Vantage AMR GT3 EVO;52;1:55.811;34.411;248;36.990;250;44.410;;267
35;;Gaspard Simon;Ethan Ischer;Mateo Villagomez;;Aston Martin Vantage AMR GT3 EVO;53;3:06.140;1:50.687;244;37.869;247;37.584;229;199
Bib;Class;Driver1;Driver2;Driver3;Driver4;Car;Lap;Time;Sector1Time;SpeedTrap1;Sector2Time;SpeedTrap2;Sector3Time;SpeedTrap3;TopSpeed
35;;Gaspard Simon;Ethan Ischer;Mateo Villagomez;;Aston Martin Vantage AMR GT3 EVO;54;1:49.037;34.656;246;37.201;248;37.180;231;262
35;;Gaspard Simon;Ethan Ischer;Mateo Villagomez;;Aston Martin Vantage AMR GT3 EVO;55;1:48.174;34.555;246;36.848;248;36.771;231;264
35;;Gaspard Simon;Ethan Ischer;Mateo Villagomez;;Aston Martin Vantage AMR GT3 EVO;56;1:48.085;34.510;246;36.722;249;36.853;232;264
35;;Gaspard Simon;Ethan Ischer;Mateo Villagomez;;Aston Martin Vantage AMR GT3 EVO;57;1:48.061;34.344;248;37.023;248;36.694;231;266
35;;Gaspard Simon;Ethan Ischer;Mateo Villagomez;;Aston Martin Vantage AMR GT3 EVO;58;1:51.036;35.229;245;38.377;248;37.430;230;264
35;;Gaspard Simon;Ethan Ischer;Mateo Villagomez;;Aston Martin Vantage AMR GT3 EVO;59;1:48.253;34.659;246;36.707;249;36.887;230;264
35;;Gaspard Simon;Ethan Ischer;Mateo Villagomez;;Aston Martin Vantage AMR GT3 EVO;60;1:47.818;34.475;246;36.629;249;36.714;230;264
35;;Gaspard Simon;Ethan Ischer;Mateo Villagomez;;Aston Martin Vantage AMR GT3 EVO;61;1:48.004;34.387;247;36.630;249;36.987;230;263
35;;Gaspard Simon;Ethan Ischer;Mateo Villagomez;;Aston Martin Vantage AMR GT3 EVO;62;1:54.279;34.902;247;41.699;249;37.678;233;263
Bib;Class;Driver1;Driver2;Driver3;Driver4;Car;Lap;Time;Sector1Time;SpeedTrap1;Sector2Time;SpeedTrap2;Sector3Time;SpeedTrap3;TopSpeed
35;;Gaspard Simon;Ethan Ischer;Mateo Villagomez;;Aston Martin Vantage AMR GT3 EVO;63;1:48.952;35.036;248;37.005;252;36.911;232;253
35;;Gaspard Simon;Ethan Ischer;Mateo Villagomez;;Aston Martin Vantage AMR GT3 EVO;64;1:48.040;34.384;248;36.866;251;36.790;232;268
35;;Gaspard Simon;Ethan Ischer;Mateo Villagomez;;Aston Martin Vantage AMR GT3 EVO;65;1:47.776;34.430;248;36.613;252;36.733;233;267
35;;Gaspard Simon;Ethan Ischer;Mateo Villagomez;;Aston Martin Vantage AMR GT3 EVO;66;1:47.929;34.280;247;36.799;250;36.850;232;268
35;;Gaspard Simon;Ethan Ischer;Mateo Villagomez;;Aston Martin Vantage AMR GT3 EVO;67;1:48.502;35.152;248;36.611;251;36.739;232;267
35;;Gaspard Simon;Ethan Ischer;Mateo Villagomez;;Aston Martin Vantage AMR GT3 EVO;68;1:47.706;34.324;248;36.691;252;36.691;231;269
35;;Gaspard Simon;Ethan Ischer;Mateo Villagomez;;Aston Martin Vantage AMR GT3 EVO;69;1:47.743;34.366;248;36.678;252;36.699;233;268
35;;Gaspard Simon;Ethan Ischer;Mateo Villagomez;;Aston Martin Vantage AMR GT3 EVO;70;1:47.666;34.190;250;36.802;252;36.674;233;269
35;;Gaspard Simon;Ethan Ischer;Mateo Villagomez;;Aston Martin Vantage AMR GT3 EVO;71;1:48.370;34.485;248;37.202;250;36.683;232;269
Bib;Class;Driver1;Driver2;Driver3;Driver4;Car;Lap;Time;Sector1Time;SpeedTrap1;Sector2Time;SpeedTrap2;Sector3Time;SpeedTrap3;TopSpeed
35;;Gaspard Simon;Ethan Ischer;Mateo Villagomez;;Aston Martin Vantage AMR GT3 EVO;72;3:22.264;34.541;248;1:14.622;78;1:33.101;78;267
35;;Gaspard Simon;Ethan Ischer;Mateo Villagomez;;Aston Martin Vantage AMR GT3 EVO;73;4:21.701;1:26.923;78;1:22.093;78;1:32.685;78;78
35;;Gaspard Simon;Ethan Ischer;Mateo Villagomez;;Aston Martin Vantage AMR GT3 EVO;74;3:40.749;1:26.998;78;1:22.111;78;51.640;215;78
35;;Gaspard Simon;Ethan Ischer;Mateo Villagomez;;Aston Martin Vantage AMR GT3 EVO;75;1:55.034;37.068;228;39.660;238;38.306;228;239
35;;Gaspard Simon;Ethan Ischer;Mateo Villagomez;;Aston Martin Vantage AMR GT3 EVO;76;2:21.860;45.007;125;50.266;192;46.587;230;244
35;;Gaspard Simon;Ethan Ischer;Mateo Villagomez;;Aston Martin Vantage AMR GT3 EVO;77;2:00.099;43.188;243;39.027;251;37.884;231;232
35;;Gaspard Simon;Ethan Ischer;Mateo Villagomez;;Aston Martin Vantage AMR GT3 EVO;78;2:10.252;37.403;191;50.778;183;42.071;183;204
35;;Gaspard Simon;Ethan Ischer;Mateo Villagomez;;Aston Martin Vantage AMR GT3 EVO;79;4:14.174;1:36.793;64;1:23.052;87;1:14.329;81;20
42;;Ahmad Al Harthy;Javier Sagrera;Calan Williams;;BMW M4 GT3 EVO;1;3:00.317;49.852;223;49.666;107;1:20.799;57;168
Bib;Class;Driver1;Driver2;Driver3;Driver4;Car;Lap;Time;Sector1Time;SpeedTrap1;Sector2Time;SpeedTrap2;Sector3Time;SpeedTrap3;TopSpeed
42;;Ahmad Al Harthy;Javier Sagrera;Calan Williams;;BMW M4 GT3 EVO;2;4:29.958;1:50.856;107;1:21.015;86;1:18.087;76;63
42;;Ahmad Al Harthy;Javier Sagrera;Calan Williams;;BMW M4 GT3 EVO;3;3:24.128;1:17.697;70;1:05.716;128;1:00.715;;35
42;;Ahmad Al Harthy;Javier Sagrera;Calan Williams;;BMW M4 GT3 EVO;4;3:11.215;1:54.939;239;38.620;236;37.656;229;157
42;;Ahmad Al Harthy;Javier Sagrera;Calan Williams;;BMW M4 GT3 EVO;5;1:58.436;41.410;243;38.091;233;38.935;183;146
42;;Ahmad Al Harthy;Javier Sagrera;Calan Williams;;BMW M4 GT3 EVO;6;2:40.684;54.889;137;55.400;189;50.395;223;94
42;;Ahmad Al Harthy;Javier Sagrera;Calan Williams;;BMW M4 GT3 EVO;7;1:52.012;36.184;251;37.787;253;38.041;230;262
42;;Ahmad Al Harthy;Javier Sagrera;Calan Williams;;BMW M4 GT3 EVO;8;1:50.007;35.858;248;36.884;249;37.265;230;267
42;;Ahmad Al Harthy;Javier Sagrera;Calan Williams;;BMW M4 GT3 EVO;9;1:47.899;34.569;247;36.608;250;36.722;231;266
42;;Ahmad Al Harthy;Javier Sagrera;Calan Williams;;BMW M4 GT3 EVO;10;1:47.852;34.509;248;36.601;250;36.742;231;265
42;;Ahmad Al Harthy;Javier Sagrera;Calan Williams;;BMW M4 GT3 EVO;11;1:47.759;34.341;248;36.630;250;36.788;230;266
42;;Ahmad Al Harthy;Javier Sagrera;Calan Williams;;BMW M4 GT3 EVO;12;1:49.243;34.468;251;38.013;250;36.762;231;267
42;;Ahmad Al Harthy;Javier Sagrera;Calan Williams;;BMW M4 GT3 EVO;13;1:47.976;34.545;248;36.675;250;36.756;231;269
42;;Ahmad Al Harthy;Javier Sagrera;Calan Williams;;BMW M4 GT3 EVO;14;1:48.370;34.551;249;37.233;250;36.586;231;270
Bib;Class;Driver1;Driver2;Driver3;Driver4;Car;Lap;Time;Sector1Time;SpeedTrap1;Sector2Time;SpeedTrap2;Sector3Time;SpeedTrap3;TopSpeed
42;;Ahmad Al Harthy;Javier Sagrera;Calan Williams;;BMW M4 GT3 EVO;15;1:47.479;34.477;249;36.503;250;36.499;232;267
42;;Ahmad Al Harthy;Javier Sagrera;Calan Williams;;BMW M4 GT3 EVO;16;1:48.113;34.439;249;37.008;252;36.666;231;267
42;;Ahmad Al Harthy;Javier Sagrera;Calan Williams;;BMW M4 GT3 EVO;17;1:49.123;35.012;244;37.440;250;36.671;231;267
42;;Ahmad Al Harthy;Javier Sagrera;Calan Williams;;BMW M4 GT3 EVO;18;1:47.755;34.442;249;36.730;251;36.583;232;267
42;;Ahmad Al Harthy;Javier Sagrera;Calan Williams;;BMW M4 GT3 EVO;19;1:47.592;34.444;249;36.445;253;36.703;231;267
42;;Ahmad Al Harthy;Javier Sagrera;Calan Williams;;BMW M4 GT3 EVO;20;1:47.547;34.482;248;36.511;253;36.554;231;266
42;;Ahmad Al Harthy;Javier Sagrera;Calan Williams;;BMW M4 GT3 EVO;21;1:47.637;34.529;248;36.548;253;36.560;232;267
42;;Ahmad Al Harthy;Javier Sagrera;Calan Williams;;BMW M4 GT3 EVO;22;1:47.475;34.462;249;36.483;252;36.530;232;266
42;;Ahmad Al Harthy;Javier Sagrera;Calan Williams;;BMW M4 GT3 EVO;23;1:47.607;34.429;249;36.523;253;36.655;232;267
42;;Ahmad Al Harthy;Javier Sagrera;Calan Williams;;BMW M4 GT3 EVO;24;3:40.287;46.089;79;1:21.802;79;1:32.396;78;269
42;;Ahmad Al Harthy;Javier Sagrera;Calan Williams;;BMW M4 GT3 EVO;25;4:23.670;1:26.538;78;1:21.903;78;1:35.229;;78
42;;Ahmad Al Harthy;Javier Sagrera;Calan Williams;;BMW M4 GT3 EVO;26;5:21.553;2:27.048;78;1:21.951;78;1:32.554;78;78
42;;Ahmad Al Harthy;Javier Sagrera;Calan Williams;;BMW M4 GT3 EVO;27;3:09.499;1:26.532;78;51.592;185;51.375;86;78
Bib;Class;Driver1;Driver2;Driver3;Driver4;Car;Lap;Time;Sector1Time;SpeedTrap1;Sector2Time;SpeedTrap2;Sector3Time;SpeedTrap3;TopSpeed
42;;Ahmad Al Harthy;Javier Sagrera;Calan Williams;;BMW M4 GT3 EVO;28;2:43.242;1:05.529;105;53.098;204;44.615;231;80
42;;Ahmad Al Harthy;Javier Sagrera;Calan Williams;;BMW M4 GT3 EVO;29;1:52.028;36.166;251;38.265;250;37.597;231;243
42;;Ahmad Al Harthy;Javier Sagrera;Calan Williams;;BMW M4 GT3 EVO;30;1:51.470;36.006;248;38.212;252;37.252;230;241
42;;Ahmad Al Harthy;Javier Sagrera;Calan Williams;;BMW M4 GT3 EVO;31;1:49.778;35.044;248;37.565;252;37.169;231;265
42;;Ahmad Al Harthy;Javier Sagrera;Calan Williams;;BMW M4 GT3 EVO;32;1:48.937;34.608;248;36.896;252;37.433;231;267
42;;Ahmad Al Harthy;Javier Sagrera;Calan Williams;;BMW M4 GT3 EVO;33;1:50.915;34.898;251;38.623;248;37.394;231;269
42;;Ahmad Al Harthy;Javier Sagrera;Calan Williams;;BMW M4 GT3 EVO;34;2:19.561;34.722;249;37.054;246;1:07.785;78;265
42;;Ahmad Al Harthy;Javier Sagrera;Calan Williams;;BMW M4 GT3 EVO;35;2:07.289;52.994;248;37.066;249;37.229;230;190
42;;Ahmad Al Harthy;Javier Sagrera;Calan Williams;;BMW M4 GT3 EVO;36;1:48.559;34.642;248;36.940;250;36.977;231;267
42;;Ahmad Al Harthy;Javier Sagrera;Calan Williams;;BMW M4 GT3 EVO;37;1:49.221;34.738;250;37.495;249;36.988;228;267
42;;Ahmad Al Harthy;Javier Sagrera;Calan Williams;;BMW M4 GT3 EVO;38;1:48.458;34.549;248;37.035;250;36.874;231;265
42;;Ahmad Al Harthy;Javier Sagrera;Calan Williams;;BMW M4 GT3 EVO;39;1:47.973;34.471;247;36.669;251;36.833;231;267
42;;Ahmad Al Harthy;Javier Sagrera;Calan Williams;;BMW M4 GT3 EVO;40;1:48.127;34.508;248;36.747;252;36.872;231;266
Bib;Class;Driver1;Driver2;Driver3;Driver4;Car;Lap;Time;Sector1Time;SpeedTrap1;Sector2Time;SpeedTrap2;Sector3Time;SpeedTrap3;TopSpeed
42;;Ahmad Al Harthy;Javier Sagrera;Calan Williams;;BMW M4 GT3 EVO;41;1:48.508;34.517;249;37.003;250;36.988;230;264
42;;Ahmad Al Harthy;Javier Sagrera;Calan Williams;;BMW M4 GT3 EVO;42;1:48.446;34.628;247;36.919;252;36.899;231;265
42;;Ahmad Al Harthy;Javier Sagrera;Calan Williams;;BMW M4 GT3 EVO;43;3:48.358;51.055;79;1:21.828;79;1:35.475;;262
42;;Ahmad Al Harthy;Javier Sagrera;Calan Williams;;BMW M4 GT3 EVO;44;4:38.138;1:43.589;79;1:21.891;79;1:32.658;78;78
42;;Ahmad Al Harthy;Javier Sagrera;Calan Williams;;BMW M4 GT3 EVO;45;3:27.857;1:26.670;78;1:16.107;127;45.080;227;78
42;;Ahmad Al Harthy;Javier Sagrera;Calan Williams;;BMW M4 GT3 EVO;46;2:46.948;36.959;248;1:00.638;101;1:09.351;106;197
42;;Ahmad Al Harthy;Javier Sagrera;Calan Williams;;BMW M4 GT3 EVO;47;2:55.113;1:05.953;97;55.473;204;53.687;231;90
42;;Ahmad Al Harthy;Javier Sagrera;Calan Williams;;BMW M4 GT3 EVO;48;1:51.002;35.031;248;38.110;251;37.861;230;251
42;;Ahmad Al Harthy;Javier Sagrera;Calan Williams;;BMW M4 GT3 EVO;49;1:49.095;34.718;248;37.241;251;37.136;231;266
42;;Ahmad Al Harthy;Javier Sagrera;Calan Williams;;BMW M4 GT3 EVO;50;1:48.539;34.543;249;36.969;250;37.027;231;267
42;;Ahmad Al Harthy;Javier Sagrera;Calan Williams;;BMW M4 GT3 EVO;51;1:48.591;34.437;251;37.139;250;37.015;232;268
42;;Ahmad Al Harthy;Javier Sagrera;Calan Williams;;BMW M4 GT3 EVO;52;1:49.209;34.489;250;36.864;252;37.856;231;268
42;;Ahmad Al Harthy;Javier Sagrera;Calan Williams;;BMW M4 GT3 EVO;53;1:48.649;34.815;250;36.933;252;36.901;231;246
Bib;Class;Driver1;Driver2;Driver3;Driver4;Car;Lap;Time;Sector1Time;SpeedTrap1;Sector2Time;SpeedTrap2;Sector3Time;SpeedTrap3;TopSpeed
42;;Ahmad Al Harthy;Javier Sagrera;Calan Williams;;BMW M4 GT3 EVO;54;1:48.428;34.456;249;36.819;252;37.153;231;267
42;;Ahmad Al Harthy;Javier Sagrera;Calan Williams;;BMW M4 GT3 EVO;55;1:48.475;34.499;248;36.810;250;37.166;232;266
42;;Ahmad Al Harthy;Javier Sagrera;Calan Williams;;BMW M4 GT3 EVO;56;1:48.319;34.368;249;36.923;252;37.028;231;266
42;;Ahmad Al Harthy;Javier Sagrera;Calan Williams;;BMW M4 GT3 EVO;57;1:56.084;34.516;249;37.012;250;44.556;;267
42;;Ahmad Al Harthy;Javier Sagrera;Calan Williams;;BMW M4 GT3 EVO;58;3:05.833;1:51.352;244;37.281;247;37.200;230;203
42;;Ahmad Al Harthy;Javier Sagrera;Calan Williams;;BMW M4 GT3 EVO;59;1:48.373;34.684;246;36.810;250;36.879;231;265
42;;Ahmad Al Harthy;Javier Sagrera;Calan Williams;;BMW M4 GT3 EVO;60;1:48.859;35.298;247;36.675;250;36.886;231;267
42;;Ahmad Al Harthy;Javier Sagrera;Calan Williams;;BMW M4 GT3 EVO;61;1:48.386;34.537;248;37.012;249;36.837;229;267
42;;Ahmad Al Harthy;Javier Sagrera;Calan Williams;;BMW M4 GT3 EVO;62;1:48.606;34.510;247;37.020;249;37.076;230;265
42;;Ahmad Al Harthy;Javier Sagrera;Calan Williams;;BMW M4 GT3 EVO;63;1:48.269;34.714;246;36.781;250;36.774;231;266
42;;Ahmad Al Harthy;Javier Sagrera;Calan Williams;;BMW M4 GT3 EVO;64;1:47.901;34.509;245;36.577;250;36.815;230;266
42;;Ahmad Al Harthy;Javier Sagrera;Calan Williams;;BMW M4 GT3 EVO;65;1:47.872;34.586;245;36.535;250;36.751;230;266
42;;Ahmad Al Harthy;Javier Sagrera;Calan Williams;;BMW M4 GT3 EVO;66;1:47.934;34.478;245;36.621;250;36.835;230;267
Bib;Class;Driver1;Driver2;Driver3;Driver4;Car;Lap;Time;Sector1Time;SpeedTrap1;Sector2Time;SpeedTrap2;Sector3Time;SpeedTrap3;TopSpeed
42;;Ahmad Al Harthy;Javier Sagrera;Calan Williams;;BMW M4 GT3 EVO;67;1:47.938;34.518;246;36.585;249;36.835;231;267
42;;Ahmad Al Harthy;Javier Sagrera;Calan Williams;;BMW M4 GT3 EVO;68;1:48.365;34.977;246;36.680;250;36.708;230;257
42;;Ahmad Al Harthy;Javier Sagrera;Calan Williams;;BMW M4 GT3 EVO;69;1:47.621;34.440;246;36.592;251;36.589;231;267
42;;Ahmad Al Harthy;Javier Sagrera;Calan Williams;;BMW M4 GT3 EVO;70;1:48.089;34.510;247;36.884;250;36.695;231;267
42;;Ahmad Al Harthy;Javier Sagrera;Calan Williams;;BMW M4 GT3 EVO;71;1:48.350;34.491;246;36.975;250;36.884;230;266
42;;Ahmad Al Harthy;Javier Sagrera;Calan Williams;;BMW M4 GT3 EVO;72;3:19.888;34.823;245;1:12.765;79;1:32.300;78;266
42;;Ahmad Al Harthy;Javier Sagrera;Calan Williams;;BMW M4 GT3 EVO;73;4:21.132;1:26.619;78;1:21.927;78;1:32.586;78;78
42;;Ahmad Al Harthy;Javier Sagrera;Calan Williams;;BMW M4 GT3 EVO;74;3:42.465;1:26.712;78;1:21.987;78;53.766;227;78
42;;Ahmad Al Harthy;Javier Sagrera;Calan Williams;;BMW M4 GT3 EVO;75;1:53.987;36.280;229;38.556;241;39.151;226;252
42;;Ahmad Al Harthy;Javier Sagrera;Calan Williams;;BMW M4 GT3 EVO;76;2:24.177;46.605;122;50.985;177;46.587;232;179
42;;Ahmad Al Harthy;Javier Sagrera;Calan Williams;;BMW M4 GT3 EVO;77;1:51.611;36.273;250;37.633;252;37.705;232;232
42;;Ahmad Al Harthy;Javier Sagrera;Calan Williams;;BMW M4 GT3 EVO;78;2:03.448;35.902;249;45.274;186;42.272;201;268
42;;Ahmad Al Harthy;Javier Sagrera;Calan Williams;;BMW M4 GT3 EVO;79;4:08.640;1:30.147;57;1:26.955;94;1:11.538;95;54
Bib;Class;Driver1;Driver2;Driver3;Driver4;Car;Lap;Time;Sector1Time;SpeedTrap1;Sector2Time;SpeedTrap2;Sector3Time;SpeedTrap3;TopSpeed
44;;Joshua Rattican;Tomas Pintos;Jayden Kelly;;McLaren 720S GT3 EVO;1;3:07.664;51.854;232;53.537;113;1:22.273;65;178
44;;Joshua Rattican;Tomas Pintos;Jayden Kelly;;McLaren 720S GT3 EVO;2;4:31.770;1:53.765;115;1:18.243;91;1:19.762;83;71
44;;Joshua Rattican;Tomas Pintos;Jayden Kelly;;McLaren 720S GT3 EVO;3;3:13.663;1:14.584;79;1:06.532;136;52.547;186;38
44;;Joshua Rattican;Tomas Pintos;Jayden Kelly;;McLaren 720S GT3 EVO;4;2:41.248;1:02.314;128;52.984;127;45.950;173;90
44;;Joshua Rattican;Tomas Pintos;Jayden Kelly;;McLaren 720S GT3 EVO;5;2:33.006;40.997;166;53.632;156;58.377;;194
44;;Joshua Rattican;Tomas Pintos;Jayden Kelly;;McLaren 720S GT3 EVO;6;3:06.175;1:51.926;246;37.336;248;36.913;230;204
44;;Joshua Rattican;Tomas Pintos;Jayden Kelly;;McLaren 720S GT3 EVO;7;1:48.346;34.681;247;36.864;250;36.801;230;265
44;;Joshua Rattican;Tomas Pintos;Jayden Kelly;;McLaren 720S GT3 EVO;8;1:48.165;34.524;246;36.808;250;36.833;230;267
44;;Joshua Rattican;Tomas Pintos;Jayden Kelly;;McLaren 720S GT3 EVO;9;1:47.838;34.449;246;36.561;252;36.828;232;267
44;;Joshua Rattican;Tomas Pintos;Jayden Kelly;;McLaren 720S GT3 EVO;10;1:48.076;34.513;248;36.776;252;36.787;233;269
44;;Joshua Rattican;Tomas Pintos;Jayden Kelly;;McLaren 720S GT3 EVO;11;1:49.350;35.243;250;37.073;252;37.034;231;233
44;;Joshua Rattican;Tomas Pintos;Jayden Kelly;;McLaren 720S GT3 EVO;12;1:48.333;34.647;248;36.808;251;36.878;232;268
44;;Joshua Rattican;Tomas Pintos;Jayden Kelly;;McLaren 720S GT3 EVO;13;1:48.948;34.489;247;37.049;250;37.410;230;270
Bib;Class;Driver1;Driver2;Driver3;Driver4;Car;Lap;Time;Sector1Time;SpeedTrap1;Sector2Time;SpeedTrap2;Sector3Time;SpeedTrap3;TopSpeed
44;;Joshua Rattican;Tomas Pintos;Jayden Kelly;;McLaren 720S GT3 EVO;14;1:47.808;34.574;248;36.565;251;36.669;232;268
44;;Joshua Rattican;Tomas Pintos;Jayden Kelly;;McLaren 720S GT3 EVO;15;1:48.048;34.479;249;36.806;252;36.763;230;269
44;;Joshua Rattican;Tomas Pintos;Jayden Kelly;;McLaren 720S GT3 EVO;16;1:49.310;34.535;250;37.260;252;37.515;230;267
44;;Joshua Rattican;Tomas Pintos;Jayden Kelly;;McLaren 720S GT3 EVO;17;1:48.634;34.465;248;37.147;252;37.022;231;265
44;;Joshua Rattican;Tomas Pintos;Jayden Kelly;;McLaren 720S GT3 EVO;18;1:48.256;34.432;248;36.790;251;37.034;231;266
44;;Joshua Rattican;Tomas Pintos;Jayden Kelly;;McLaren 720S GT3 EVO;19;1:48.489;34.575;248;36.664;252;37.250;231;266
44;;Joshua Rattican;Tomas Pintos;Jayden Kelly;;McLaren 720S GT3 EVO;20;1:48.155;34.469;248;36.749;253;36.937;232;266
44;;Joshua Rattican;Tomas Pintos;Jayden Kelly;;McLaren 720S GT3 EVO;21;1:48.703;34.560;238;36.920;252;37.223;232;266
44;;Joshua Rattican;Tomas Pintos;Jayden Kelly;;McLaren 720S GT3 EVO;22;1:48.760;34.429;248;37.117;255;37.214;233;268
44;;Joshua Rattican;Tomas Pintos;Jayden Kelly;;McLaren 720S GT3 EVO;23;1:52.597;34.613;249;36.751;253;41.233;77;268
44;;Joshua Rattican;Tomas Pintos;Jayden Kelly;;McLaren 720S GT3 EVO;24;4:22.908;1:27.155;77;1:22.706;78;1:33.047;78;77
44;;Joshua Rattican;Tomas Pintos;Jayden Kelly;;McLaren 720S GT3 EVO;25;4:22.324;1:26.841;78;1:22.393;77;1:33.090;78;78
44;;Joshua Rattican;Tomas Pintos;Jayden Kelly;;McLaren 720S GT3 EVO;26;4:22.390;1:26.897;78;1:22.409;77;1:33.084;78;78
Bib;Class;Driver1;Driver2;Driver3;Driver4;Car;Lap;Time;Sector1Time;SpeedTrap1;Sector2Time;SpeedTrap2;Sector3Time;SpeedTrap3;TopSpeed
44;;Joshua Rattican;Tomas Pintos;Jayden Kelly;;McLaren 720S GT3 EVO;27;2:57.722;1:26.986;77;46.775;241;43.961;117;78
44;;Joshua Rattican;Tomas Pintos;Jayden Kelly;;McLaren 720S GT3 EVO;28;2:40.126;1:06.242;100;50.971;225;42.913;232;81
44;;Joshua Rattican;Tomas Pintos;Jayden Kelly;;McLaren 720S GT3 EVO;29;1:50.909;35.266;252;38.234;253;37.409;232;268
44;;Joshua Rattican;Tomas Pintos;Jayden Kelly;;McLaren 720S GT3 EVO;30;1:49.343;34.917;252;37.616;253;36.810;232;259
44;;Joshua Rattican;Tomas Pintos;Jayden Kelly;;McLaren 720S GT3 EVO;31;1:57.155;34.371;249;37.878;252;44.906;;269
44;;Joshua Rattican;Tomas Pintos;Jayden Kelly;;McLaren 720S GT3 EVO;32;3:05.068;1:51.325;245;36.818;249;36.925;230;203
44;;Joshua Rattican;Tomas Pintos;Jayden Kelly;;McLaren 720S GT3 EVO;33;1:48.488;34.725;246;36.750;250;37.013;231;265
44;;Joshua Rattican;Tomas Pintos;Jayden Kelly;;McLaren 720S GT3 EVO;34;2:25.972;1:05.293;78;43.938;250;36.741;231;76
44;;Joshua Rattican;Tomas Pintos;Jayden Kelly;;McLaren 720S GT3 EVO;35;1:48.028;34.658;247;36.686;251;36.684;231;265
44;;Joshua Rattican;Tomas Pintos;Jayden Kelly;;McLaren 720S GT3 EVO;36;1:48.088;34.681;246;36.705;250;36.702;231;267
44;;Joshua Rattican;Tomas Pintos;Jayden Kelly;;McLaren 720S GT3 EVO;37;1:47.663;34.441;247;36.671;251;36.551;232;266
44;;Joshua Rattican;Tomas Pintos;Jayden Kelly;;McLaren 720S GT3 EVO;38;1:47.804;34.572;247;36.541;251;36.691;231;267
44;;Joshua Rattican;Tomas Pintos;Jayden Kelly;;McLaren 720S GT3 EVO;39;1:47.807;34.532;248;36.556;251;36.719;232;267
Bib;Class;Driver1;Driver2;Driver3;Driver4;Car;Lap;Time;Sector1Time;SpeedTrap1;Sector2Time;SpeedTrap2;Sector3Time;SpeedTrap3;TopSpeed
44;;Joshua Rattican;Tomas Pintos;Jayden Kelly;;McLaren 720S GT3 EVO;40;1:47.975;34.592;248;36.626;252;36.757;232;267
44;;Joshua Rattican;Tomas Pintos;Jayden Kelly;;McLaren 720S GT3 EVO;41;1:47.671;34.525;246;36.551;253;36.595;232;267
44;;Joshua Rattican;Tomas Pintos;Jayden Kelly;;McLaren 720S GT3 EVO;42;2:48.797;34.614;249;41.339;78;1:32.844;78;268
44;;Joshua Rattican;Tomas Pintos;Jayden Kelly;;McLaren 720S GT3 EVO;43;4:21.948;1:26.701;78;1:22.219;77;1:33.028;78;78
44;;Joshua Rattican;Tomas Pintos;Jayden Kelly;;McLaren 720S GT3 EVO;44;4:23.001;1:27.726;78;1:22.272;78;1:33.003;78;78
44;;Joshua Rattican;Tomas Pintos;Jayden Kelly;;McLaren 720S GT3 EVO;45;2:11.467;51.589;137;40.480;243;39.398;224;168
44;;Joshua Rattican;Tomas Pintos;Jayden Kelly;;McLaren 720S GT3 EVO;46;2:04.874;36.808;246;37.581;249;50.485;117;234
44;;Joshua Rattican;Tomas Pintos;Jayden Kelly;;McLaren 720S GT3 EVO;47;2:43.502;1:06.038;125;53.998;190;43.466;234;69
44;;Joshua Rattican;Tomas Pintos;Jayden Kelly;;McLaren 720S GT3 EVO;48;1:50.291;34.860;250;37.609;254;37.822;233;264
44;;Joshua Rattican;Tomas Pintos;Jayden Kelly;;McLaren 720S GT3 EVO;49;1:50.636;36.166;250;37.594;254;36.876;233;244
44;;Joshua Rattican;Tomas Pintos;Jayden Kelly;;McLaren 720S GT3 EVO;50;1:48.588;34.547;249;37.159;252;36.882;232;269
44;;Joshua Rattican;Tomas Pintos;Jayden Kelly;;McLaren 720S GT3 EVO;51;1:48.382;34.540;249;36.716;252;37.126;234;269
44;;Joshua Rattican;Tomas Pintos;Jayden Kelly;;McLaren 720S GT3 EVO;52;1:48.892;34.652;251;37.076;253;37.164;231;269
Bib;Class;Driver1;Driver2;Driver3;Driver4;Car;Lap;Time;Sector1Time;SpeedTrap1;Sector2Time;SpeedTrap2;Sector3Time;SpeedTrap3;TopSpeed
44;;Joshua Rattican;Tomas Pintos;Jayden Kelly;;McLaren 720S GT3 EVO;53;1:48.870;34.856;249;37.026;252;36.988;231;262
44;;Joshua Rattican;Tomas Pintos;Jayden Kelly;;McLaren 720S GT3 EVO;54;1:48.078;34.602;248;36.811;253;36.665;232;266
44;;Joshua Rattican;Tomas Pintos;Jayden Kelly;;McLaren 720S GT3 EVO;55;1:48.468;34.592;249;37.086;252;36.790;233;267
44;;Joshua Rattican;Tomas Pintos;Jayden Kelly;;McLaren 720S GT3 EVO;56;1:48.309;34.668;248;36.960;252;36.681;233;269
44;;Joshua Rattican;Tomas Pintos;Jayden Kelly;;McLaren 720S GT3 EVO;57;1:48.250;34.651;249;36.768;252;36.831;233;269
44;;Joshua Rattican;Tomas Pintos;Jayden Kelly;;McLaren 720S GT3 EVO;58;1:56.029;34.612;249;36.794;253;44.623;;269
44;;Joshua Rattican;Tomas Pintos;Jayden Kelly;;McLaren 720S GT3 EVO;59;3:09.246;1:55.530;245;36.725;252;36.991;231;200
44;;Joshua Rattican;Tomas Pintos;Jayden Kelly;;McLaren 720S GT3 EVO;60;1:47.933;34.584;246;36.554;252;36.795;231;269
44;;Joshua Rattican;Tomas Pintos;Jayden Kelly;;McLaren 720S GT3 EVO;61;1:48.605;34.566;248;36.843;252;37.196;230;267
44;;Joshua Rattican;Tomas Pintos;Jayden Kelly;;McLaren 720S GT3 EVO;62;1:48.451;34.740;248;36.966;251;36.745;231;269
44;;Joshua Rattican;Tomas Pintos;Jayden Kelly;;McLaren 720S GT3 EVO;63;1:48.287;34.451;247;36.897;251;36.939;231;269
44;;Joshua Rattican;Tomas Pintos;Jayden Kelly;;McLaren 720S GT3 EVO;64;1:48.309;34.563;249;36.938;253;36.808;232;268
44;;Joshua Rattican;Tomas Pintos;Jayden Kelly;;McLaren 720S GT3 EVO;65;1:47.471;34.460;250;36.322;253;36.689;231;269
Bib;Class;Driver1;Driver2;Driver3;Driver4;Car;Lap;Time;Sector1Time;SpeedTrap1;Sector2Time;SpeedTrap2;Sector3Time;SpeedTrap3;TopSpeed
44;;Joshua Rattican;Tomas Pintos;Jayden Kelly;;McLaren 720S GT3 EVO;66;1:48.858;34.447;248;37.384;253;37.027;231;269
44;;Joshua Rattican;Tomas Pintos;Jayden Kelly;;McLaren 720S GT3 EVO;67;1:47.801;34.482;247;36.565;252;36.754;232;269
44;;Joshua Rattican;Tomas Pintos;Jayden Kelly;;McLaren 720S GT3 EVO;68;1:47.897;34.516;246;36.632;252;36.749;231;268
44;;Joshua Rattican;Tomas Pintos;Jayden Kelly;;McLaren 720S GT3 EVO;69;1:48.034;34.647;249;36.729;252;36.658;232;267
44;;Joshua Rattican;Tomas Pintos;Jayden Kelly;;McLaren 720S GT3 EVO;70;1:48.331;34.512;249;37.024;250;36.795;233;269
44;;Joshua Rattican;Tomas Pintos;Jayden Kelly;;McLaren 720S GT3 EVO;71;4:58.230;34.501;247;2:47.158;78;1:36.571;;268
45;;Rafael Duran;Dylan Medler;David Perel;;Ferrari 296 GT3 EVO;1;2:46.456;45.285;245;45.079;168;1:16.092;69;177
45;;Rafael Duran;Dylan Medler;David Perel;;Ferrari 296 GT3 EVO;2;4:28.539;1:47.813;111;1:20.360;90;1:20.366;84;48
45;;Rafael Duran;Dylan Medler;David Perel;;Ferrari 296 GT3 EVO;3;3:22.265;1:20.694;86;1:03.288;191;58.283;143;47
45;;Rafael Duran;Dylan Medler;David Perel;;Ferrari 296 GT3 EVO;4;2:53.130;1:04.560;156;54.148;194;54.422;;66
45;;Rafael Duran;Dylan Medler;David Perel;;Ferrari 296 GT3 EVO;5;3:08.195;1:51.667;245;38.251;247;38.277;230;201
45;;Rafael Duran;Dylan Medler;David Perel;;Ferrari 296 GT3 EVO;6;2:11.635;36.870;145;50.374;174;44.391;233;209
45;;Rafael Duran;Dylan Medler;David Perel;;Ferrari 296 GT3 EVO;7;1:53.367;35.511;252;37.854;255;40.002;234;253
Bib;Class;Driver1;Driver2;Driver3;Driver4;Car;Lap;Time;Sector1Time;SpeedTrap1;Sector2Time;SpeedTrap2;Sector3Time;SpeedTrap3;TopSpeed
45;;Rafael Duran;Dylan Medler;David Perel;;Ferrari 296 GT3 EVO;8;1:53.608;37.766;245;38.754;252;37.088;232;263
45;;Rafael Duran;Dylan Medler;David Perel;;Ferrari 296 GT3 EVO;9;1:48.669;34.212;252;37.317;253;37.140;233;271
45;;Rafael Duran;Dylan Medler;David Perel;;Ferrari 296 GT3 EVO;10;1:49.779;34.661;250;37.765;254;37.353;231;255
45;;Rafael Duran;Dylan Medler;David Perel;;Ferrari 296 GT3 EVO;11;1:48.217;34.513;250;36.889;254;36.815;234;270
45;;Rafael Duran;Dylan Medler;David Perel;;Ferrari 296 GT3 EVO;12;1:47.836;34.133;250;36.801;254;36.902;233;272
45;;Rafael Duran;Dylan Medler;David Perel;;Ferrari 296 GT3 EVO;13;1:48.244;34.119;251;36.819;255;37.306;233;272
45;;Rafael Duran;Dylan Medler;David Perel;;Ferrari 296 GT3 EVO;14;1:48.934;35.029;252;36.850;254;37.055;234;265
45;;Rafael Duran;Dylan Medler;David Perel;;Ferrari 296 GT3 EVO;15;1:50.090;34.657;254;37.894;254;37.539;234;272
45;;Rafael Duran;Dylan Medler;David Perel;;Ferrari 296 GT3 EVO;16;1:48.763;34.422;253;37.074;255;37.267;234;267
45;;Rafael Duran;Dylan Medler;David Perel;;Ferrari 296 GT3 EVO;17;1:47.941;34.285;252;36.790;255;36.866;234;264
45;;Rafael Duran;Dylan Medler;David Perel;;Ferrari 296 GT3 EVO;18;1:48.837;34.431;251;37.252;254;37.154;233;264
45;;Rafael Duran;Dylan Medler;David Perel;;Ferrari 296 GT3 EVO;19;1:47.925;34.171;254;37.004;254;36.750;234;265
45;;Rafael Duran;Dylan Medler;David Perel;;Ferrari 296 GT3 EVO;20;1:49.264;34.389;249;37.333;255;37.542;233;271
Bib;Class;Driver1;Driver2;Driver3;Driver4;Car;Lap;Time;Sector1Time;SpeedTrap1;Sector2Time;SpeedTrap2;Sector3Time;SpeedTrap3;TopSpeed
45;;Rafael Duran;Dylan Medler;David Perel;;Ferrari 296 GT3 EVO;21;1:49.187;34.894;252;37.540;255;36.753;234;269
45;;Rafael Duran;Dylan Medler;David Perel;;Ferrari 296 GT3 EVO;22;1:47.473;34.238;252;36.585;255;36.650;234;270
45;;Rafael Duran;Dylan Medler;David Perel;;Ferrari 296 GT3 EVO;23;1:47.792;34.170;250;36.802;253;36.820;234;268
45;;Rafael Duran;Dylan Medler;David Perel;;Ferrari 296 GT3 EVO;24;3:59.348;1:04.871;78;1:21.862;79;1:32.615;78;80
45;;Rafael Duran;Dylan Medler;David Perel;;Ferrari 296 GT3 EVO;25;4:20.477;1:26.211;78;1:21.853;78;1:32.413;78;78
45;;Rafael Duran;Dylan Medler;David Perel;;Ferrari 296 GT3 EVO;26;4:24.616;1:26.343;78;1:22.284;78;1:35.989;;78
45;;Rafael Duran;Dylan Medler;David Perel;;Ferrari 296 GT3 EVO;27;3:43.363;2:17.883;150;43.416;215;42.064;169;78
45;;Rafael Duran;Dylan Medler;David Perel;;Ferrari 296 GT3 EVO;28;2:33.776;1:01.157;99;51.397;195;41.222;235;80
45;;Rafael Duran;Dylan Medler;David Perel;;Ferrari 296 GT3 EVO;29;1:50.251;34.790;251;38.319;253;37.142;233;260
45;;Rafael Duran;Dylan Medler;David Perel;;Ferrari 296 GT3 EVO;30;1:50.171;35.095;252;38.018;253;37.058;233;260
45;;Rafael Duran;Dylan Medler;David Perel;;Ferrari 296 GT3 EVO;31;1:48.619;34.349;248;37.123;254;37.147;233;272
45;;Rafael Duran;Dylan Medler;David Perel;;Ferrari 296 GT3 EVO;32;1:49.219;34.322;249;37.457;255;37.440;234;269
45;;Rafael Duran;Dylan Medler;David Perel;;Ferrari 296 GT3 EVO;33;1:48.213;34.729;249;36.769;253;36.715;233;270
Bib;Class;Driver1;Driver2;Driver3;Driver4;Car;Lap;Time;Sector1Time;SpeedTrap1;Sector2Time;SpeedTrap2;Sector3Time;SpeedTrap3;TopSpeed
45;;Rafael Duran;Dylan Medler;David Perel;;Ferrari 296 GT3 EVO;34;2:04.123;34.351;248;36.412;253;53.360;78;270
45;;Rafael Duran;Dylan Medler;David Perel;;Ferrari 296 GT3 EVO;35;2:14.310;1:00.830;248;36.772;250;36.708;232;78
45;;Rafael Duran;Dylan Medler;David Perel;;Ferrari 296 GT3 EVO;36;1:47.470;34.185;249;36.511;252;36.774;233;268
45;;Rafael Duran;Dylan Medler;David Perel;;Ferrari 296 GT3 EVO;37;1:47.192;34.087;251;36.483;253;36.622;233;269
45;;Rafael Duran;Dylan Medler;David Perel;;Ferrari 296 GT3 EVO;38;1:47.914;34.207;253;36.950;254;36.757;236;261
45;;Rafael Duran;Dylan Medler;David Perel;;Ferrari 296 GT3 EVO;39;1:47.950;34.826;250;36.489;253;36.635;234;262
45;;Rafael Duran;Dylan Medler;David Perel;;Ferrari 296 GT3 EVO;40;1:47.316;34.141;249;36.776;252;36.399;234;269
45;;Rafael Duran;Dylan Medler;David Perel;;Ferrari 296 GT3 EVO;41;1:46.606;34.001;249;36.219;253;36.386;234;269
45;;Rafael Duran;Dylan Medler;David Perel;;Ferrari 296 GT3 EVO;42;1:46.783;34.064;249;36.324;254;36.395;234;270
45;;Rafael Duran;Dylan Medler;David Perel;;Ferrari 296 GT3 EVO;43;3:20.690;34.162;251;1:11.494;79;1:35.034;;271
45;;Rafael Duran;Dylan Medler;David Perel;;Ferrari 296 GT3 EVO;44;5:24.830;2:30.000;78;1:21.791;78;1:33.039;75;78
45;;Rafael Duran;Dylan Medler;David Perel;;Ferrari 296 GT3 EVO;45;3:27.077;1:26.713;78;1:16.187;117;44.177;228;78
45;;Rafael Duran;Dylan Medler;David Perel;;Ferrari 296 GT3 EVO;46;2:47.583;36.867;244;1:01.547;103;1:09.169;103;234
Bib;Class;Driver1;Driver2;Driver3;Driver4;Car;Lap;Time;Sector1Time;SpeedTrap1;Sector2Time;SpeedTrap2;Sector3Time;SpeedTrap3;TopSpeed
45;;Rafael Duran;Dylan Medler;David Perel;;Ferrari 296 GT3 EVO;47;2:55.086;1:05.907;106;55.605;211;53.574;234;102
45;;Rafael Duran;Dylan Medler;David Perel;;Ferrari 296 GT3 EVO;48;1:49.637;35.021;251;37.295;253;37.321;235;253
45;;Rafael Duran;Dylan Medler;David Perel;;Ferrari 296 GT3 EVO;49;1:49.113;34.477;250;37.417;255;37.219;233;273
45;;Rafael Duran;Dylan Medler;David Perel;;Ferrari 296 GT3 EVO;50;1:48.524;34.264;248;36.984;256;37.276;233;273
45;;Rafael Duran;Dylan Medler;David Perel;;Ferrari 296 GT3 EVO;51;1:49.579;34.951;246;37.607;255;37.021;234;272
45;;Rafael Duran;Dylan Medler;David Perel;;Ferrari 296 GT3 EVO;52;1:48.556;34.260;250;37.207;255;37.089;233;273
45;;Rafael Duran;Dylan Medler;David Perel;;Ferrari 296 GT3 EVO;53;1:47.603;34.098;252;36.716;254;36.789;234;271
45;;Rafael Duran;Dylan Medler;David Perel;;Ferrari 296 GT3 EVO;54;1:48.398;34.066;249;37.343;253;36.989;233;271
45;;Rafael Duran;Dylan Medler;David Perel;;Ferrari 296 GT3 EVO;55;1:48.454;34.128;248;36.818;255;37.508;231;271
45;;Rafael Duran;Dylan Medler;David Perel;;Ferrari 296 GT3 EVO;56;1:47.763;34.558;251;36.619;255;36.586;235;262
45;;Rafael Duran;Dylan Medler;David Perel;;Ferrari 296 GT3 EVO;57;1:54.021;33.981;251;36.423;255;43.617;;273
45;;Rafael Duran;Dylan Medler;David Perel;;Ferrari 296 GT3 EVO;58;3:08.465;1:52.406;248;37.970;250;38.089;230;203
45;;Rafael Duran;Dylan Medler;David Perel;;Ferrari 296 GT3 EVO;59;1:50.401;35.489;250;37.777;252;37.135;234;255
Bib;Class;Driver1;Driver2;Driver3;Driver4;Car;Lap;Time;Sector1Time;SpeedTrap1;Sector2Time;SpeedTrap2;Sector3Time;SpeedTrap3;TopSpeed
45;;Rafael Duran;Dylan Medler;David Perel;;Ferrari 296 GT3 EVO;60;1:48.401;34.358;248;37.104;252;36.939;232;269
45;;Rafael Duran;Dylan Medler;David Perel;;Ferrari 296 GT3 EVO;61;1:47.933;34.358;250;36.820;251;36.755;233;267
45;;Rafael Duran;Dylan Medler;David Perel;;Ferrari 296 GT3 EVO;62;1:49.799;34.244;249;38.445;252;37.110;234;267
45;;Rafael Duran;Dylan Medler;David Perel;;Ferrari 296 GT3 EVO;63;1:47.745;34.232;250;36.683;253;36.830;233;270
45;;Rafael Duran;Dylan Medler;David Perel;;Ferrari 296 GT3 EVO;64;1:47.602;34.030;249;36.902;253;36.670;233;269
45;;Rafael Duran;Dylan Medler;David Perel;;Ferrari 296 GT3 EVO;65;1:47.753;34.219;249;36.763;253;36.771;233;271
45;;Rafael Duran;Dylan Medler;David Perel;;Ferrari 296 GT3 EVO;66;1:48.560;34.067;249;37.526;252;36.967;232;271
45;;Rafael Duran;Dylan Medler;David Perel;;Ferrari 296 GT3 EVO;67;1:47.619;34.184;248;36.638;252;36.797;233;270
45;;Rafael Duran;Dylan Medler;David Perel;;Ferrari 296 GT3 EVO;68;1:47.481;34.091;248;36.687;253;36.703;233;269
45;;Rafael Duran;Dylan Medler;David Perel;;Ferrari 296 GT3 EVO;69;1:48.390;34.165;249;36.884;254;37.341;229;269
45;;Rafael Duran;Dylan Medler;David Perel;;Ferrari 296 GT3 EVO;70;1:48.827;35.022;249;37.022;253;36.783;233;255
45;;Rafael Duran;Dylan Medler;David Perel;;Ferrari 296 GT3 EVO;71;1:56.291;34.193;248;42.309;255;39.789;234;269
45;;Rafael Duran;Dylan Medler;David Perel;;Ferrari 296 GT3 EVO;72;3:23.953;34.993;250;1:16.549;78;1:32.411;78;272
Bib;Class;Driver1;Driver2;Driver3;Driver4;Car;Lap;Time;Sector1Time;SpeedTrap1;Sector2Time;SpeedTrap2;Sector3Time;SpeedTrap3;TopSpeed
45;;Rafael Duran;Dylan Medler;David Perel;;Ferrari 296 GT3 EVO;73;4:20.983;1:26.818;78;1:21.745;78;1:32.420;78;78
45;;Rafael Duran;Dylan Medler;David Perel;;Ferrari 296 GT3 EVO;74;3:41.959;1:27.495;79;1:22.391;78;52.073;221;78
45;;Rafael Duran;Dylan Medler;David Perel;;Ferrari 296 GT3 EVO;75;1:55.994;38.027;248;38.469;244;39.498;231;213
45;;Rafael Duran;Dylan Medler;David Perel;;Ferrari 296 GT3 EVO;76;2:14.265;41.437;133;48.704;219;44.124;233;260
45;;Rafael Duran;Dylan Medler;David Perel;;Ferrari 296 GT3 EVO;77;1:53.266;35.842;241;39.315;255;38.109;235;269
45;;Rafael Duran;Dylan Medler;David Perel;;Ferrari 296 GT3 EVO;78;2:06.721;36.557;247;48.533;162;41.631;174;258
45;;Rafael Duran;Dylan Medler;David Perel;;Ferrari 296 GT3 EVO;79;4:09.524;1:31.995;58;1:25.332;75;1:12.197;111;24
46;;Daniel Harper;Max Hesse;Valentino Rossi;;BMW M4 GT3 EVO;1;2:24.690;40.800;239;37.912;247;1:05.978;80;199
46;;Daniel Harper;Max Hesse;Valentino Rossi;;BMW M4 GT3 EVO;2;4:22.851;1:46.228;79;1:19.373;83;1:17.250;87;47
46;;Daniel Harper;Max Hesse;Valentino Rossi;;BMW M4 GT3 EVO;3;3:30.314;1:24.552;77;1:00.418;150;1:05.344;;97
48;;Lucas Auer;Luca Stolz;Maro Engel;;Mercedes-AMG GT3 EVO;1;2:23.234;38.642;241;38.546;248;1:06.046;73;221
48;;Lucas Auer;Luca Stolz;Maro Engel;;Mercedes-AMG GT3 EVO;2;4:22.507;1:46.387;85;1:18.568;113;1:17.552;85;51
48;;Lucas Auer;Luca Stolz;Maro Engel;;Mercedes-AMG GT3 EVO;3;3:26.809;1:24.797;83;1:00.115;161;1:01.897;125;86
48;;Lucas Auer;Luca Stolz;Maro Engel;;Mercedes-AMG GT3 EVO;4;2:53.056;1:06.975;123;52.414;137;53.667;155;115
Bib;Class;Driver1;Driver2;Driver3;Driver4;Car;Lap;Time;Sector1Time;SpeedTrap1;Sector2Time;SpeedTrap2;Sector3Time;SpeedTrap3;TopSpeed
48;;Lucas Auer;Luca Stolz;Maro Engel;;Mercedes-AMG GT3 EVO;5;2:38.700;49.892;139;49.969;196;58.839;135;119
48;;Lucas Auer;Luca Stolz;Maro Engel;;Mercedes-AMG GT3 EVO;6;2:51.329;1:00.421;125;56.802;133;54.106;230;146
48;;Lucas Auer;Luca Stolz;Maro Engel;;Mercedes-AMG GT3 EVO;7;1:49.625;35.206;249;37.217;249;37.202;230;264
48;;Lucas Auer;Luca Stolz;Maro Engel;;Mercedes-AMG GT3 EVO;8;1:48.779;34.674;249;37.086;250;37.019;231;265
48;;Lucas Auer;Luca Stolz;Maro Engel;;Mercedes-AMG GT3 EVO;9;1:48.191;34.533;249;36.808;250;36.850;231;266
48;;Lucas Auer;Luca Stolz;Maro Engel;;Mercedes-AMG GT3 EVO;10;1:47.832;34.460;249;36.669;250;36.703;232;267
48;;Lucas Auer;Luca Stolz;Maro Engel;;Mercedes-AMG GT3 EVO;11;1:47.399;34.314;250;36.528;251;36.557;233;266
48;;Lucas Auer;Luca Stolz;Maro Engel;;Mercedes-AMG GT3 EVO;12;1:47.343;34.254;250;36.531;250;36.558;233;267
48;;Lucas Auer;Luca Stolz;Maro Engel;;Mercedes-AMG GT3 EVO;13;1:47.261;34.322;249;36.415;252;36.524;231;267
48;;Lucas Auer;Luca Stolz;Maro Engel;;Mercedes-AMG GT3 EVO;14;1:47.145;34.300;250;36.289;251;36.556;232;267
48;;Lucas Auer;Luca Stolz;Maro Engel;;Mercedes-AMG GT3 EVO;15;1:47.295;34.254;250;36.499;251;36.542;233;267
48;;Lucas Auer;Luca Stolz;Maro Engel;;Mercedes-AMG GT3 EVO;16;1:47.147;34.163;250;36.416;252;36.568;232;268
48;;Lucas Auer;Luca Stolz;Maro Engel;;Mercedes-AMG GT3 EVO;17;1:47.361;34.259;250;36.565;252;36.537;232;267
48;;Lucas Auer;Luca Stolz;Maro Engel;;Mercedes-AMG GT3 EVO;18;1:47.218;34.231;250;36.523;252;36.464;233;267
48;;Lucas Auer;Luca Stolz;Maro Engel;;Mercedes-AMG GT3 EVO;19;1:47.005;34.163;250;36.407;252;36.435;232;268
48;;Lucas Auer;Luca Stolz;Maro Engel;;Mercedes-AMG GT3 EVO;20;1:47.054;34.251;250;36.324;252;36.479;233;267
48;;Lucas Auer;Luca Stolz;Maro Engel;;Mercedes-AMG GT3 EVO;21;1:46.900;34.196;250;36.360;252;36.344;233;268
Bib;Class;Driver1;Driver2;Driver3;Driver4;Car;Lap;Time;Sector1Time;SpeedTrap1;Sector2Time;SpeedTrap2;Sector3Time;SpeedTrap3;TopSpeed
48;;Lucas Auer;Luca Stolz;Maro Engel;;Mercedes-AMG GT3 EVO;22;1:46.815;34.168;249;36.316;252;36.331;233;266
48;;Lucas Auer;Luca Stolz;Maro Engel;;Mercedes-AMG GT3 EVO;23;1:46.838;34.233;249;36.304;252;36.301;233;265
48;;Lucas Auer;Luca Stolz;Maro Engel;;Mercedes-AMG GT3 EVO;24;3:05.477;34.167;249;58.893;78;1:32.417;78;265
48;;Lucas Auer;Luca Stolz;Maro Engel;;Mercedes-AMG GT3 EVO;25;4:23.727;1:26.569;78;1:21.970;78;1:35.188;;78
48;;Lucas Auer;Luca Stolz;Maro Engel;;Mercedes-AMG GT3 EVO;26;5:24.553;2:29.109;78;1:22.427;78;1:33.017;78;78
48;;Lucas Auer;Luca Stolz;Maro Engel;;Mercedes-AMG GT3 EVO;27;3:50.392;1:26.759;78;1:16.311;120;1:07.322;109;78
48;;Lucas Auer;Luca Stolz;Maro Engel;;Mercedes-AMG GT3 EVO;28;2:51.926;1:05.423;121;53.016;190;53.487;231;106
48;;Lucas Auer;Luca Stolz;Maro Engel;;Mercedes-AMG GT3 EVO;29;1:48.550;34.733;248;36.831;250;36.986;231;264
48;;Lucas Auer;Luca Stolz;Maro Engel;;Mercedes-AMG GT3 EVO;30;1:48.120;34.610;248;36.706;250;36.804;231;263
48;;Lucas Auer;Luca Stolz;Maro Engel;;Mercedes-AMG GT3 EVO;31;1:47.989;34.652;248;36.538;249;36.799;231;264
48;;Lucas Auer;Luca Stolz;Maro Engel;;Mercedes-AMG GT3 EVO;32;1:47.723;34.432;248;36.596;250;36.695;230;264
48;;Lucas Auer;Luca Stolz;Maro Engel;;Mercedes-AMG GT3 EVO;33;1:47.608;34.449;249;36.591;250;36.568;231;265
48;;Lucas Auer;Luca Stolz;Maro Engel;;Mercedes-AMG GT3 EVO;34;1:52.123;34.427;249;36.633;250;41.063;78;266
48;;Lucas Auer;Luca Stolz;Maro Engel;;Mercedes-AMG GT3 EVO;35;2:29.667;1:15.846;214;37.079;249;36.742;231;78
48;;Lucas Auer;Luca Stolz;Maro Engel;;Mercedes-AMG GT3 EVO;36;1:47.703;34.378;249;36.623;250;36.702;232;265
48;;Lucas Auer;Luca Stolz;Maro Engel;;Mercedes-AMG GT3 EVO;37;1:47.637;34.349;250;36.619;252;36.669;233;264
48;;Lucas Auer;Luca Stolz;Maro Engel;;Mercedes-AMG GT3 EVO;38;1:47.492;34.269;249;36.586;250;36.637;232;267
Bib;Class;Driver1;Driver2;Driver3;Driver4;Car;Lap;Time;Sector1Time;SpeedTrap1;Sector2Time;SpeedTrap2;Sector3Time;SpeedTrap3;TopSpeed
48;;Lucas Auer;Luca Stolz;Maro Engel;;Mercedes-AMG GT3 EVO;39;1:47.169;34.310;249;36.370;250;36.489;232;265
48;;Lucas Auer;Luca Stolz;Maro Engel;;Mercedes-AMG GT3 EVO;40;1:47.176;34.294;249;36.398;252;36.484;233;265
48;;Lucas Auer;Luca Stolz;Maro Engel;;Mercedes-AMG GT3 EVO;41;1:47.169;34.236;250;36.351;253;36.582;232;267
48;;Lucas Auer;Luca Stolz;Maro Engel;;Mercedes-AMG GT3 EVO;42;1:47.202;34.151;250;36.499;253;36.552;233;268
48;;Lucas Auer;Luca Stolz;Maro Engel;;Mercedes-AMG GT3 EVO;43;3:07.315;34.256;250;1:00.286;78;1:32.773;78;266
48;;Lucas Auer;Luca Stolz;Maro Engel;;Mercedes-AMG GT3 EVO;44;4:21.555;1:26.617;78;1:22.148;78;1:32.790;78;78
48;;Lucas Auer;Luca Stolz;Maro Engel;;Mercedes-AMG GT3 EVO;45;4:20.959;1:27.294;78;1:22.207;78;1:31.458;;78
48;;Lucas Auer;Luca Stolz;Maro Engel;;Mercedes-AMG GT3 EVO;46;3:38.693;1:50.037;245;42.098;167;1:06.558;106;202
48;;Lucas Auer;Luca Stolz;Maro Engel;;Mercedes-AMG GT3 EVO;47;2:47.757;1:06.235;121;54.827;196;46.695;234;51
48;;Lucas Auer;Luca Stolz;Maro Engel;;Mercedes-AMG GT3 EVO;48;1:49.156;34.602;251;37.675;253;36.879;233;267
48;;Lucas Auer;Luca Stolz;Maro Engel;;Mercedes-AMG GT3 EVO;49;1:50.118;34.780;252;38.243;253;37.095;234;270
48;;Lucas Auer;Luca Stolz;Maro Engel;;Mercedes-AMG GT3 EVO;50;1:49.158;34.743;249;37.265;255;37.150;233;274
48;;Lucas Auer;Luca Stolz;Maro Engel;;Mercedes-AMG GT3 EVO;51;1:49.257;34.329;253;37.769;251;37.159;234;271
48;;Lucas Auer;Luca Stolz;Maro Engel;;Mercedes-AMG GT3 EVO;52;1:48.164;34.219;253;36.814;255;37.131;234;271
48;;Lucas Auer;Luca Stolz;Maro Engel;;Mercedes-AMG GT3 EVO;53;1:48.371;34.441;253;36.965;255;36.965;234;271
48;;Lucas Auer;Luca Stolz;Maro Engel;;Mercedes-AMG GT3 EVO;54;1:48.278;34.517;251;36.944;255;36.817;234;263
48;;Lucas Auer;Luca Stolz;Maro Engel;;Mercedes-AMG GT3 EVO;55;1:49.442;34.665;250;36.536;255;38.241;234;270
Bib;Class;Driver1;Driver2;Driver3;Driver4;Car;Lap;Time;Sector1Time;SpeedTrap1;Sector2Time;SpeedTrap2;Sector3Time;SpeedTrap3;TopSpeed
48;;Lucas Auer;Luca Stolz;Maro Engel;;Mercedes-AMG GT3 EVO;56;1:50.265;36.376;248;36.965;255;36.924;234;273
48;;Lucas Auer;Luca Stolz;Maro Engel;;Mercedes-AMG GT3 EVO;57;1:48.695;34.617;241;37.268;253;36.810;235;263
48;;Lucas Auer;Luca Stolz;Maro Engel;;Mercedes-AMG GT3 EVO;58;1:48.230;34.172;252;36.833;253;37.225;232;271
48;;Lucas Auer;Luca Stolz;Maro Engel;;Mercedes-AMG GT3 EVO;59;1:48.945;34.702;252;37.126;253;37.117;233;257
48;;Lucas Auer;Luca Stolz;Maro Engel;;Mercedes-AMG GT3 EVO;60;1:49.249;34.407;250;36.760;253;38.082;232;269
48;;Lucas Auer;Luca Stolz;Maro Engel;;Mercedes-AMG GT3 EVO;61;1:46.911;34.216;250;36.309;253;36.386;232;267
48;;Lucas Auer;Luca Stolz;Maro Engel;;Mercedes-AMG GT3 EVO;62;1:46.944;34.227;251;36.352;252;36.365;233;268
48;;Lucas Auer;Luca Stolz;Maro Engel;;Mercedes-AMG GT3 EVO;63;1:47.325;34.128;251;36.484;252;36.713;232;267
48;;Lucas Auer;Luca Stolz;Maro Engel;;Mercedes-AMG GT3 EVO;64;1:46.723;34.084;250;36.289;252;36.350;233;268
48;;Lucas Auer;Luca Stolz;Maro Engel;;Mercedes-AMG GT3 EVO;65;1:47.209;34.142;250;36.378;253;36.689;233;268
48;;Lucas Auer;Luca Stolz;Maro Engel;;Mercedes-AMG GT3 EVO;66;1:47.163;34.198;250;36.406;253;36.559;233;268
48;;Lucas Auer;Luca Stolz;Maro Engel;;Mercedes-AMG GT3 EVO;67;1:46.676;34.101;250;36.233;253;36.342;233;269
48;;Lucas Auer;Luca Stolz;Maro Engel;;Mercedes-AMG GT3 EVO;68;1:46.487;33.999;250;36.184;253;36.304;234;270
48;;Lucas Auer;Luca Stolz;Maro Engel;;Mercedes-AMG GT3 EVO;69;1:46.445;33.892;251;36.167;253;36.386;233;270
48;;Lucas Auer;Luca Stolz;Maro Engel;;Mercedes-AMG GT3 EVO;70;1:46.809;34.137;252;36.464;254;36.208;234;269
48;;Lucas Auer;Luca Stolz;Maro Engel;;Mercedes-AMG GT3 EVO;71;1:47.038;34.005;252;36.470;255;36.563;236;270
48;;Lucas Auer;Luca Stolz;Maro Engel;;Mercedes-AMG GT3 EVO;72;1:50.259;33.850;253;38.216;243;38.193;236;272
Bib;Class;Driver1;Driver2;Driver3;Driver4;Car;Lap;Time;Sector1Time;SpeedTrap1;Sector2Time;SpeedTrap2;Sector3Time;SpeedTrap3;TopSpeed
48;;Lucas Auer;Luca Stolz;Maro Engel;;Mercedes-AMG GT3 EVO;73;3:53.888;56.593;78;1:21.983;78;1:35.312;;271
48;;Lucas Auer;Luca Stolz;Maro Engel;;Mercedes-AMG GT3 EVO;74;5:36.005;2:41.237;78;1:22.068;78;1:32.700;78;78
48;;Lucas Auer;Luca Stolz;Maro Engel;;Mercedes-AMG GT3 EVO;75;2:53.363;1:07.705;170;40.817;213;1:04.841;111;78
48;;Lucas Auer;Luca Stolz;Maro Engel;;Mercedes-AMG GT3 EVO;76;2:49.708;1:03.526;145;51.810;222;54.372;232;115
48;;Lucas Auer;Luca Stolz;Maro Engel;;Mercedes-AMG GT3 EVO;77;1:50.805;34.732;252;38.563;252;37.510;231;267
48;;Lucas Auer;Luca Stolz;Maro Engel;;Mercedes-AMG GT3 EVO;78;1:55.041;36.329;248;39.740;208;38.972;224;269
48;;Lucas Auer;Luca Stolz;Maro Engel;;Mercedes-AMG GT3 EVO;79;4:13.806;1:30.140;70;1:27.789;77;1:15.877;88;53
50;;Lilou Wadoux;Arthur Leclerc;Sean Gelael;;Ferrari 296 GT3 EVO;1;2:32.756;42.570;243;39.237;199;1:10.949;86;188
50;;Lilou Wadoux;Arthur Leclerc;Sean Gelael;;Ferrari 296 GT3 EVO;2;4:24.034;1:47.274;76;1:20.884;75;1:15.876;79;33
50;;Lilou Wadoux;Arthur Leclerc;Sean Gelael;;Ferrari 296 GT3 EVO;3;3:25.113;1:24.062;75;1:01.857;169;59.194;136;68
50;;Lilou Wadoux;Arthur Leclerc;Sean Gelael;;Ferrari 296 GT3 EVO;4;2:56.174;1:06.894;114;53.446;198;55.834;;94
50;;Lilou Wadoux;Arthur Leclerc;Sean Gelael;;Ferrari 296 GT3 EVO;5;3:08.529;1:51.758;239;38.432;246;38.339;229;201
50;;Lilou Wadoux;Arthur Leclerc;Sean Gelael;;Ferrari 296 GT3 EVO;6;2:22.145;42.133;126;53.523;156;46.489;232;152
50;;Lilou Wadoux;Arthur Leclerc;Sean Gelael;;Ferrari 296 GT3 EVO;7;1:53.148;35.513;251;38.432;254;39.203;234;257
Bib;Class;Driver1;Driver2;Driver3;Driver4;Car;Lap;Time;Sector1Time;SpeedTrap1;Sector2Time;SpeedTrap2;Sector3Time;SpeedTrap3;TopSpeed
50;;Lilou Wadoux;Arthur Leclerc;Sean Gelael;;Ferrari 296 GT3 EVO;8;1:52.595;36.335;248;37.400;245;38.860;233;255
50;;Lilou Wadoux;Arthur Leclerc;Sean Gelael;;Ferrari 296 GT3 EVO;9;1:49.030;34.724;247;37.310;248;36.996;232;268
50;;Lilou Wadoux;Arthur Leclerc;Sean Gelael;;Ferrari 296 GT3 EVO;10;1:47.711;34.307;249;36.642;253;36.762;232;269
50;;Lilou Wadoux;Arthur Leclerc;Sean Gelael;;Ferrari 296 GT3 EVO;11;1:49.077;35.788;247;36.648;251;36.641;232;272
50;;Lilou Wadoux;Arthur Leclerc;Sean Gelael;;Ferrari 296 GT3 EVO;12;1:48.124;34.289;248;36.768;252;37.067;233;269
50;;Lilou Wadoux;Arthur Leclerc;Sean Gelael;;Ferrari 296 GT3 EVO;13;1:50.352;34.720;227;38.160;252;37.472;232;274
50;;Lilou Wadoux;Arthur Leclerc;Sean Gelael;;Ferrari 296 GT3 EVO;14;1:48.499;34.493;249;36.917;251;37.089;234;272
50;;Lilou Wadoux;Arthur Leclerc;Sean Gelael;;Ferrari 296 GT3 EVO;15;1:50.642;35.080;252;38.623;251;36.939;232;271
50;;Lilou Wadoux;Arthur Leclerc;Sean Gelael;;Ferrari 296 GT3 EVO;16;1:48.378;34.321;250;37.353;252;36.704;232;269
50;;Lilou Wadoux;Arthur Leclerc;Sean Gelael;;Ferrari 296 GT3 EVO;17;1:48.235;34.179;250;37.076;254;36.980;233;270
50;;Lilou Wadoux;Arthur Leclerc;Sean Gelael;;Ferrari 296 GT3 EVO;18;1:48.554;34.522;253;37.130;252;36.902;233;265
50;;Lilou Wadoux;Arthur Leclerc;Sean Gelael;;Ferrari 296 GT3 EVO;19;1:48.151;34.305;250;36.986;253;36.860;233;269
50;;Lilou Wadoux;Arthur Leclerc;Sean Gelael;;Ferrari 296 GT3 EVO;20;1:49.879;34.559;249;37.136;255;38.184;234;260
Bib;Class;Driver1;Driver2;Driver3;Driver4;Car;Lap;Time;Sector1Time;SpeedTrap1;Sector2Time;SpeedTrap2;Sector3Time;SpeedTrap3;TopSpeed
50;;Lilou Wadoux;Arthur Leclerc;Sean Gelael;;Ferrari 296 GT3 EVO;21;1:48.571;35.145;249;36.930;252;36.496;232;271
50;;Lilou Wadoux;Arthur Leclerc;Sean Gelael;;Ferrari 296 GT3 EVO;22;1:47.523;34.342;248;36.585;252;36.596;232;267
50;;Lilou Wadoux;Arthur Leclerc;Sean Gelael;;Ferrari 296 GT3 EVO;23;1:47.752;34.274;248;36.663;253;36.815;232;268
50;;Lilou Wadoux;Arthur Leclerc;Sean Gelael;;Ferrari 296 GT3 EVO;24;4:00.902;1:04.086;78;1:21.709;78;1:35.107;;95
50;;Lilou Wadoux;Arthur Leclerc;Sean Gelael;;Ferrari 296 GT3 EVO;25;4:33.711;1:39.626;78;1:21.783;78;1:32.302;78;78
50;;Lilou Wadoux;Arthur Leclerc;Sean Gelael;;Ferrari 296 GT3 EVO;26;4:20.365;1:26.257;78;1:21.782;78;1:32.326;78;78
50;;Lilou Wadoux;Arthur Leclerc;Sean Gelael;;Ferrari 296 GT3 EVO;27;3:14.438;1:26.491;78;52.982;210;54.965;113;78
50;;Lilou Wadoux;Arthur Leclerc;Sean Gelael;;Ferrari 296 GT3 EVO;28;2:47.415;1:05.388;143;53.752;139;48.275;231;104
50;;Lilou Wadoux;Arthur Leclerc;Sean Gelael;;Ferrari 296 GT3 EVO;29;1:49.834;35.397;249;37.196;252;37.241;232;269
50;;Lilou Wadoux;Arthur Leclerc;Sean Gelael;;Ferrari 296 GT3 EVO;30;1:48.836;34.469;249;37.365;253;37.002;232;269
50;;Lilou Wadoux;Arthur Leclerc;Sean Gelael;;Ferrari 296 GT3 EVO;31;1:48.479;34.666;250;37.049;253;36.764;233;269
50;;Lilou Wadoux;Arthur Leclerc;Sean Gelael;;Ferrari 296 GT3 EVO;32;1:48.199;34.439;250;36.958;253;36.802;232;268
50;;Lilou Wadoux;Arthur Leclerc;Sean Gelael;;Ferrari 296 GT3 EVO;33;1:48.028;34.459;250;36.816;253;36.753;233;269
Bib;Class;Driver1;Driver2;Driver3;Driver4;Car;Lap;Time;Sector1Time;SpeedTrap1;Sector2Time;SpeedTrap2;Sector3Time;SpeedTrap3;TopSpeed
50;;Lilou Wadoux;Arthur Leclerc;Sean Gelael;;Ferrari 296 GT3 EVO;34;1:58.429;34.334;249;36.858;253;47.237;78;269
50;;Lilou Wadoux;Arthur Leclerc;Sean Gelael;;Ferrari 296 GT3 EVO;35;2:28.000;1:07.294;237;37.122;251;43.584;;78
50;;Lilou Wadoux;Arthur Leclerc;Sean Gelael;;Ferrari 296 GT3 EVO;36;3:04.473;1:50.876;246;36.853;250;36.744;231;199
50;;Lilou Wadoux;Arthur Leclerc;Sean Gelael;;Ferrari 296 GT3 EVO;37;1:47.624;34.409;248;36.620;250;36.595;231;267
50;;Lilou Wadoux;Arthur Leclerc;Sean Gelael;;Ferrari 296 GT3 EVO;38;1:47.357;34.355;248;36.497;252;36.505;232;267
50;;Lilou Wadoux;Arthur Leclerc;Sean Gelael;;Ferrari 296 GT3 EVO;39;1:47.826;34.405;249;36.697;250;36.724;231;269
50;;Lilou Wadoux;Arthur Leclerc;Sean Gelael;;Ferrari 296 GT3 EVO;40;1:47.500;34.293;249;36.607;252;36.600;232;268
50;;Lilou Wadoux;Arthur Leclerc;Sean Gelael;;Ferrari 296 GT3 EVO;41;1:47.673;34.317;248;36.697;252;36.659;232;262
50;;Lilou Wadoux;Arthur Leclerc;Sean Gelael;;Ferrari 296 GT3 EVO;42;2:39.091;34.420;249;37.169;250;1:27.502;78;262
50;;Lilou Wadoux;Arthur Leclerc;Sean Gelael;;Ferrari 296 GT3 EVO;43;4:20.335;1:26.088;78;1:21.816;78;1:32.431;78;78
50;;Lilou Wadoux;Arthur Leclerc;Sean Gelael;;Ferrari 296 GT3 EVO;44;4:21.403;1:26.984;78;1:21.939;78;1:32.480;78;78
50;;Lilou Wadoux;Arthur Leclerc;Sean Gelael;;Ferrari 296 GT3 EVO;45;2:21.142;1:01.506;234;39.749;240;39.887;229;85
50;;Lilou Wadoux;Arthur Leclerc;Sean Gelael;;Ferrari 296 GT3 EVO;46;2:10.758;36.635;239;37.845;249;56.278;137;189
Bib;Class;Driver1;Driver2;Driver3;Driver4;Car;Lap;Time;Sector1Time;SpeedTrap1;Sector2Time;SpeedTrap2;Sector3Time;SpeedTrap3;TopSpeed
50;;Lilou Wadoux;Arthur Leclerc;Sean Gelael;;Ferrari 296 GT3 EVO;47;2:43.704;1:06.317;123;53.888;204;43.499;233;71
50;;Lilou Wadoux;Arthur Leclerc;Sean Gelael;;Ferrari 296 GT3 EVO;48;1:51.767;35.261;248;38.253;257;38.253;235;244
50;;Lilou Wadoux;Arthur Leclerc;Sean Gelael;;Ferrari 296 GT3 EVO;49;1:49.770;35.216;251;37.806;256;36.748;234;248
50;;Lilou Wadoux;Arthur Leclerc;Sean Gelael;;Ferrari 296 GT3 EVO;50;1:47.407;34.274;250;36.475;254;36.658;234;273
50;;Lilou Wadoux;Arthur Leclerc;Sean Gelael;;Ferrari 296 GT3 EVO;51;1:49.449;34.558;252;36.647;248;38.244;236;267
50;;Lilou Wadoux;Arthur Leclerc;Sean Gelael;;Ferrari 296 GT3 EVO;52;1:49.422;35.231;252;36.952;244;37.239;235;242
50;;Lilou Wadoux;Arthur Leclerc;Sean Gelael;;Ferrari 296 GT3 EVO;53;1:46.942;33.984;251;36.367;254;36.591;233;270
50;;Lilou Wadoux;Arthur Leclerc;Sean Gelael;;Ferrari 296 GT3 EVO;54;1:47.929;34.410;252;36.736;255;36.783;234;262
50;;Lilou Wadoux;Arthur Leclerc;Sean Gelael;;Ferrari 296 GT3 EVO;55;1:49.469;34.517;252;37.343;252;37.609;234;266
50;;Lilou Wadoux;Arthur Leclerc;Sean Gelael;;Ferrari 296 GT3 EVO;56;1:57.216;35.024;251;37.254;253;44.938;;272
50;;Lilou Wadoux;Arthur Leclerc;Sean Gelael;;Ferrari 296 GT3 EVO;57;3:04.433;1:49.616;246;37.829;249;36.988;232;202
50;;Lilou Wadoux;Arthur Leclerc;Sean Gelael;;Ferrari 296 GT3 EVO;58;1:48.231;34.880;249;36.759;252;36.592;233;258
50;;Lilou Wadoux;Arthur Leclerc;Sean Gelael;;Ferrari 296 GT3 EVO;59;1:48.645;34.370;250;37.364;256;36.911;232;271
Bib;Class;Driver1;Driver2;Driver3;Driver4;Car;Lap;Time;Sector1Time;SpeedTrap1;Sector2Time;SpeedTrap2;Sector3Time;SpeedTrap3;TopSpeed
50;;Lilou Wadoux;Arthur Leclerc;Sean Gelael;;Ferrari 296 GT3 EVO;60;1:47.490;34.195;249;36.731;254;36.564;232;271
50;;Lilou Wadoux;Arthur Leclerc;Sean Gelael;;Ferrari 296 GT3 EVO;61;1:48.054;34.198;252;37.049;253;36.807;232;272
50;;Lilou Wadoux;Arthur Leclerc;Sean Gelael;;Ferrari 296 GT3 EVO;62;1:47.942;34.289;252;36.990;253;36.663;232;271
50;;Lilou Wadoux;Arthur Leclerc;Sean Gelael;;Ferrari 296 GT3 EVO;63;1:47.550;34.261;249;36.589;254;36.700;233;272
50;;Lilou Wadoux;Arthur Leclerc;Sean Gelael;;Ferrari 296 GT3 EVO;64;1:47.583;34.193;250;36.744;254;36.646;233;271
50;;Lilou Wadoux;Arthur Leclerc;Sean Gelael;;Ferrari 296 GT3 EVO;65;1:48.092;34.245;250;37.039;255;36.808;233;272
50;;Lilou Wadoux;Arthur Leclerc;Sean Gelael;;Ferrari 296 GT3 EVO;66;1:47.146;34.106;249;36.713;253;36.327;233;272
50;;Lilou Wadoux;Arthur Leclerc;Sean Gelael;;Ferrari 296 GT3 EVO;67;1:48.004;34.241;251;37.331;252;36.432;233;273
50;;Lilou Wadoux;Arthur Leclerc;Sean Gelael;;Ferrari 296 GT3 EVO;68;1:47.767;34.014;250;37.044;254;36.709;232;272
50;;Lilou Wadoux;Arthur Leclerc;Sean Gelael;;Ferrari 296 GT3 EVO;69;1:47.378;34.148;252;36.842;253;36.388;233;272
50;;Lilou Wadoux;Arthur Leclerc;Sean Gelael;;Ferrari 296 GT3 EVO;70;1:47.235;34.291;250;36.484;253;36.460;234;270
50;;Lilou Wadoux;Arthur Leclerc;Sean Gelael;;Ferrari 296 GT3 EVO;71;1:49.597;34.116;250;36.825;258;38.656;233;270
50;;Lilou Wadoux;Arthur Leclerc;Sean Gelael;;Ferrari 296 GT3 EVO;72;3:22.576;34.252;248;1:15.749;78;1:32.575;78;269
Bib;Class;Driver1;Driver2;Driver3;Driver4;Car;Lap;Time;Sector1Time;SpeedTrap1;Sector2Time;SpeedTrap2;Sector3Time;SpeedTrap3;TopSpeed
50;;Lilou Wadoux;Arthur Leclerc;Sean Gelael;;Ferrari 296 GT3 EVO;73;4:22.189;1:27.347;78;1:22.098;78;1:32.744;77;78
50;;Lilou Wadoux;Arthur Leclerc;Sean Gelael;;Ferrari 296 GT3 EVO;74;3:39.472;1:27.427;73;1:22.246;78;49.799;161;78
50;;Lilou Wadoux;Arthur Leclerc;Sean Gelael;;Ferrari 296 GT3 EVO;75;1:57.264;37.757;234;39.488;228;40.019;230;242
50;;Lilou Wadoux;Arthur Leclerc;Sean Gelael;;Ferrari 296 GT3 EVO;76;2:15.756;41.816;106;49.254;214;44.686;233;254
50;;Lilou Wadoux;Arthur Leclerc;Sean Gelael;;Ferrari 296 GT3 EVO;77;1:50.426;35.416;252;38.014;253;36.996;234;270
50;;Lilou Wadoux;Arthur Leclerc;Sean Gelael;;Ferrari 296 GT3 EVO;78;2:02.144;35.435;254;44.731;185;41.978;199;271
50;;Lilou Wadoux;Arthur Leclerc;Sean Gelael;;Ferrari 296 GT3 EVO;79;4:08.819;1:29.583;55;1:27.267;94;1:11.969;96;59
51;;Alessio Rovera;Nicklas Nielsen;Tommaso Mosca;;Ferrari 296 GT3 EVO;1;;;;;;;;213
52;;Matias Zagazeta;Jeff Machiels;Gilles Stadsbader;;Ferrari 296 GT3 EVO;1;2:41.101;44.475;240;41.482;152;1:15.144;82;191
52;;Matias Zagazeta;Jeff Machiels;Gilles Stadsbader;;Ferrari 296 GT3 EVO;2;4:25.512;1:47.054;86;1:21.570;88;1:16.888;93;25
52;;Matias Zagazeta;Jeff Machiels;Gilles Stadsbader;;Ferrari 296 GT3 EVO;3;3:28.638;1:21.194;78;1:03.349;159;1:04.095;;62
52;;Matias Zagazeta;Jeff Machiels;Gilles Stadsbader;;Ferrari 296 GT3 EVO;4;3:10.051;1:55.134;244;37.308;247;37.609;230;195
52;;Matias Zagazeta;Jeff Machiels;Gilles Stadsbader;;Ferrari 296 GT3 EVO;5;2:24.591;37.954;238;54.014;137;52.623;;231
Bib;Class;Driver1;Driver2;Driver3;Driver4;Car;Lap;Time;Sector1Time;SpeedTrap1;Sector2Time;SpeedTrap2;Sector3Time;SpeedTrap3;TopSpeed
52;;Matias Zagazeta;Jeff Machiels;Gilles Stadsbader;;Ferrari 296 GT3 EVO;6;2:39.847;1:03.833;203;50.899;158;45.115;233;202
52;;Matias Zagazeta;Jeff Machiels;Gilles Stadsbader;;Ferrari 296 GT3 EVO;7;1:52.826;35.678;249;38.027;255;39.121;231;239
52;;Matias Zagazeta;Jeff Machiels;Gilles Stadsbader;;Ferrari 296 GT3 EVO;8;1:58.102;43.751;244;36.940;253;37.411;232;246
52;;Matias Zagazeta;Jeff Machiels;Gilles Stadsbader;;Ferrari 296 GT3 EVO;9;1:50.842;37.143;247;36.730;253;36.969;236;263
52;;Matias Zagazeta;Jeff Machiels;Gilles Stadsbader;;Ferrari 296 GT3 EVO;10;1:48.756;35.200;249;36.641;255;36.915;232;260
52;;Matias Zagazeta;Jeff Machiels;Gilles Stadsbader;;Ferrari 296 GT3 EVO;11;1:49.631;34.752;248;36.873;255;38.006;232;269
52;;Matias Zagazeta;Jeff Machiels;Gilles Stadsbader;;Ferrari 296 GT3 EVO;12;1:57.547;35.219;249;37.665;251;44.663;;260
54;;Francesco Simonazzi;Angus Whiteside;Tanart Sathienthirakul;;Porsche 911 GT3 R EVO;1;3:12.691;53.784;226;54.899;101;1:24.008;71;154
54;;Francesco Simonazzi;Angus Whiteside;Tanart Sathienthirakul;;Porsche 911 GT3 R EVO;2;4:31.219;1:53.150;110;1:18.255;103;1:19.814;77;68
54;;Francesco Simonazzi;Angus Whiteside;Tanart Sathienthirakul;;Porsche 911 GT3 R EVO;3;3:13.086;1:14.193;79;1:06.552;126;52.341;159;45
54;;Francesco Simonazzi;Angus Whiteside;Tanart Sathienthirakul;;Porsche 911 GT3 R EVO;4;2:47.340;1:01.676;135;52.524;133;53.140;;70
54;;Francesco Simonazzi;Angus Whiteside;Tanart Sathienthirakul;;Porsche 911 GT3 R EVO;5;3:06.243;1:51.054;246;37.833;242;37.356;229;204
Bib;Class;Driver1;Driver2;Driver3;Driver4;Car;Lap;Time;Sector1Time;SpeedTrap1;Sector2Time;SpeedTrap2;Sector3Time;SpeedTrap3;TopSpeed
54;;Francesco Simonazzi;Angus Whiteside;Tanart Sathienthirakul;;Porsche 911 GT3 R EVO;6;2:01.172;34.953;246;42.608;200;43.611;230;265
54;;Francesco Simonazzi;Angus Whiteside;Tanart Sathienthirakul;;Porsche 911 GT3 R EVO;7;1:51.938;35.564;250;37.587;253;38.787;233;232
54;;Francesco Simonazzi;Angus Whiteside;Tanart Sathienthirakul;;Porsche 911 GT3 R EVO;8;1:55.279;38.168;249;38.997;247;38.114;230;231
54;;Francesco Simonazzi;Angus Whiteside;Tanart Sathienthirakul;;Porsche 911 GT3 R EVO;9;1:50.411;34.937;250;37.291;253;38.183;230;270
54;;Francesco Simonazzi;Angus Whiteside;Tanart Sathienthirakul;;Porsche 911 GT3 R EVO;10;1:48.477;34.525;248;37.001;250;36.951;231;265
54;;Francesco Simonazzi;Angus Whiteside;Tanart Sathienthirakul;;Porsche 911 GT3 R EVO;11;1:51.824;35.322;251;38.170;246;38.332;232;268
54;;Francesco Simonazzi;Angus Whiteside;Tanart Sathienthirakul;;Porsche 911 GT3 R EVO;12;1:50.155;34.835;248;37.699;246;37.621;231;250
54;;Francesco Simonazzi;Angus Whiteside;Tanart Sathienthirakul;;Porsche 911 GT3 R EVO;13;1:48.944;34.499;248;36.992;252;37.453;230;267
54;;Francesco Simonazzi;Angus Whiteside;Tanart Sathienthirakul;;Porsche 911 GT3 R EVO;14;1:48.625;34.478;249;36.870;250;37.277;232;268
54;;Francesco Simonazzi;Angus Whiteside;Tanart Sathienthirakul;;Porsche 911 GT3 R EVO;15;1:48.968;34.529;249;37.001;250;37.438;230;267
Bib;Class;Driver1;Driver2;Driver3;Driver4;Car;Lap;Time;Sector1Time;SpeedTrap1;Sector2Time;SpeedTrap2;Sector3Time;SpeedTrap3;TopSpeed
54;;Francesco Simonazzi;Angus Whiteside;Tanart Sathienthirakul;;Porsche 911 GT3 R EVO;16;1:47.869;34.403;248;36.653;250;36.813;230;265
54;;Francesco Simonazzi;Angus Whiteside;Tanart Sathienthirakul;;Porsche 911 GT3 R EVO;17;1:47.865;34.451;246;36.584;252;36.830;231;266
54;;Francesco Simonazzi;Angus Whiteside;Tanart Sathienthirakul;;Porsche 911 GT3 R EVO;18;1:47.511;34.401;248;36.417;252;36.693;232;265
54;;Francesco Simonazzi;Angus Whiteside;Tanart Sathienthirakul;;Porsche 911 GT3 R EVO;19;1:47.378;34.243;249;36.382;252;36.753;232;267
54;;Francesco Simonazzi;Angus Whiteside;Tanart Sathienthirakul;;Porsche 911 GT3 R EVO;20;1:47.658;34.369;248;36.417;253;36.872;232;267
54;;Francesco Simonazzi;Angus Whiteside;Tanart Sathienthirakul;;Porsche 911 GT3 R EVO;21;1:51.793;36.696;245;38.101;253;36.996;232;269
54;;Francesco Simonazzi;Angus Whiteside;Tanart Sathienthirakul;;Porsche 911 GT3 R EVO;22;1:48.377;34.447;250;36.849;254;37.081;232;268
54;;Francesco Simonazzi;Angus Whiteside;Tanart Sathienthirakul;;Porsche 911 GT3 R EVO;23;1:50.239;34.833;249;36.710;253;38.696;102;258
54;;Francesco Simonazzi;Angus Whiteside;Tanart Sathienthirakul;;Porsche 911 GT3 R EVO;24;4:20.698;1:26.315;79;1:21.865;78;1:32.518;78;78
54;;Francesco Simonazzi;Angus Whiteside;Tanart Sathienthirakul;;Porsche 911 GT3 R EVO;25;4:21.193;1:26.662;78;1:21.887;78;1:32.644;78;78
Bib;Class;Driver1;Driver2;Driver3;Driver4;Car;Lap;Time;Sector1Time;SpeedTrap1;Sector2Time;SpeedTrap2;Sector3Time;SpeedTrap3;TopSpeed
54;;Francesco Simonazzi;Angus Whiteside;Tanart Sathienthirakul;;Porsche 911 GT3 R EVO;26;4:21.035;1:26.590;78;1:21.985;78;1:32.460;78;78
54;;Francesco Simonazzi;Angus Whiteside;Tanart Sathienthirakul;;Porsche 911 GT3 R EVO;27;3:07.819;1:26.613;78;50.065;219;51.141;;78
54;;Francesco Simonazzi;Angus Whiteside;Tanart Sathienthirakul;;Porsche 911 GT3 R EVO;28;3:08.202;1:51.428;246;38.613;248;38.161;229;198
54;;Francesco Simonazzi;Angus Whiteside;Tanart Sathienthirakul;;Porsche 911 GT3 R EVO;29;1:48.493;34.697;248;36.744;250;37.052;230;265
54;;Francesco Simonazzi;Angus Whiteside;Tanart Sathienthirakul;;Porsche 911 GT3 R EVO;30;1:48.179;34.468;247;36.769;250;36.942;230;265
54;;Francesco Simonazzi;Angus Whiteside;Tanart Sathienthirakul;;Porsche 911 GT3 R EVO;31;1:48.636;34.777;248;36.901;250;36.958;230;260
54;;Francesco Simonazzi;Angus Whiteside;Tanart Sathienthirakul;;Porsche 911 GT3 R EVO;32;1:47.709;34.426;246;36.526;252;36.757;230;266
54;;Francesco Simonazzi;Angus Whiteside;Tanart Sathienthirakul;;Porsche 911 GT3 R EVO;33;1:48.134;34.459;248;36.656;252;37.019;230;266
54;;Francesco Simonazzi;Angus Whiteside;Tanart Sathienthirakul;;Porsche 911 GT3 R EVO;34;2:33.224;35.024;247;39.182;146;1:19.018;224;266
54;;Francesco Simonazzi;Angus Whiteside;Tanart Sathienthirakul;;Porsche 911 GT3 R EVO;35;1:48.747;34.727;248;37.043;249;36.977;232;264
Bib;Class;Driver1;Driver2;Driver3;Driver4;Car;Lap;Time;Sector1Time;SpeedTrap1;Sector2Time;SpeedTrap2;Sector3Time;SpeedTrap3;TopSpeed
54;;Francesco Simonazzi;Angus Whiteside;Tanart Sathienthirakul;;Porsche 911 GT3 R EVO;36;1:47.821;34.519;249;36.617;251;36.685;232;267
54;;Francesco Simonazzi;Angus Whiteside;Tanart Sathienthirakul;;Porsche 911 GT3 R EVO;37;1:47.906;34.459;249;36.647;250;36.800;231;267
54;;Francesco Simonazzi;Angus Whiteside;Tanart Sathienthirakul;;Porsche 911 GT3 R EVO;38;1:47.881;34.378;249;36.476;252;37.027;232;267
54;;Francesco Simonazzi;Angus Whiteside;Tanart Sathienthirakul;;Porsche 911 GT3 R EVO;39;1:47.800;34.361;249;36.700;250;36.739;232;269
54;;Francesco Simonazzi;Angus Whiteside;Tanart Sathienthirakul;;Porsche 911 GT3 R EVO;40;1:47.944;34.212;250;36.983;252;36.749;232;268
54;;Francesco Simonazzi;Angus Whiteside;Tanart Sathienthirakul;;Porsche 911 GT3 R EVO;41;1:48.330;34.400;250;36.904;254;37.026;232;260
54;;Francesco Simonazzi;Angus Whiteside;Tanart Sathienthirakul;;Porsche 911 GT3 R EVO;42;1:48.042;34.863;249;36.493;252;36.686;233;266
54;;Francesco Simonazzi;Angus Whiteside;Tanart Sathienthirakul;;Porsche 911 GT3 R EVO;43;3:53.931;58.879;78;1:22.196;78;1:32.856;78;269
54;;Francesco Simonazzi;Angus Whiteside;Tanart Sathienthirakul;;Porsche 911 GT3 R EVO;44;4:21.989;1:26.893;75;1:22.381;78;1:32.715;78;78
54;;Francesco Simonazzi;Angus Whiteside;Tanart Sathienthirakul;;Porsche 911 GT3 R EVO;45;3:26.968;1:26.926;78;1:15.913;117;44.129;226;78
Bib;Class;Driver1;Driver2;Driver3;Driver4;Car;Lap;Time;Sector1Time;SpeedTrap1;Sector2Time;SpeedTrap2;Sector3Time;SpeedTrap3;TopSpeed
54;;Francesco Simonazzi;Angus Whiteside;Tanart Sathienthirakul;;Porsche 911 GT3 R EVO;46;2:47.516;36.936;228;1:01.420;99;1:09.160;114;240
54;;Francesco Simonazzi;Angus Whiteside;Tanart Sathienthirakul;;Porsche 911 GT3 R EVO;47;2:55.733;1:05.701;100;56.145;208;53.887;232;103
54;;Francesco Simonazzi;Angus Whiteside;Tanart Sathienthirakul;;Porsche 911 GT3 R EVO;48;1:50.693;35.500;249;38.030;252;37.163;233;239
54;;Francesco Simonazzi;Angus Whiteside;Tanart Sathienthirakul;;Porsche 911 GT3 R EVO;49;1:48.786;34.392;251;37.187;253;37.207;233;269
54;;Francesco Simonazzi;Angus Whiteside;Tanart Sathienthirakul;;Porsche 911 GT3 R EVO;50;1:48.510;34.497;252;37.042;254;36.971;233;265
54;;Francesco Simonazzi;Angus Whiteside;Tanart Sathienthirakul;;Porsche 911 GT3 R EVO;51;1:49.340;34.567;245;37.791;253;36.982;233;269
54;;Francesco Simonazzi;Angus Whiteside;Tanart Sathienthirakul;;Porsche 911 GT3 R EVO;52;1:49.317;34.327;253;37.246;253;37.744;233;272
54;;Francesco Simonazzi;Angus Whiteside;Tanart Sathienthirakul;;Porsche 911 GT3 R EVO;53;1:55.393;34.261;252;36.687;252;44.445;;270
54;;Francesco Simonazzi;Angus Whiteside;Tanart Sathienthirakul;;Porsche 911 GT3 R EVO;54;3:05.188;1:49.846;246;38.031;246;37.311;230;203
54;;Francesco Simonazzi;Angus Whiteside;Tanart Sathienthirakul;;Porsche 911 GT3 R EVO;55;1:48.337;34.545;246;36.949;248;36.843;231;265
Bib;Class;Driver1;Driver2;Driver3;Driver4;Car;Lap;Time;Sector1Time;SpeedTrap1;Sector2Time;SpeedTrap2;Sector3Time;SpeedTrap3;TopSpeed
54;;Francesco Simonazzi;Angus Whiteside;Tanart Sathienthirakul;;Porsche 911 GT3 R EVO;56;1:48.038;34.381;246;36.766;249;36.891;232;265
54;;Francesco Simonazzi;Angus Whiteside;Tanart Sathienthirakul;;Porsche 911 GT3 R EVO;57;1:47.967;34.302;247;36.954;249;36.711;232;266
54;;Francesco Simonazzi;Angus Whiteside;Tanart Sathienthirakul;;Porsche 911 GT3 R EVO;58;1:48.399;34.382;248;36.683;250;37.334;232;265
54;;Francesco Simonazzi;Angus Whiteside;Tanart Sathienthirakul;;Porsche 911 GT3 R EVO;59;1:48.355;34.582;248;36.858;250;36.915;232;268
54;;Francesco Simonazzi;Angus Whiteside;Tanart Sathienthirakul;;Porsche 911 GT3 R EVO;60;1:47.726;34.327;248;36.638;250;36.761;231;267
54;;Francesco Simonazzi;Angus Whiteside;Tanart Sathienthirakul;;Porsche 911 GT3 R EVO;61;1:47.737;34.280;249;36.686;250;36.771;232;268
54;;Francesco Simonazzi;Angus Whiteside;Tanart Sathienthirakul;;Porsche 911 GT3 R EVO;62;1:51.468;34.757;251;39.807;249;36.904;232;268
54;;Francesco Simonazzi;Angus Whiteside;Tanart Sathienthirakul;;Porsche 911 GT3 R EVO;63;1:47.810;34.250;248;36.732;250;36.828;232;267
54;;Francesco Simonazzi;Angus Whiteside;Tanart Sathienthirakul;;Porsche 911 GT3 R EVO;64;1:47.524;34.227;248;36.570;251;36.727;232;267
54;;Francesco Simonazzi;Angus Whiteside;Tanart Sathienthirakul;;Porsche 911 GT3 R EVO;65;1:47.361;34.191;248;36.519;251;36.651;232;268
Bib;Class;Driver1;Driver2;Driver3;Driver4;Car;Lap;Time;Sector1Time;SpeedTrap1;Sector2Time;SpeedTrap2;Sector3Time;SpeedTrap3;TopSpeed
54;;Francesco Simonazzi;Angus Whiteside;Tanart Sathienthirakul;;Porsche 911 GT3 R EVO;66;1:47.377;34.182;249;36.519;252;36.676;231;269
54;;Francesco Simonazzi;Angus Whiteside;Tanart Sathienthirakul;;Porsche 911 GT3 R EVO;67;1:47.855;34.256;248;36.698;251;36.901;233;269
54;;Francesco Simonazzi;Angus Whiteside;Tanart Sathienthirakul;;Porsche 911 GT3 R EVO;68;1:47.978;34.475;249;36.753;250;36.750;232;269
54;;Francesco Simonazzi;Angus Whiteside;Tanart Sathienthirakul;;Porsche 911 GT3 R EVO;69;1:47.949;34.387;249;36.693;250;36.869;230;268
54;;Francesco Simonazzi;Angus Whiteside;Tanart Sathienthirakul;;Porsche 911 GT3 R EVO;70;1:47.720;34.235;248;36.725;250;36.760;233;267
54;;Francesco Simonazzi;Angus Whiteside;Tanart Sathienthirakul;;Porsche 911 GT3 R EVO;71;1:50.326;34.309;248;38.470;227;37.547;232;267
54;;Francesco Simonazzi;Angus Whiteside;Tanart Sathienthirakul;;Porsche 911 GT3 R EVO;72;3:15.486;34.204;247;1:08.688;78;1:32.594;78;268
54;;Francesco Simonazzi;Angus Whiteside;Tanart Sathienthirakul;;Porsche 911 GT3 R EVO;73;4:21.819;1:27.326;78;1:21.903;78;1:32.590;78;78
54;;Francesco Simonazzi;Angus Whiteside;Tanart Sathienthirakul;;Porsche 911 GT3 R EVO;74;3:44.636;1:27.001;78;1:22.074;78;55.561;224;78
54;;Francesco Simonazzi;Angus Whiteside;Tanart Sathienthirakul;;Porsche 911 GT3 R EVO;75;1:57.067;38.355;208;39.736;234;38.976;217;215
Bib;Class;Driver1;Driver2;Driver3;Driver4;Car;Lap;Time;Sector1Time;SpeedTrap1;Sector2Time;SpeedTrap2;Sector3Time;SpeedTrap3;TopSpeed
54;;Francesco Simonazzi;Angus Whiteside;Tanart Sathienthirakul;;Porsche 911 GT3 R EVO;76;2:25.187;46.919;96;51.116;179;47.152;233;178
54;;Francesco Simonazzi;Angus Whiteside;Tanart Sathienthirakul;;Porsche 911 GT3 R EVO;77;1:50.698;35.379;250;38.140;252;37.179;234;238
54;;Francesco Simonazzi;Angus Whiteside;Tanart Sathienthirakul;;Porsche 911 GT3 R EVO;78;2:01.646;35.820;250;44.452;173;41.374;183;269
54;;Francesco Simonazzi;Angus Whiteside;Tanart Sathienthirakul;;Porsche 911 GT3 R EVO;79;4:10.298;1:29.827;56;1:26.920;83;1:13.551;100;63
56;;Giacomo Petrobelli;Lorcan Hanafin;Jonathan Adam;;Aston Martin Vantage AMR GT3 EVO;1;3:08.677;52.271;234;54.178;104;1:22.228;66;136
56;;Giacomo Petrobelli;Lorcan Hanafin;Jonathan Adam;;Aston Martin Vantage AMR GT3 EVO;2;4:29.037;1:53.540;108;1:18.331;109;1:17.166;;71
56;;Giacomo Petrobelli;Lorcan Hanafin;Jonathan Adam;;Aston Martin Vantage AMR GT3 EVO;3;3:23.970;1:54.389;237;43.419;192;46.162;209;155
56;;Giacomo Petrobelli;Lorcan Hanafin;Jonathan Adam;;Aston Martin Vantage AMR GT3 EVO;4;2:37.955;1:00.868;87;52.784;157;44.303;227;70
56;;Giacomo Petrobelli;Lorcan Hanafin;Jonathan Adam;;Aston Martin Vantage AMR GT3 EVO;5;2:20.248;39.914;237;55.975;133;44.359;203;195
Bib;Class;Driver1;Driver2;Driver3;Driver4;Car;Lap;Time;Sector1Time;SpeedTrap1;Sector2Time;SpeedTrap2;Sector3Time;SpeedTrap3;TopSpeed
56;;Giacomo Petrobelli;Lorcan Hanafin;Jonathan Adam;;Aston Martin Vantage AMR GT3 EVO;6;2:44.017;54.953;139;57.091;149;51.973;224;103
56;;Giacomo Petrobelli;Lorcan Hanafin;Jonathan Adam;;Aston Martin Vantage AMR GT3 EVO;7;1:52.637;35.601;245;38.695;249;38.341;229;262
56;;Giacomo Petrobelli;Lorcan Hanafin;Jonathan Adam;;Aston Martin Vantage AMR GT3 EVO;8;1:50.607;35.259;246;37.516;247;37.832;229;265
56;;Giacomo Petrobelli;Lorcan Hanafin;Jonathan Adam;;Aston Martin Vantage AMR GT3 EVO;9;1:51.345;35.631;249;38.017;250;37.697;229;267
56;;Giacomo Petrobelli;Lorcan Hanafin;Jonathan Adam;;Aston Martin Vantage AMR GT3 EVO;10;1:50.018;35.048;247;37.315;249;37.655;229;265
56;;Giacomo Petrobelli;Lorcan Hanafin;Jonathan Adam;;Aston Martin Vantage AMR GT3 EVO;11;1:48.838;34.562;245;36.932;247;37.344;230;264
56;;Giacomo Petrobelli;Lorcan Hanafin;Jonathan Adam;;Aston Martin Vantage AMR GT3 EVO;12;1:49.793;34.925;246;37.321;246;37.547;231;264
56;;Giacomo Petrobelli;Lorcan Hanafin;Jonathan Adam;;Aston Martin Vantage AMR GT3 EVO;13;1:49.724;35.364;245;36.889;247;37.471;230;268
56;;Giacomo Petrobelli;Lorcan Hanafin;Jonathan Adam;;Aston Martin Vantage AMR GT3 EVO;14;1:49.428;34.662;246;37.147;247;37.619;229;263
Bib;Class;Driver1;Driver2;Driver3;Driver4;Car;Lap;Time;Sector1Time;SpeedTrap1;Sector2Time;SpeedTrap2;Sector3Time;SpeedTrap3;TopSpeed
56;;Giacomo Petrobelli;Lorcan Hanafin;Jonathan Adam;;Aston Martin Vantage AMR GT3 EVO;15;1:50.290;35.632;249;37.490;249;37.168;230;262
56;;Giacomo Petrobelli;Lorcan Hanafin;Jonathan Adam;;Aston Martin Vantage AMR GT3 EVO;16;1:48.412;34.469;248;37.003;250;36.940;;266
56;;Giacomo Petrobelli;Lorcan Hanafin;Jonathan Adam;;Aston Martin Vantage AMR GT3 EVO;17;1:48.534;;;;;;;
56;;Giacomo Petrobelli;Lorcan Hanafin;Jonathan Adam;;Aston Martin Vantage AMR GT3 EVO;18;1:48.344;;;;;;;
56;;Giacomo Petrobelli;Lorcan Hanafin;Jonathan Adam;;Aston Martin Vantage AMR GT3 EVO;19;1:48.324;;;;;;;
56;;Giacomo Petrobelli;Lorcan Hanafin;Jonathan Adam;;Aston Martin Vantage AMR GT3 EVO;20;1:50.616;;;;;;;
56;;Giacomo Petrobelli;Lorcan Hanafin;Jonathan Adam;;Aston Martin Vantage AMR GT3 EVO;21;1:50.794;;;;;;;
56;;Giacomo Petrobelli;Lorcan Hanafin;Jonathan Adam;;Aston Martin Vantage AMR GT3 EVO;22;1:48.369;;;;;;;
56;;Giacomo Petrobelli;Lorcan Hanafin;Jonathan Adam;;Aston Martin Vantage AMR GT3 EVO;23;1:48.895;;;;;;;
Bib;Class;Driver1;Driver2;Driver3;Driver4;Car;Lap;Time;Sector1Time;SpeedTrap1;Sector2Time;SpeedTrap2;Sector3Time;SpeedTrap3;TopSpeed
56;;Giacomo Petrobelli;Lorcan Hanafin;Jonathan Adam;;Aston Martin Vantage AMR GT3 EVO;24;4:10.864;;;;;;;
56;;Giacomo Petrobelli;Lorcan Hanafin;Jonathan Adam;;Aston Martin Vantage AMR GT3 EVO;25;5:20.699;;;;;;;
56;;Giacomo Petrobelli;Lorcan Hanafin;Jonathan Adam;;Aston Martin Vantage AMR GT3 EVO;26;4:19.499;;;;;;;
56;;Giacomo Petrobelli;Lorcan Hanafin;Jonathan Adam;;Aston Martin Vantage AMR GT3 EVO;27;2:38.024;;;;;;;
56;;Giacomo Petrobelli;Lorcan Hanafin;Jonathan Adam;;Aston Martin Vantage AMR GT3 EVO;28;2:31.402;;;;;;;
56;;Giacomo Petrobelli;Lorcan Hanafin;Jonathan Adam;;Aston Martin Vantage AMR GT3 EVO;29;1:50.814;;;;;;;
56;;Giacomo Petrobelli;Lorcan Hanafin;Jonathan Adam;;Aston Martin Vantage AMR GT3 EVO;30;1:49.999;;;;;;;
56;;Giacomo Petrobelli;Lorcan Hanafin;Jonathan Adam;;Aston Martin Vantage AMR GT3 EVO;31;1:48.932;;;;;;;
56;;Giacomo Petrobelli;Lorcan Hanafin;Jonathan Adam;;Aston Martin Vantage AMR GT3 EVO;32;1:48.617;;;;;;;
Bib;Class;Driver1;Driver2;Driver3;Driver4;Car;Lap;Time;Sector1Time;SpeedTrap1;Sector2Time;SpeedTrap2;Sector3Time;SpeedTrap3;TopSpeed
56;;Giacomo Petrobelli;Lorcan Hanafin;Jonathan Adam;;Aston Martin Vantage AMR GT3 EVO;33;1:50.954;;;;;;;
56;;Giacomo Petrobelli;Lorcan Hanafin;Jonathan Adam;;Aston Martin Vantage AMR GT3 EVO;34;2:21.697;;;;;;;
56;;Giacomo Petrobelli;Lorcan Hanafin;Jonathan Adam;;Aston Martin Vantage AMR GT3 EVO;35;2:04.948;;;;;;;
56;;Giacomo Petrobelli;Lorcan Hanafin;Jonathan Adam;;Aston Martin Vantage AMR GT3 EVO;36;1:48.383;;;;;;;
56;;Giacomo Petrobelli;Lorcan Hanafin;Jonathan Adam;;Aston Martin Vantage AMR GT3 EVO;37;1:49.447;;;;;;;
56;;Giacomo Petrobelli;Lorcan Hanafin;Jonathan Adam;;Aston Martin Vantage AMR GT3 EVO;38;1:48.148;;;;;;;
56;;Giacomo Petrobelli;Lorcan Hanafin;Jonathan Adam;;Aston Martin Vantage AMR GT3 EVO;39;1:48.057;;;;;;;
56;;Giacomo Petrobelli;Lorcan Hanafin;Jonathan Adam;;Aston Martin Vantage AMR GT3 EVO;40;1:48.095;;;;;;;
56;;Giacomo Petrobelli;Lorcan Hanafin;Jonathan Adam;;Aston Martin Vantage AMR GT3 EVO;41;1:48.441;;;;;;;
Bib;Class;Driver1;Driver2;Driver3;Driver4;Car;Lap;Time;Sector1Time;SpeedTrap1;Sector2Time;SpeedTrap2;Sector3Time;SpeedTrap3;TopSpeed
56;;Giacomo Petrobelli;Lorcan Hanafin;Jonathan Adam;;Aston Martin Vantage AMR GT3 EVO;42;1:48.336;;;;;;;
56;;Giacomo Petrobelli;Lorcan Hanafin;Jonathan Adam;;Aston Martin Vantage AMR GT3 EVO;43;3:45.647;;;;;;79;
56;;Giacomo Petrobelli;Lorcan Hanafin;Jonathan Adam;;Aston Martin Vantage AMR GT3 EVO;44;4:22.771;1:26.363;79;1:21.264;79;1:35.144;;79
56;;Giacomo Petrobelli;Lorcan Hanafin;Jonathan Adam;;Aston Martin Vantage AMR GT3 EVO;45;4:01.976;2:27.861;79;52.032;202;42.083;219;79
56;;Giacomo Petrobelli;Lorcan Hanafin;Jonathan Adam;;Aston Martin Vantage AMR GT3 EVO;46;2:42.310;38.769;241;57.208;139;1:06.333;147;164
56;;Giacomo Petrobelli;Lorcan Hanafin;Jonathan Adam;;Aston Martin Vantage AMR GT3 EVO;47;2:50.089;1:06.414;137;56.330;183;47.345;233;87
56;;Giacomo Petrobelli;Lorcan Hanafin;Jonathan Adam;;Aston Martin Vantage AMR GT3 EVO;48;1:51.427;35.192;250;39.196;252;37.039;231;262
56;;Giacomo Petrobelli;Lorcan Hanafin;Jonathan Adam;;Aston Martin Vantage AMR GT3 EVO;49;1:49.814;34.582;248;38.194;252;37.038;232;267
56;;Giacomo Petrobelli;Lorcan Hanafin;Jonathan Adam;;Aston Martin Vantage AMR GT3 EVO;50;1:49.088;34.536;248;37.569;250;36.983;232;269
Bib;Class;Driver1;Driver2;Driver3;Driver4;Car;Lap;Time;Sector1Time;SpeedTrap1;Sector2Time;SpeedTrap2;Sector3Time;SpeedTrap3;TopSpeed
56;;Giacomo Petrobelli;Lorcan Hanafin;Jonathan Adam;;Aston Martin Vantage AMR GT3 EVO;51;1:51.126;34.640;248;37.276;253;39.210;226;268
56;;Giacomo Petrobelli;Lorcan Hanafin;Jonathan Adam;;Aston Martin Vantage AMR GT3 EVO;52;2:06.638;53.017;246;36.742;249;36.879;230;263
56;;Giacomo Petrobelli;Lorcan Hanafin;Jonathan Adam;;Aston Martin Vantage AMR GT3 EVO;53;1:47.977;34.539;246;36.634;249;36.804;231;264
56;;Giacomo Petrobelli;Lorcan Hanafin;Jonathan Adam;;Aston Martin Vantage AMR GT3 EVO;54;1:48.167;34.383;246;36.825;249;36.959;229;264
56;;Giacomo Petrobelli;Lorcan Hanafin;Jonathan Adam;;Aston Martin Vantage AMR GT3 EVO;55;1:47.821;34.422;246;36.724;249;36.675;231;263
56;;Giacomo Petrobelli;Lorcan Hanafin;Jonathan Adam;;Aston Martin Vantage AMR GT3 EVO;56;1:47.646;34.446;245;36.563;249;36.637;232;264
56;;Giacomo Petrobelli;Lorcan Hanafin;Jonathan Adam;;Aston Martin Vantage AMR GT3 EVO;57;1:47.403;34.361;246;36.562;249;36.480;232;265
56;;Giacomo Petrobelli;Lorcan Hanafin;Jonathan Adam;;Aston Martin Vantage AMR GT3 EVO;58;1:47.179;34.173;247;36.447;250;36.559;232;265
56;;Giacomo Petrobelli;Lorcan Hanafin;Jonathan Adam;;Aston Martin Vantage AMR GT3 EVO;59;1:47.777;34.372;247;36.754;249;36.651;231;266
Bib;Class;Driver1;Driver2;Driver3;Driver4;Car;Lap;Time;Sector1Time;SpeedTrap1;Sector2Time;SpeedTrap2;Sector3Time;SpeedTrap3;TopSpeed
56;;Giacomo Petrobelli;Lorcan Hanafin;Jonathan Adam;;Aston Martin Vantage AMR GT3 EVO;60;1:47.531;34.356;246;36.539;251;36.636;232;265
56;;Giacomo Petrobelli;Lorcan Hanafin;Jonathan Adam;;Aston Martin Vantage AMR GT3 EVO;61;1:47.208;34.236;247;36.410;250;36.562;232;265
56;;Giacomo Petrobelli;Lorcan Hanafin;Jonathan Adam;;Aston Martin Vantage AMR GT3 EVO;62;1:47.564;34.293;247;36.720;250;36.551;232;265
56;;Giacomo Petrobelli;Lorcan Hanafin;Jonathan Adam;;Aston Martin Vantage AMR GT3 EVO;63;1:47.138;34.160;248;36.395;250;36.583;232;266
56;;Giacomo Petrobelli;Lorcan Hanafin;Jonathan Adam;;Aston Martin Vantage AMR GT3 EVO;64;1:47.442;34.319;248;36.551;251;36.572;232;267
56;;Giacomo Petrobelli;Lorcan Hanafin;Jonathan Adam;;Aston Martin Vantage AMR GT3 EVO;65;1:47.060;34.225;248;36.333;252;36.502;232;267
56;;Giacomo Petrobelli;Lorcan Hanafin;Jonathan Adam;;Aston Martin Vantage AMR GT3 EVO;66;1:47.436;34.216;249;36.558;252;36.662;233;268
56;;Giacomo Petrobelli;Lorcan Hanafin;Jonathan Adam;;Aston Martin Vantage AMR GT3 EVO;67;1:47.221;34.276;248;36.416;252;36.529;233;269
56;;Giacomo Petrobelli;Lorcan Hanafin;Jonathan Adam;;Aston Martin Vantage AMR GT3 EVO;68;1:47.586;34.317;246;36.522;250;36.747;233;269
Bib;Class;Driver1;Driver2;Driver3;Driver4;Car;Lap;Time;Sector1Time;SpeedTrap1;Sector2Time;SpeedTrap2;Sector3Time;SpeedTrap3;TopSpeed
56;;Giacomo Petrobelli;Lorcan Hanafin;Jonathan Adam;;Aston Martin Vantage AMR GT3 EVO;69;1:47.955;34.413;248;36.996;250;36.546;232;268
56;;Giacomo Petrobelli;Lorcan Hanafin;Jonathan Adam;;Aston Martin Vantage AMR GT3 EVO;70;1:55.740;34.193;247;36.641;251;44.906;;265
56;;Giacomo Petrobelli;Lorcan Hanafin;Jonathan Adam;;Aston Martin Vantage AMR GT3 EVO;71;2:29.884;1:16.543;244;36.691;249;36.650;231;204
56;;Giacomo Petrobelli;Lorcan Hanafin;Jonathan Adam;;Aston Martin Vantage AMR GT3 EVO;72;2:59.102;34.695;245;;;;;264
56;;Giacomo Petrobelli;Lorcan Hanafin;Jonathan Adam;;Aston Martin Vantage AMR GT3 EVO;73;4:18.683;;;;;;;
56;;Giacomo Petrobelli;Lorcan Hanafin;Jonathan Adam;;Aston Martin Vantage AMR GT3 EVO;74;4:01.686;;;;;;;
56;;Giacomo Petrobelli;Lorcan Hanafin;Jonathan Adam;;Aston Martin Vantage AMR GT3 EVO;75;1:58.746;;;;;;227;
56;;Giacomo Petrobelli;Lorcan Hanafin;Jonathan Adam;;Aston Martin Vantage AMR GT3 EVO;76;2:42.072;1:00.082;137;51.406;168;50.584;224;94
56;;Giacomo Petrobelli;Lorcan Hanafin;Jonathan Adam;;Aston Martin Vantage AMR GT3 EVO;77;1:50.846;35.193;251;38.262;251;37.391;234;265
Bib;Class;Driver1;Driver2;Driver3;Driver4;Car;Lap;Time;Sector1Time;SpeedTrap1;Sector2Time;SpeedTrap2;Sector3Time;SpeedTrap3;TopSpeed
56;;Giacomo Petrobelli;Lorcan Hanafin;Jonathan Adam;;Aston Martin Vantage AMR GT3 EVO;78;2:01.819;36.317;248;44.326;178;41.176;187;262
56;;Giacomo Petrobelli;Lorcan Hanafin;Jonathan Adam;;Aston Martin Vantage AMR GT3 EVO;79;4:10.383;1:29.294;60;1:27.623;83;1:13.466;108;62
58;;Thomas Fleming;Louis Prette;Benjamin Goethe;;McLaren 720S GT3 EVO;1;2:42.666;44.807;241;42.094;158;1:15.765;83;182
58;;Thomas Fleming;Louis Prette;Benjamin Goethe;;McLaren 720S GT3 EVO;2;4:26.747;1:47.636;94;1:21.603;84;1:17.508;90;31
58;;Thomas Fleming;Louis Prette;Benjamin Goethe;;McLaren 720S GT3 EVO;3;3:22.506;1:21.665;88;1:01.904;177;58.937;143;55
58;;Thomas Fleming;Louis Prette;Benjamin Goethe;;McLaren 720S GT3 EVO;4;2:46.918;1:05.578;147;53.816;210;47.524;191;74
58;;Thomas Fleming;Louis Prette;Benjamin Goethe;;McLaren 720S GT3 EVO;5;2:36.561;44.788;120;53.497;213;58.276;;148
58;;Thomas Fleming;Louis Prette;Benjamin Goethe;;McLaren 720S GT3 EVO;6;3:06.818;1:51.971;246;37.472;250;37.375;230;202
58;;Thomas Fleming;Louis Prette;Benjamin Goethe;;McLaren 720S GT3 EVO;7;1:48.670;34.854;249;36.720;252;37.096;230;266
58;;Thomas Fleming;Louis Prette;Benjamin Goethe;;McLaren 720S GT3 EVO;8;1:49.702;34.891;249;36.871;253;37.940;228;268
58;;Thomas Fleming;Louis Prette;Benjamin Goethe;;McLaren 720S GT3 EVO;9;1:49.166;34.992;248;36.694;252;37.480;232;265
58;;Thomas Fleming;Louis Prette;Benjamin Goethe;;McLaren 720S GT3 EVO;10;1:48.429;34.570;248;36.822;253;37.037;232;268
Bib;Class;Driver1;Driver2;Driver3;Driver4;Car;Lap;Time;Sector1Time;SpeedTrap1;Sector2Time;SpeedTrap2;Sector3Time;SpeedTrap3;TopSpeed
58;;Thomas Fleming;Louis Prette;Benjamin Goethe;;McLaren 720S GT3 EVO;11;1:48.842;34.675;249;37.247;252;36.920;231;272
58;;Thomas Fleming;Louis Prette;Benjamin Goethe;;McLaren 720S GT3 EVO;12;1:47.948;34.395;248;36.705;251;36.848;232;269
58;;Thomas Fleming;Louis Prette;Benjamin Goethe;;McLaren 720S GT3 EVO;13;1:47.763;34.286;249;36.577;253;36.900;231;268
58;;Thomas Fleming;Louis Prette;Benjamin Goethe;;McLaren 720S GT3 EVO;14;1:47.684;34.214;249;36.626;253;36.844;233;270
58;;Thomas Fleming;Louis Prette;Benjamin Goethe;;McLaren 720S GT3 EVO;15;1:49.558;34.678;253;37.569;254;37.311;233;271
58;;Thomas Fleming;Louis Prette;Benjamin Goethe;;McLaren 720S GT3 EVO;16;1:48.563;34.651;251;36.911;254;37.001;232;271
58;;Thomas Fleming;Louis Prette;Benjamin Goethe;;McLaren 720S GT3 EVO;17;1:48.258;34.452;249;36.954;253;36.852;233;268
58;;Thomas Fleming;Louis Prette;Benjamin Goethe;;McLaren 720S GT3 EVO;18;1:48.457;34.246;250;36.694;255;37.517;232;267
58;;Thomas Fleming;Louis Prette;Benjamin Goethe;;McLaren 720S GT3 EVO;19;1:48.098;34.538;250;36.566;256;36.994;232;272
58;;Thomas Fleming;Louis Prette;Benjamin Goethe;;McLaren 720S GT3 EVO;20;1:48.993;34.334;250;36.911;257;37.748;232;269
58;;Thomas Fleming;Louis Prette;Benjamin Goethe;;McLaren 720S GT3 EVO;21;1:52.900;38.036;248;37.738;253;37.126;232;253
58;;Thomas Fleming;Louis Prette;Benjamin Goethe;;McLaren 720S GT3 EVO;22;1:48.330;34.617;249;36.722;253;36.991;231;268
58;;Thomas Fleming;Louis Prette;Benjamin Goethe;;McLaren 720S GT3 EVO;23;1:48.762;34.302;249;36.565;254;37.895;166;269
Bib;Class;Driver1;Driver2;Driver3;Driver4;Car;Lap;Time;Sector1Time;SpeedTrap1;Sector2Time;SpeedTrap2;Sector3Time;SpeedTrap3;TopSpeed
58;;Thomas Fleming;Louis Prette;Benjamin Goethe;;McLaren 720S GT3 EVO;24;4:16.803;1:22.233;78;1:21.954;78;1:32.616;78;78
58;;Thomas Fleming;Louis Prette;Benjamin Goethe;;McLaren 720S GT3 EVO;25;4:21.530;1:26.540;78;1:22.087;78;1:32.903;78;78
58;;Thomas Fleming;Louis Prette;Benjamin Goethe;;McLaren 720S GT3 EVO;26;4:21.917;1:27.079;78;1:22.063;78;1:32.775;78;78
58;;Thomas Fleming;Louis Prette;Benjamin Goethe;;McLaren 720S GT3 EVO;27;3:09.098;1:26.811;78;51.011;183;51.276;91;78
58;;Thomas Fleming;Louis Prette;Benjamin Goethe;;McLaren 720S GT3 EVO;28;2:43.187;1:05.611;104;53.088;212;44.488;232;89
58;;Thomas Fleming;Louis Prette;Benjamin Goethe;;McLaren 720S GT3 EVO;29;1:51.294;35.556;252;38.142;252;37.596;232;252
58;;Thomas Fleming;Louis Prette;Benjamin Goethe;;McLaren 720S GT3 EVO;30;1:49.348;34.912;250;37.228;254;37.208;233;261
58;;Thomas Fleming;Louis Prette;Benjamin Goethe;;McLaren 720S GT3 EVO;31;1:55.834;34.967;248;36.976;250;43.891;;272
58;;Thomas Fleming;Louis Prette;Benjamin Goethe;;McLaren 720S GT3 EVO;32;3:06.202;1:51.694;245;37.176;249;37.332;230;204
58;;Thomas Fleming;Louis Prette;Benjamin Goethe;;McLaren 720S GT3 EVO;33;1:48.586;34.470;246;36.763;249;37.353;231;265
58;;Thomas Fleming;Louis Prette;Benjamin Goethe;;McLaren 720S GT3 EVO;34;2:25.117;1:00.652;78;47.358;250;37.107;231;204
58;;Thomas Fleming;Louis Prette;Benjamin Goethe;;McLaren 720S GT3 EVO;35;1:48.739;34.391;248;37.256;251;37.092;232;267
58;;Thomas Fleming;Louis Prette;Benjamin Goethe;;McLaren 720S GT3 EVO;36;1:47.943;34.389;248;36.626;250;36.928;231;267
Bib;Class;Driver1;Driver2;Driver3;Driver4;Car;Lap;Time;Sector1Time;SpeedTrap1;Sector2Time;SpeedTrap2;Sector3Time;SpeedTrap3;TopSpeed
58;;Thomas Fleming;Louis Prette;Benjamin Goethe;;McLaren 720S GT3 EVO;37;1:48.078;34.329;248;36.788;251;36.961;231;268
58;;Thomas Fleming;Louis Prette;Benjamin Goethe;;McLaren 720S GT3 EVO;38;1:47.902;34.288;248;36.705;251;36.909;231;267
58;;Thomas Fleming;Louis Prette;Benjamin Goethe;;McLaren 720S GT3 EVO;39;1:47.954;34.388;248;36.622;251;36.944;231;267
58;;Thomas Fleming;Louis Prette;Benjamin Goethe;;McLaren 720S GT3 EVO;40;1:47.851;34.235;248;36.668;252;36.948;231;269
58;;Thomas Fleming;Louis Prette;Benjamin Goethe;;McLaren 720S GT3 EVO;41;1:48.089;34.349;247;36.804;252;36.936;232;267
58;;Thomas Fleming;Louis Prette;Benjamin Goethe;;McLaren 720S GT3 EVO;42;2:48.537;34.300;249;41.502;78;1:32.735;78;269
58;;Thomas Fleming;Louis Prette;Benjamin Goethe;;McLaren 720S GT3 EVO;43;4:21.331;1:26.416;78;1:22.049;78;1:32.866;78;78
58;;Thomas Fleming;Louis Prette;Benjamin Goethe;;McLaren 720S GT3 EVO;44;4:22.300;1:27.278;78;1:22.166;78;1:32.856;78;78
58;;Thomas Fleming;Louis Prette;Benjamin Goethe;;McLaren 720S GT3 EVO;45;2:11.971;52.601;214;40.228;249;39.142;229;151
58;;Thomas Fleming;Louis Prette;Benjamin Goethe;;McLaren 720S GT3 EVO;46;2:05.976;35.455;248;38.219;250;52.302;104;256
58;;Thomas Fleming;Louis Prette;Benjamin Goethe;;McLaren 720S GT3 EVO;47;2:44.217;1:05.819;126;54.695;194;43.703;232;77
58;;Thomas Fleming;Louis Prette;Benjamin Goethe;;McLaren 720S GT3 EVO;48;1:50.281;34.898;250;37.324;253;38.059;233;244
58;;Thomas Fleming;Louis Prette;Benjamin Goethe;;McLaren 720S GT3 EVO;49;1:53.840;36.702;232;38.874;256;38.264;232;234
Bib;Class;Driver1;Driver2;Driver3;Driver4;Car;Lap;Time;Sector1Time;SpeedTrap1;Sector2Time;SpeedTrap2;Sector3Time;SpeedTrap3;TopSpeed
58;;Thomas Fleming;Louis Prette;Benjamin Goethe;;McLaren 720S GT3 EVO;50;1:49.954;34.500;252;37.645;252;37.809;231;263
58;;Thomas Fleming;Louis Prette;Benjamin Goethe;;McLaren 720S GT3 EVO;51;1:48.475;34.290;250;36.927;252;37.258;233;269
58;;Thomas Fleming;Louis Prette;Benjamin Goethe;;McLaren 720S GT3 EVO;52;1:48.150;34.415;250;36.690;253;37.045;233;270
58;;Thomas Fleming;Louis Prette;Benjamin Goethe;;McLaren 720S GT3 EVO;53;1:47.630;34.340;250;36.508;254;36.782;233;269
58;;Thomas Fleming;Louis Prette;Benjamin Goethe;;McLaren 720S GT3 EVO;54;1:47.935;34.406;248;36.623;254;36.906;233;268
58;;Thomas Fleming;Louis Prette;Benjamin Goethe;;McLaren 720S GT3 EVO;55;1:54.865;34.271;249;36.656;253;43.938;;270
58;;Thomas Fleming;Louis Prette;Benjamin Goethe;;McLaren 720S GT3 EVO;56;3:04.251;1:50.451;248;36.951;252;36.849;233;204
58;;Thomas Fleming;Louis Prette;Benjamin Goethe;;McLaren 720S GT3 EVO;57;1:48.128;34.401;248;36.820;253;36.907;233;268
58;;Thomas Fleming;Louis Prette;Benjamin Goethe;;McLaren 720S GT3 EVO;58;1:47.934;34.509;248;36.737;252;36.688;233;267
58;;Thomas Fleming;Louis Prette;Benjamin Goethe;;McLaren 720S GT3 EVO;59;1:48.418;34.473;249;36.749;255;37.196;234;265
58;;Thomas Fleming;Louis Prette;Benjamin Goethe;;McLaren 720S GT3 EVO;60;1:47.987;34.461;250;36.852;254;36.674;233;274
58;;Thomas Fleming;Louis Prette;Benjamin Goethe;;McLaren 720S GT3 EVO;61;1:48.276;34.204;250;37.196;249;36.876;232;267
58;;Thomas Fleming;Louis Prette;Benjamin Goethe;;McLaren 720S GT3 EVO;62;1:47.593;34.303;249;36.597;252;36.693;233;268
Bib;Class;Driver1;Driver2;Driver3;Driver4;Car;Lap;Time;Sector1Time;SpeedTrap1;Sector2Time;SpeedTrap2;Sector3Time;SpeedTrap3;TopSpeed
58;;Thomas Fleming;Louis Prette;Benjamin Goethe;;McLaren 720S GT3 EVO;63;1:47.753;34.286;249;36.641;252;36.826;233;272
58;;Thomas Fleming;Louis Prette;Benjamin Goethe;;McLaren 720S GT3 EVO;64;1:48.557;34.194;250;37.132;240;37.231;233;269
58;;Thomas Fleming;Louis Prette;Benjamin Goethe;;McLaren 720S GT3 EVO;65;1:48.527;34.168;249;37.049;226;37.310;233;270
58;;Thomas Fleming;Louis Prette;Benjamin Goethe;;McLaren 720S GT3 EVO;66;1:47.296;34.117;250;36.501;252;36.678;233;270
58;;Thomas Fleming;Louis Prette;Benjamin Goethe;;McLaren 720S GT3 EVO;67;1:47.951;34.165;250;36.914;252;36.872;233;272
58;;Thomas Fleming;Louis Prette;Benjamin Goethe;;McLaren 720S GT3 EVO;68;1:47.635;34.117;249;36.639;253;36.879;232;266
58;;Thomas Fleming;Louis Prette;Benjamin Goethe;;McLaren 720S GT3 EVO;69;1:48.054;34.218;252;37.046;252;36.790;232;272
58;;Thomas Fleming;Louis Prette;Benjamin Goethe;;McLaren 720S GT3 EVO;70;1:49.837;34.281;249;36.815;256;38.741;233;269
58;;Thomas Fleming;Louis Prette;Benjamin Goethe;;McLaren 720S GT3 EVO;71;1:47.957;34.380;248;36.550;253;37.027;233;269
58;;Thomas Fleming;Louis Prette;Benjamin Goethe;;McLaren 720S GT3 EVO;72;3:28.910;34.948;169;1:21.452;78;1:32.510;78;271
58;;Thomas Fleming;Louis Prette;Benjamin Goethe;;McLaren 720S GT3 EVO;73;4:21.123;1:26.588;78;1:21.970;78;1:32.565;78;78
58;;Thomas Fleming;Louis Prette;Benjamin Goethe;;McLaren 720S GT3 EVO;74;3:38.213;1:26.749;78;1:20.642;96;50.822;198;78
58;;Thomas Fleming;Louis Prette;Benjamin Goethe;;McLaren 720S GT3 EVO;75;1:57.979;39.570;237;39.462;218;38.947;216;234
Bib;Class;Driver1;Driver2;Driver3;Driver4;Car;Lap;Time;Sector1Time;SpeedTrap1;Sector2Time;SpeedTrap2;Sector3Time;SpeedTrap3;TopSpeed
58;;Thomas Fleming;Louis Prette;Benjamin Goethe;;McLaren 720S GT3 EVO;76;2:08.197;38.053;136;49.017;210;41.127;233;254
58;;Thomas Fleming;Louis Prette;Benjamin Goethe;;McLaren 720S GT3 EVO;77;1:53.020;35.600;253;39.020;252;38.400;233;260
58;;Thomas Fleming;Louis Prette;Benjamin Goethe;;McLaren 720S GT3 EVO;78;2:05.731;36.106;251;48.196;161;41.429;175;249
58;;Thomas Fleming;Louis Prette;Benjamin Goethe;;McLaren 720S GT3 EVO;79;4:09.825;1:31.259;54;1:26.032;79;1:12.534;108;27
59;;Joseph Loake;Dean Macdonald;Marvin Kirchhöfer;;McLaren 720S GT3 EVO;1;;;;;;;;222
60;;Thomas Kiefer;Rolf Ineichen;Tim Heinemann;;Ferrari 296 GT3 EVO;1;2:50.527;46.392;241;46.534;125;1:17.601;57;183
60;;Thomas Kiefer;Rolf Ineichen;Tim Heinemann;;Ferrari 296 GT3 EVO;2;4:28.319;1:48.666;77;1:20.766;77;1:18.887;87;68
60;;Thomas Kiefer;Rolf Ineichen;Tim Heinemann;;Ferrari 296 GT3 EVO;3;3:26.680;1:20.987;84;1:03.934;170;1:01.759;;34
60;;Thomas Kiefer;Rolf Ineichen;Tim Heinemann;;Ferrari 296 GT3 EVO;4;3:13.139;1:56.718;244;38.548;245;37.873;228;177
60;;Thomas Kiefer;Rolf Ineichen;Tim Heinemann;;Ferrari 296 GT3 EVO;5;2:04.217;35.059;245;44.557;124;44.601;177;263
60;;Thomas Kiefer;Rolf Ineichen;Tim Heinemann;;Ferrari 296 GT3 EVO;6;2:41.733;54.908;136;55.690;177;51.135;219;86
60;;Thomas Kiefer;Rolf Ineichen;Tim Heinemann;;Ferrari 296 GT3 EVO;7;1:54.425;37.330;246;39.053;251;38.042;229;260
60;;Thomas Kiefer;Rolf Ineichen;Tim Heinemann;;Ferrari 296 GT3 EVO;8;1:49.499;34.969;249;37.278;250;37.252;231;270
Bib;Class;Driver1;Driver2;Driver3;Driver4;Car;Lap;Time;Sector1Time;SpeedTrap1;Sector2Time;SpeedTrap2;Sector3Time;SpeedTrap3;TopSpeed
60;;Thomas Kiefer;Rolf Ineichen;Tim Heinemann;;Ferrari 296 GT3 EVO;9;1:50.167;34.741;248;37.959;251;37.467;230;272
60;;Thomas Kiefer;Rolf Ineichen;Tim Heinemann;;Ferrari 296 GT3 EVO;10;1:50.205;35.017;247;37.384;251;37.804;227;263
60;;Thomas Kiefer;Rolf Ineichen;Tim Heinemann;;Ferrari 296 GT3 EVO;11;1:49.197;35.061;249;36.962;252;37.174;231;265
60;;Thomas Kiefer;Rolf Ineichen;Tim Heinemann;;Ferrari 296 GT3 EVO;12;1:49.558;34.753;248;37.221;250;37.584;233;268
60;;Thomas Kiefer;Rolf Ineichen;Tim Heinemann;;Ferrari 296 GT3 EVO;13;1:50.488;35.236;245;37.931;252;37.321;233;267
60;;Thomas Kiefer;Rolf Ineichen;Tim Heinemann;;Ferrari 296 GT3 EVO;14;1:48.474;34.440;250;36.905;251;37.129;236;268
60;;Thomas Kiefer;Rolf Ineichen;Tim Heinemann;;Ferrari 296 GT3 EVO;15;1:49.202;34.955;249;37.109;249;37.138;230;273
60;;Thomas Kiefer;Rolf Ineichen;Tim Heinemann;;Ferrari 296 GT3 EVO;16;1:48.216;34.440;248;36.804;251;36.972;231;267
60;;Thomas Kiefer;Rolf Ineichen;Tim Heinemann;;Ferrari 296 GT3 EVO;17;1:48.069;34.379;247;36.666;250;37.024;230;267
60;;Thomas Kiefer;Rolf Ineichen;Tim Heinemann;;Ferrari 296 GT3 EVO;18;1:48.103;34.350;248;36.739;250;37.014;231;266
60;;Thomas Kiefer;Rolf Ineichen;Tim Heinemann;;Ferrari 296 GT3 EVO;19;1:48.007;34.316;248;36.683;251;37.008;231;267
60;;Thomas Kiefer;Rolf Ineichen;Tim Heinemann;;Ferrari 296 GT3 EVO;20;1:48.143;34.444;247;36.765;252;36.934;231;267
60;;Thomas Kiefer;Rolf Ineichen;Tim Heinemann;;Ferrari 296 GT3 EVO;21;1:48.255;34.372;249;36.977;251;36.906;232;267
Bib;Class;Driver1;Driver2;Driver3;Driver4;Car;Lap;Time;Sector1Time;SpeedTrap1;Sector2Time;SpeedTrap2;Sector3Time;SpeedTrap3;TopSpeed
60;;Thomas Kiefer;Rolf Ineichen;Tim Heinemann;;Ferrari 296 GT3 EVO;22;1:48.439;34.389;248;36.931;252;37.119;231;267
60;;Thomas Kiefer;Rolf Ineichen;Tim Heinemann;;Ferrari 296 GT3 EVO;23;1:48.379;34.406;248;36.548;252;37.425;231;267
60;;Thomas Kiefer;Rolf Ineichen;Tim Heinemann;;Ferrari 296 GT3 EVO;24;3:53.819;59.472;78;1:21.842;78;1:32.505;78;263
60;;Thomas Kiefer;Rolf Ineichen;Tim Heinemann;;Ferrari 296 GT3 EVO;25;4:25.173;1:27.214;78;1:22.150;78;1:35.809;;78
60;;Thomas Kiefer;Rolf Ineichen;Tim Heinemann;;Ferrari 296 GT3 EVO;26;5:23.286;2:28.703;78;1:22.035;78;1:32.548;78;78
60;;Thomas Kiefer;Rolf Ineichen;Tim Heinemann;;Ferrari 296 GT3 EVO;27;2:49.647;1:24.407;145;43.251;196;41.989;184;78
60;;Thomas Kiefer;Rolf Ineichen;Tim Heinemann;;Ferrari 296 GT3 EVO;28;2:34.228;1:00.577;99;51.791;192;41.860;231;82
60;;Thomas Kiefer;Rolf Ineichen;Tim Heinemann;;Ferrari 296 GT3 EVO;29;1:52.319;35.503;250;38.880;251;37.936;230;257
60;;Thomas Kiefer;Rolf Ineichen;Tim Heinemann;;Ferrari 296 GT3 EVO;30;1:50.646;35.465;248;37.627;253;37.554;231;265
60;;Thomas Kiefer;Rolf Ineichen;Tim Heinemann;;Ferrari 296 GT3 EVO;31;1:49.445;35.322;246;37.091;251;37.032;231;268
60;;Thomas Kiefer;Rolf Ineichen;Tim Heinemann;;Ferrari 296 GT3 EVO;32;1:48.350;34.414;246;36.952;252;36.984;230;267
60;;Thomas Kiefer;Rolf Ineichen;Tim Heinemann;;Ferrari 296 GT3 EVO;33;1:51.459;34.527;248;39.224;252;37.708;231;268
60;;Thomas Kiefer;Rolf Ineichen;Tim Heinemann;;Ferrari 296 GT3 EVO;34;2:27.341;35.476;249;37.436;230;1:14.429;78;267
Bib;Class;Driver1;Driver2;Driver3;Driver4;Car;Lap;Time;Sector1Time;SpeedTrap1;Sector2Time;SpeedTrap2;Sector3Time;SpeedTrap3;TopSpeed
60;;Thomas Kiefer;Rolf Ineichen;Tim Heinemann;;Ferrari 296 GT3 EVO;35;1:59.714;45.375;246;37.171;250;37.168;231;221
60;;Thomas Kiefer;Rolf Ineichen;Tim Heinemann;;Ferrari 296 GT3 EVO;36;1:48.518;34.626;248;36.962;251;36.930;231;269
60;;Thomas Kiefer;Rolf Ineichen;Tim Heinemann;;Ferrari 296 GT3 EVO;37;1:49.296;34.409;248;37.843;250;37.044;232;269
60;;Thomas Kiefer;Rolf Ineichen;Tim Heinemann;;Ferrari 296 GT3 EVO;38;1:48.905;35.100;248;36.924;252;36.881;232;269
60;;Thomas Kiefer;Rolf Ineichen;Tim Heinemann;;Ferrari 296 GT3 EVO;39;1:48.117;34.525;248;36.661;252;36.931;231;269
60;;Thomas Kiefer;Rolf Ineichen;Tim Heinemann;;Ferrari 296 GT3 EVO;40;1:48.207;34.410;247;36.749;252;37.048;232;269
60;;Thomas Kiefer;Rolf Ineichen;Tim Heinemann;;Ferrari 296 GT3 EVO;41;1:48.178;34.481;248;36.920;252;36.777;232;270
60;;Thomas Kiefer;Rolf Ineichen;Tim Heinemann;;Ferrari 296 GT3 EVO;42;1:49.147;34.952;245;37.242;252;36.953;234;270
60;;Thomas Kiefer;Rolf Ineichen;Tim Heinemann;;Ferrari 296 GT3 EVO;43;3:54.398;57.266;79;1:21.831;78;1:35.301;;262
60;;Thomas Kiefer;Rolf Ineichen;Tim Heinemann;;Ferrari 296 GT3 EVO;44;4:34.048;1:39.667;78;1:21.890;78;1:32.491;78;78
60;;Thomas Kiefer;Rolf Ineichen;Tim Heinemann;;Ferrari 296 GT3 EVO;45;3:27.810;1:26.525;78;1:13.870;141;47.415;208;78
60;;Thomas Kiefer;Rolf Ineichen;Tim Heinemann;;Ferrari 296 GT3 EVO;46;2:44.226;37.494;220;58.304;113;1:08.428;114;236
60;;Thomas Kiefer;Rolf Ineichen;Tim Heinemann;;Ferrari 296 GT3 EVO;47;2:54.106;1:05.865;97;56.146;202;52.095;232;84
Bib;Class;Driver1;Driver2;Driver3;Driver4;Car;Lap;Time;Sector1Time;SpeedTrap1;Sector2Time;SpeedTrap2;Sector3Time;SpeedTrap3;TopSpeed
60;;Thomas Kiefer;Rolf Ineichen;Tim Heinemann;;Ferrari 296 GT3 EVO;48;1:50.339;35.092;249;37.637;254;37.610;234;261
60;;Thomas Kiefer;Rolf Ineichen;Tim Heinemann;;Ferrari 296 GT3 EVO;49;1:51.058;35.763;250;37.443;256;37.852;234;262
60;;Thomas Kiefer;Rolf Ineichen;Tim Heinemann;;Ferrari 296 GT3 EVO;50;1:49.268;34.539;249;37.529;254;37.200;233;273
60;;Thomas Kiefer;Rolf Ineichen;Tim Heinemann;;Ferrari 296 GT3 EVO;51;1:49.189;34.447;252;37.350;253;37.392;233;270
60;;Thomas Kiefer;Rolf Ineichen;Tim Heinemann;;Ferrari 296 GT3 EVO;52;1:48.909;34.247;252;37.270;253;37.392;230;271
60;;Thomas Kiefer;Rolf Ineichen;Tim Heinemann;;Ferrari 296 GT3 EVO;53;1:48.221;34.312;250;36.965;254;36.944;233;269
60;;Thomas Kiefer;Rolf Ineichen;Tim Heinemann;;Ferrari 296 GT3 EVO;54;1:48.891;34.405;250;37.098;254;37.388;232;270
60;;Thomas Kiefer;Rolf Ineichen;Tim Heinemann;;Ferrari 296 GT3 EVO;55;1:48.221;34.491;253;36.911;253;36.819;233;269
60;;Thomas Kiefer;Rolf Ineichen;Tim Heinemann;;Ferrari 296 GT3 EVO;56;1:47.859;34.196;250;36.875;253;36.788;233;269
60;;Thomas Kiefer;Rolf Ineichen;Tim Heinemann;;Ferrari 296 GT3 EVO;57;1:55.255;34.222;249;36.589;253;44.444;;269
60;;Thomas Kiefer;Rolf Ineichen;Tim Heinemann;;Ferrari 296 GT3 EVO;58;3:26.314;2:12.372;244;37.038;249;36.904;230;203
60;;Thomas Kiefer;Rolf Ineichen;Tim Heinemann;;Ferrari 296 GT3 EVO;59;1:47.793;34.555;245;36.543;250;36.695;230;267
60;;Thomas Kiefer;Rolf Ineichen;Tim Heinemann;;Ferrari 296 GT3 EVO;60;1:47.575;34.313;245;36.442;252;36.820;231;267
Bib;Class;Driver1;Driver2;Driver3;Driver4;Car;Lap;Time;Sector1Time;SpeedTrap1;Sector2Time;SpeedTrap2;Sector3Time;SpeedTrap3;TopSpeed
60;;Thomas Kiefer;Rolf Ineichen;Tim Heinemann;;Ferrari 296 GT3 EVO;61;1:47.857;34.350;247;36.762;250;36.745;231;269
60;;Thomas Kiefer;Rolf Ineichen;Tim Heinemann;;Ferrari 296 GT3 EVO;62;1:48.337;34.181;248;37.001;250;37.155;231;269
60;;Thomas Kiefer;Rolf Ineichen;Tim Heinemann;;Ferrari 296 GT3 EVO;63;1:47.757;34.288;246;36.690;250;36.779;231;268
60;;Thomas Kiefer;Rolf Ineichen;Tim Heinemann;;Ferrari 296 GT3 EVO;64;1:48.342;34.188;248;36.755;252;37.399;231;270
60;;Thomas Kiefer;Rolf Ineichen;Tim Heinemann;;Ferrari 296 GT3 EVO;65;1:47.656;34.323;246;36.781;252;36.552;231;269
60;;Thomas Kiefer;Rolf Ineichen;Tim Heinemann;;Ferrari 296 GT3 EVO;66;1:47.529;34.254;246;36.594;251;36.681;232;269
60;;Thomas Kiefer;Rolf Ineichen;Tim Heinemann;;Ferrari 296 GT3 EVO;67;1:47.528;34.118;246;36.527;252;36.883;232;270
60;;Thomas Kiefer;Rolf Ineichen;Tim Heinemann;;Ferrari 296 GT3 EVO;68;1:47.788;34.240;246;36.894;252;36.654;232;269
60;;Thomas Kiefer;Rolf Ineichen;Tim Heinemann;;Ferrari 296 GT3 EVO;69;1:47.696;34.111;248;36.792;253;36.793;232;270
60;;Thomas Kiefer;Rolf Ineichen;Tim Heinemann;;Ferrari 296 GT3 EVO;70;1:49.347;34.224;249;37.216;239;37.907;233;270
60;;Thomas Kiefer;Rolf Ineichen;Tim Heinemann;;Ferrari 296 GT3 EVO;71;1:51.460;34.179;249;38.728;244;38.553;233;271
60;;Thomas Kiefer;Rolf Ineichen;Tim Heinemann;;Ferrari 296 GT3 EVO;72;3:51.211;56.997;78;1:21.766;77;1:32.448;78;271
60;;Thomas Kiefer;Rolf Ineichen;Tim Heinemann;;Ferrari 296 GT3 EVO;73;4:20.755;1:26.300;78;1:21.757;78;1:32.698;77;78
Bib;Class;Driver1;Driver2;Driver3;Driver4;Car;Lap;Time;Sector1Time;SpeedTrap1;Sector2Time;SpeedTrap2;Sector3Time;SpeedTrap3;TopSpeed
60;;Thomas Kiefer;Rolf Ineichen;Tim Heinemann;;Ferrari 296 GT3 EVO;74;3:12.603;1:27.256;77;59.338;245;46.009;195;76
60;;Thomas Kiefer;Rolf Ineichen;Tim Heinemann;;Ferrari 296 GT3 EVO;75;1:55.855;39.411;245;38.346;248;38.098;230;107
60;;Thomas Kiefer;Rolf Ineichen;Tim Heinemann;;Ferrari 296 GT3 EVO;76;2:05.283;38.529;130;46.857;200;39.897;224;231
60;;Thomas Kiefer;Rolf Ineichen;Tim Heinemann;;Ferrari 296 GT3 EVO;77;1:51.645;34.795;250;37.915;257;38.935;234;265
60;;Thomas Kiefer;Rolf Ineichen;Tim Heinemann;;Ferrari 296 GT3 EVO;78;2:08.156;36.475;250;49.261;176;42.420;148;213
60;;Thomas Kiefer;Rolf Ineichen;Tim Heinemann;;Ferrari 296 GT3 EVO;79;4:12.423;1:34.758;71;1:24.229;66;1:13.436;99;15
63;;Mirko Bortolotti;Maximilian Paul;Franck Perera;;Lamborghini Temerario GT3;1;2:29.649;42.128;240;38.582;230;1:08.939;85;188
63;;Mirko Bortolotti;Maximilian Paul;Franck Perera;;Lamborghini Temerario GT3;2;4:24.315;1:47.517;76;1:20.038;97;1:16.760;83;38
63;;Mirko Bortolotti;Maximilian Paul;Franck Perera;;Lamborghini Temerario GT3;3;3:24.378;1:23.717;68;1:02.088;205;58.573;133;66
63;;Mirko Bortolotti;Maximilian Paul;Franck Perera;;Lamborghini Temerario GT3;4;2:50.060;1:07.235;128;53.919;209;48.906;188;110
63;;Mirko Bortolotti;Maximilian Paul;Franck Perera;;Lamborghini Temerario GT3;5;2:42.135;49.529;127;50.828;176;1:01.778;;143
63;;Mirko Bortolotti;Maximilian Paul;Franck Perera;;Lamborghini Temerario GT3;6;3:06.090;1:50.637;239;37.883;248;37.570;230;202
63;;Mirko Bortolotti;Maximilian Paul;Franck Perera;;Lamborghini Temerario GT3;7;1:49.053;34.770;248;37.054;250;37.229;231;265
63;;Mirko Bortolotti;Maximilian Paul;Franck Perera;;Lamborghini Temerario GT3;8;1:52.835;36.699;248;38.461;252;37.675;232;267
63;;Mirko Bortolotti;Maximilian Paul;Franck Perera;;Lamborghini Temerario GT3;9;1:48.282;34.298;249;36.953;252;37.031;232;267
Bib;Class;Driver1;Driver2;Driver3;Driver4;Car;Lap;Time;Sector1Time;SpeedTrap1;Sector2Time;SpeedTrap2;Sector3Time;SpeedTrap3;TopSpeed
63;;Mirko Bortolotti;Maximilian Paul;Franck Perera;;Lamborghini Temerario GT3;10;1:49.188;34.326;250;37.528;251;37.334;230;267
63;;Mirko Bortolotti;Maximilian Paul;Franck Perera;;Lamborghini Temerario GT3;11;1:48.451;34.509;249;37.035;252;36.907;233;270
63;;Mirko Bortolotti;Maximilian Paul;Franck Perera;;Lamborghini Temerario GT3;12;1:47.777;34.199;249;36.688;251;36.890;234;268
63;;Mirko Bortolotti;Maximilian Paul;Franck Perera;;Lamborghini Temerario GT3;13;1:48.020;34.180;250;36.825;253;37.015;233;269
63;;Mirko Bortolotti;Maximilian Paul;Franck Perera;;Lamborghini Temerario GT3;14;1:48.980;34.959;252;37.017;253;37.004;234;269
63;;Mirko Bortolotti;Maximilian Paul;Franck Perera;;Lamborghini Temerario GT3;15;1:50.087;35.062;250;37.554;256;37.471;233;270
63;;Mirko Bortolotti;Maximilian Paul;Franck Perera;;Lamborghini Temerario GT3;16;1:49.676;35.366;248;37.507;253;36.803;232;269
63;;Mirko Bortolotti;Maximilian Paul;Franck Perera;;Lamborghini Temerario GT3;17;1:48.349;34.308;249;37.096;253;36.945;232;268
63;;Mirko Bortolotti;Maximilian Paul;Franck Perera;;Lamborghini Temerario GT3;18;1:48.106;34.397;250;36.560;255;37.149;234;268
63;;Mirko Bortolotti;Maximilian Paul;Franck Perera;;Lamborghini Temerario GT3;19;1:48.329;34.632;250;36.835;255;36.862;233;272
63;;Mirko Bortolotti;Maximilian Paul;Franck Perera;;Lamborghini Temerario GT3;20;1:48.343;34.423;249;36.930;254;36.990;236;269
63;;Mirko Bortolotti;Maximilian Paul;Franck Perera;;Lamborghini Temerario GT3;21;1:51.005;37.486;246;36.705;252;36.814;232;263
63;;Mirko Bortolotti;Maximilian Paul;Franck Perera;;Lamborghini Temerario GT3;22;1:48.946;34.509;246;37.204;250;37.233;231;255
63;;Mirko Bortolotti;Maximilian Paul;Franck Perera;;Lamborghini Temerario GT3;23;1:49.793;34.320;248;36.953;252;38.520;179;266
63;;Mirko Bortolotti;Maximilian Paul;Franck Perera;;Lamborghini Temerario GT3;24;4:16.256;1:19.370;78;1:21.709;78;1:35.177;;79
63;;Mirko Bortolotti;Maximilian Paul;Franck Perera;;Lamborghini Temerario GT3;25;5:05.298;2:10.457;78;1:22.118;78;1:32.723;78;78
63;;Mirko Bortolotti;Maximilian Paul;Franck Perera;;Lamborghini Temerario GT3;26;4:21.294;1:26.762;78;1:21.953;78;1:32.579;78;78
Bib;Class;Driver1;Driver2;Driver3;Driver4;Car;Lap;Time;Sector1Time;SpeedTrap1;Sector2Time;SpeedTrap2;Sector3Time;SpeedTrap3;TopSpeed
63;;Mirko Bortolotti;Maximilian Paul;Franck Perera;;Lamborghini Temerario GT3;27;2:40.406;1:14.903;153;43.913;185;41.590;174;78
63;;Mirko Bortolotti;Maximilian Paul;Franck Perera;;Lamborghini Temerario GT3;28;2:32.959;1:01.521;91;51.782;208;39.656;235;75
63;;Mirko Bortolotti;Maximilian Paul;Franck Perera;;Lamborghini Temerario GT3;29;1:50.870;35.121;252;38.180;256;37.569;233;258
63;;Mirko Bortolotti;Maximilian Paul;Franck Perera;;Lamborghini Temerario GT3;30;1:49.833;34.687;256;37.976;254;37.170;232;252
63;;Mirko Bortolotti;Maximilian Paul;Franck Perera;;Lamborghini Temerario GT3;31;1:48.517;34.271;253;37.141;255;37.105;233;267
63;;Mirko Bortolotti;Maximilian Paul;Franck Perera;;Lamborghini Temerario GT3;32;1:49.054;34.049;253;37.447;255;37.558;233;269
63;;Mirko Bortolotti;Maximilian Paul;Franck Perera;;Lamborghini Temerario GT3;33;1:49.801;34.746;248;37.959;252;37.096;232;268
63;;Mirko Bortolotti;Maximilian Paul;Franck Perera;;Lamborghini Temerario GT3;34;2:12.036;34.464;251;36.972;252;1:00.600;78;266
63;;Mirko Bortolotti;Maximilian Paul;Franck Perera;;Lamborghini Temerario GT3;35;2:17.384;56.475;246;36.895;249;44.014;;148
63;;Mirko Bortolotti;Maximilian Paul;Franck Perera;;Lamborghini Temerario GT3;36;3:03.040;1:48.638;245;37.071;249;37.331;229;205
63;;Mirko Bortolotti;Maximilian Paul;Franck Perera;;Lamborghini Temerario GT3;37;1:48.849;34.610;246;37.024;248;37.215;229;264
63;;Mirko Bortolotti;Maximilian Paul;Franck Perera;;Lamborghini Temerario GT3;38;1:48.196;34.408;245;36.768;249;37.020;230;264
63;;Mirko Bortolotti;Maximilian Paul;Franck Perera;;Lamborghini Temerario GT3;39;1:48.439;34.391;246;36.918;248;37.130;230;263
63;;Mirko Bortolotti;Maximilian Paul;Franck Perera;;Lamborghini Temerario GT3;40;1:48.589;34.357;246;36.914;249;37.318;231;264
63;;Mirko Bortolotti;Maximilian Paul;Franck Perera;;Lamborghini Temerario GT3;41;1:57.110;34.845;245;36.743;250;45.522;;265
64;;Arjun Maini;Fabio Scherer;Thomas Drouet;;Ford Mustang GT3 EVO;1;;;;;;;;230
Bib;Class;Driver1;Driver2;Driver3;Driver4;Car;Lap;Time;Sector1Time;SpeedTrap1;Sector2Time;SpeedTrap2;Sector3Time;SpeedTrap3;TopSpeed
65;;Finn Wiebelhaus;Eduardo Coseteng;Maxime Oosten;;Ford Mustang GT3 EVO;1;;;;;;;;231
66;;Rocco Mazzola;Sebastian Øgaard;Ariel Levi;;Audi R8 LMS GT3 EVO II;1;2:48.412;45.574;241;46.057;147;1:16.781;61;180
66;;Rocco Mazzola;Sebastian Øgaard;Ariel Levi;;Audi R8 LMS GT3 EVO II;2;4:28.437;1:48.147;85;1:20.265;101;1:20.025;87;52
66;;Rocco Mazzola;Sebastian Øgaard;Ariel Levi;;Audi R8 LMS GT3 EVO II;3;3:26.677;1:20.805;82;1:03.569;177;1:02.303;;38
66;;Rocco Mazzola;Sebastian Øgaard;Ariel Levi;;Audi R8 LMS GT3 EVO II;4;3:24.988;2:08.027;237;38.877;231;38.084;229;182
66;;Rocco Mazzola;Sebastian Øgaard;Ariel Levi;;Audi R8 LMS GT3 EVO II;5;1:57.236;40.110;223;38.446;187;38.680;187;134
66;;Rocco Mazzola;Sebastian Øgaard;Ariel Levi;;Audi R8 LMS GT3 EVO II;6;2:39.885;55.341;127;55.677;170;48.867;232;105
66;;Rocco Mazzola;Sebastian Øgaard;Ariel Levi;;Audi R8 LMS GT3 EVO II;7;1:52.647;36.318;249;38.182;250;38.147;230;267
66;;Rocco Mazzola;Sebastian Øgaard;Ariel Levi;;Audi R8 LMS GT3 EVO II;8;1:48.918;34.613;250;36.890;253;37.415;232;267
Bib;Class;Driver1;Driver2;Driver3;Driver4;Car;Lap;Time;Sector1Time;SpeedTrap1;Sector2Time;SpeedTrap2;Sector3Time;SpeedTrap3;TopSpeed
66;;Rocco Mazzola;Sebastian Øgaard;Ariel Levi;;Audi R8 LMS GT3 EVO II;9;1:48.246;34.797;248;36.665;250;36.784;231;263
66;;Rocco Mazzola;Sebastian Øgaard;Ariel Levi;;Audi R8 LMS GT3 EVO II;10;1:47.772;34.581;248;36.503;251;36.688;232;267
66;;Rocco Mazzola;Sebastian Øgaard;Ariel Levi;;Audi R8 LMS GT3 EVO II;11;1:47.415;34.274;248;36.453;252;36.688;232;268
66;;Rocco Mazzola;Sebastian Øgaard;Ariel Levi;;Audi R8 LMS GT3 EVO II;12;1:48.008;34.212;250;36.980;250;36.816;232;269
66;;Rocco Mazzola;Sebastian Øgaard;Ariel Levi;;Audi R8 LMS GT3 EVO II;13;1:48.180;34.325;249;36.841;252;37.014;234;269
66;;Rocco Mazzola;Sebastian Øgaard;Ariel Levi;;Audi R8 LMS GT3 EVO II;14;1:48.137;34.738;247;36.591;248;36.808;231;269
66;;Rocco Mazzola;Sebastian Øgaard;Ariel Levi;;Audi R8 LMS GT3 EVO II;15;1:47.392;34.246;248;36.436;250;36.710;232;266
66;;Rocco Mazzola;Sebastian Øgaard;Ariel Levi;;Audi R8 LMS GT3 EVO II;16;1:47.541;34.194;247;36.548;252;36.799;231;267
66;;Rocco Mazzola;Sebastian Øgaard;Ariel Levi;;Audi R8 LMS GT3 EVO II;17;1:47.332;34.338;247;36.444;252;36.550;232;266
Bib;Class;Driver1;Driver2;Driver3;Driver4;Car;Lap;Time;Sector1Time;SpeedTrap1;Sector2Time;SpeedTrap2;Sector3Time;SpeedTrap3;TopSpeed
66;;Rocco Mazzola;Sebastian Øgaard;Ariel Levi;;Audi R8 LMS GT3 EVO II;18;1:47.306;34.219;248;36.492;252;36.595;232;266
66;;Rocco Mazzola;Sebastian Øgaard;Ariel Levi;;Audi R8 LMS GT3 EVO II;19;1:47.435;34.104;249;36.734;253;36.597;232;267
66;;Rocco Mazzola;Sebastian Øgaard;Ariel Levi;;Audi R8 LMS GT3 EVO II;20;1:47.666;34.169;250;36.824;253;36.673;234;269
66;;Rocco Mazzola;Sebastian Øgaard;Ariel Levi;;Audi R8 LMS GT3 EVO II;21;1:48.301;34.401;251;37.253;253;36.647;233;272
66;;Rocco Mazzola;Sebastian Øgaard;Ariel Levi;;Audi R8 LMS GT3 EVO II;22;1:47.837;34.179;251;36.898;255;36.760;235;271
66;;Rocco Mazzola;Sebastian Øgaard;Ariel Levi;;Audi R8 LMS GT3 EVO II;23;1:47.932;34.476;249;36.727;253;36.729;233;272
66;;Rocco Mazzola;Sebastian Øgaard;Ariel Levi;;Audi R8 LMS GT3 EVO II;24;3:40.622;43.176;78;1:22.166;78;1:35.280;;269
66;;Rocco Mazzola;Sebastian Øgaard;Ariel Levi;;Audi R8 LMS GT3 EVO II;25;5:21.170;2:26.590;78;1:22.007;78;1:32.573;78;78
66;;Rocco Mazzola;Sebastian Øgaard;Ariel Levi;;Audi R8 LMS GT3 EVO II;26;4:21.140;1:26.561;78;1:22.010;78;1:32.569;78;78
Bib;Class;Driver1;Driver2;Driver3;Driver4;Car;Lap;Time;Sector1Time;SpeedTrap1;Sector2Time;SpeedTrap2;Sector3Time;SpeedTrap3;TopSpeed
66;;Rocco Mazzola;Sebastian Øgaard;Ariel Levi;;Audi R8 LMS GT3 EVO II;27;3:09.207;1:26.419;78;51.444;231;51.344;106;78
66;;Rocco Mazzola;Sebastian Øgaard;Ariel Levi;;Audi R8 LMS GT3 EVO II;28;2:46.620;1:06.056;132;54.148;193;46.416;232;111
66;;Rocco Mazzola;Sebastian Øgaard;Ariel Levi;;Audi R8 LMS GT3 EVO II;29;1:50.191;35.435;249;37.471;252;37.285;232;258
66;;Rocco Mazzola;Sebastian Øgaard;Ariel Levi;;Audi R8 LMS GT3 EVO II;30;1:48.681;34.474;250;37.083;254;37.124;231;271
66;;Rocco Mazzola;Sebastian Øgaard;Ariel Levi;;Audi R8 LMS GT3 EVO II;31;1:48.068;34.364;250;36.883;254;36.821;232;269
66;;Rocco Mazzola;Sebastian Øgaard;Ariel Levi;;Audi R8 LMS GT3 EVO II;32;1:48.449;34.742;249;36.738;253;36.969;232;270
66;;Rocco Mazzola;Sebastian Øgaard;Ariel Levi;;Audi R8 LMS GT3 EVO II;33;1:47.877;34.303;250;36.785;253;36.789;233;269
66;;Rocco Mazzola;Sebastian Øgaard;Ariel Levi;;Audi R8 LMS GT3 EVO II;34;1:59.771;34.346;250;36.852;252;48.573;78;269
66;;Rocco Mazzola;Sebastian Øgaard;Ariel Levi;;Audi R8 LMS GT3 EVO II;35;2:20.258;1:06.113;239;37.022;252;37.123;231;78
Bib;Class;Driver1;Driver2;Driver3;Driver4;Car;Lap;Time;Sector1Time;SpeedTrap1;Sector2Time;SpeedTrap2;Sector3Time;SpeedTrap3;TopSpeed
66;;Rocco Mazzola;Sebastian Øgaard;Ariel Levi;;Audi R8 LMS GT3 EVO II;36;1:47.711;34.252;249;36.584;253;36.875;232;267
66;;Rocco Mazzola;Sebastian Øgaard;Ariel Levi;;Audi R8 LMS GT3 EVO II;37;1:47.562;34.236;250;36.565;251;36.761;232;269
66;;Rocco Mazzola;Sebastian Øgaard;Ariel Levi;;Audi R8 LMS GT3 EVO II;38;1:47.486;34.173;250;36.676;252;36.637;232;269
66;;Rocco Mazzola;Sebastian Øgaard;Ariel Levi;;Audi R8 LMS GT3 EVO II;39;1:47.719;34.080;250;36.753;253;36.886;233;269
66;;Rocco Mazzola;Sebastian Øgaard;Ariel Levi;;Audi R8 LMS GT3 EVO II;40;1:47.835;34.274;249;36.570;255;36.991;233;269
66;;Rocco Mazzola;Sebastian Øgaard;Ariel Levi;;Audi R8 LMS GT3 EVO II;41;1:48.035;34.346;251;36.930;254;36.759;233;268
66;;Rocco Mazzola;Sebastian Øgaard;Ariel Levi;;Audi R8 LMS GT3 EVO II;42;1:48.086;34.348;250;36.729;255;37.009;233;272
66;;Rocco Mazzola;Sebastian Øgaard;Ariel Levi;;Audi R8 LMS GT3 EVO II;43;3:15.989;34.740;250;1:08.806;79;1:32.443;78;269
66;;Rocco Mazzola;Sebastian Øgaard;Ariel Levi;;Audi R8 LMS GT3 EVO II;44;4:23.931;1:26.536;78;1:21.981;78;1:35.414;;78
Bib;Class;Driver1;Driver2;Driver3;Driver4;Car;Lap;Time;Sector1Time;SpeedTrap1;Sector2Time;SpeedTrap2;Sector3Time;SpeedTrap3;TopSpeed
66;;Rocco Mazzola;Sebastian Øgaard;Ariel Levi;;Audi R8 LMS GT3 EVO II;45;4:28.129;2:27.614;78;1:20.016;118;40.499;229;78
66;;Rocco Mazzola;Sebastian Øgaard;Ariel Levi;;Audi R8 LMS GT3 EVO II;46;2:50.675;36.132;159;1:05.655;81;1:08.888;123;246
66;;Rocco Mazzola;Sebastian Øgaard;Ariel Levi;;Audi R8 LMS GT3 EVO II;47;2:58.245;1:06.937;93;55.649;199;55.659;231;93
66;;Rocco Mazzola;Sebastian Øgaard;Ariel Levi;;Audi R8 LMS GT3 EVO II;48;1:50.054;35.091;249;37.512;249;37.451;233;260
66;;Rocco Mazzola;Sebastian Øgaard;Ariel Levi;;Audi R8 LMS GT3 EVO II;49;1:49.867;35.013;250;37.488;255;37.366;232;262
66;;Rocco Mazzola;Sebastian Øgaard;Ariel Levi;;Audi R8 LMS GT3 EVO II;50;1:48.699;34.298;250;37.268;255;37.133;232;272
66;;Rocco Mazzola;Sebastian Øgaard;Ariel Levi;;Audi R8 LMS GT3 EVO II;51;1:48.128;34.202;252;36.876;253;37.050;232;272
66;;Rocco Mazzola;Sebastian Øgaard;Ariel Levi;;Audi R8 LMS GT3 EVO II;52;1:48.255;34.345;249;36.914;253;36.996;232;271
66;;Rocco Mazzola;Sebastian Øgaard;Ariel Levi;;Audi R8 LMS GT3 EVO II;53;1:47.880;34.333;251;36.672;252;36.875;232;268
Bib;Class;Driver1;Driver2;Driver3;Driver4;Car;Lap;Time;Sector1Time;SpeedTrap1;Sector2Time;SpeedTrap2;Sector3Time;SpeedTrap3;TopSpeed
66;;Rocco Mazzola;Sebastian Øgaard;Ariel Levi;;Audi R8 LMS GT3 EVO II;54;1:47.915;34.366;249;36.599;252;36.950;231;268
66;;Rocco Mazzola;Sebastian Øgaard;Ariel Levi;;Audi R8 LMS GT3 EVO II;55;1:47.823;34.240;249;36.646;250;36.937;232;267
66;;Rocco Mazzola;Sebastian Øgaard;Ariel Levi;;Audi R8 LMS GT3 EVO II;56;1:47.635;34.233;249;36.616;253;36.786;233;269
66;;Rocco Mazzola;Sebastian Øgaard;Ariel Levi;;Audi R8 LMS GT3 EVO II;57;1:47.379;34.252;249;36.537;255;36.590;235;269
66;;Rocco Mazzola;Sebastian Øgaard;Ariel Levi;;Audi R8 LMS GT3 EVO II;58;1:47.969;34.025;253;36.956;255;36.988;234;273
66;;Rocco Mazzola;Sebastian Øgaard;Ariel Levi;;Audi R8 LMS GT3 EVO II;59;1:48.076;34.185;251;37.110;256;36.781;233;273
66;;Rocco Mazzola;Sebastian Øgaard;Ariel Levi;;Audi R8 LMS GT3 EVO II;60;1:47.641;34.216;249;36.742;255;36.683;233;272
66;;Rocco Mazzola;Sebastian Øgaard;Ariel Levi;;Audi R8 LMS GT3 EVO II;61;1:47.375;34.170;249;36.666;255;36.539;233;272
66;;Rocco Mazzola;Sebastian Øgaard;Ariel Levi;;Audi R8 LMS GT3 EVO II;62;1:47.772;34.188;253;36.769;255;36.815;234;272
Bib;Class;Driver1;Driver2;Driver3;Driver4;Car;Lap;Time;Sector1Time;SpeedTrap1;Sector2Time;SpeedTrap2;Sector3Time;SpeedTrap3;TopSpeed
66;;Rocco Mazzola;Sebastian Øgaard;Ariel Levi;;Audi R8 LMS GT3 EVO II;63;1:47.945;34.427;252;36.589;256;36.929;233;271
66;;Rocco Mazzola;Sebastian Øgaard;Ariel Levi;;Audi R8 LMS GT3 EVO II;64;1:47.480;34.242;249;36.478;254;36.760;234;270
66;;Rocco Mazzola;Sebastian Øgaard;Ariel Levi;;Audi R8 LMS GT3 EVO II;65;1:47.475;34.093;250;36.528;256;36.854;234;271
66;;Rocco Mazzola;Sebastian Øgaard;Ariel Levi;;Audi R8 LMS GT3 EVO II;66;1:47.554;34.245;252;36.576;254;36.733;233;274
66;;Rocco Mazzola;Sebastian Øgaard;Ariel Levi;;Audi R8 LMS GT3 EVO II;67;1:47.334;34.134;250;36.438;255;36.762;233;272
66;;Rocco Mazzola;Sebastian Øgaard;Ariel Levi;;Audi R8 LMS GT3 EVO II;68;1:47.686;34.188;252;36.700;255;36.798;234;275
66;;Rocco Mazzola;Sebastian Øgaard;Ariel Levi;;Audi R8 LMS GT3 EVO II;69;1:47.483;34.122;251;36.637;255;36.724;233;273
66;;Rocco Mazzola;Sebastian Øgaard;Ariel Levi;;Audi R8 LMS GT3 EVO II;70;1:47.415;34.242;250;36.557;255;36.616;233;271
66;;Rocco Mazzola;Sebastian Øgaard;Ariel Levi;;Audi R8 LMS GT3 EVO II;71;1:48.175;34.361;250;37.210;254;36.604;235;272
Bib;Class;Driver1;Driver2;Driver3;Driver4;Car;Lap;Time;Sector1Time;SpeedTrap1;Sector2Time;SpeedTrap2;Sector3Time;SpeedTrap3;TopSpeed
66;;Rocco Mazzola;Sebastian Øgaard;Ariel Levi;;Audi R8 LMS GT3 EVO II;72;1:48.879;34.088;250;36.719;255;38.072;234;270
66;;Rocco Mazzola;Sebastian Øgaard;Ariel Levi;;Audi R8 LMS GT3 EVO II;73;3:28.288;34.661;240;1:18.224;78;1:35.403;;270
66;;Rocco Mazzola;Sebastian Øgaard;Ariel Levi;;Audi R8 LMS GT3 EVO II;74;5:21.809;2:27.475;79;1:21.950;78;1:32.384;78;78
66;;Rocco Mazzola;Sebastian Øgaard;Ariel Levi;;Audi R8 LMS GT3 EVO II;75;3:42.520;1:27.228;78;1:06.479;105;1:08.813;110;78
66;;Rocco Mazzola;Sebastian Øgaard;Ariel Levi;;Audi R8 LMS GT3 EVO II;76;2:53.185;1:03.843;129;50.433;202;58.909;226;108
66;;Rocco Mazzola;Sebastian Øgaard;Ariel Levi;;Audi R8 LMS GT3 EVO II;77;1:52.160;35.649;244;38.756;247;37.755;230;265
66;;Rocco Mazzola;Sebastian Øgaard;Ariel Levi;;Audi R8 LMS GT3 EVO II;78;1:55.196;34.721;246;41.261;218;39.214;215;265
66;;Rocco Mazzola;Sebastian Øgaard;Ariel Levi;;Audi R8 LMS GT3 EVO II;79;4:13.466;1:29.589;71;1:27.712;77;1:16.165;95;52
71;;Frederik Schandorff;Malte Ebdrup;Simon Birch;;Ferrari 296 GT3 EVO;1;2:27.202;41.148;239;37.928;237;1:08.126;76;194
Bib;Class;Driver1;Driver2;Driver3;Driver4;Car;Lap;Time;Sector1Time;SpeedTrap1;Sector2Time;SpeedTrap2;Sector3Time;SpeedTrap3;TopSpeed
71;;Frederik Schandorff;Malte Ebdrup;Simon Birch;;Ferrari 296 GT3 EVO;2;4:23.023;1:46.716;82;1:18.844;95;1:17.463;94;42
71;;Frederik Schandorff;Malte Ebdrup;Simon Birch;;Ferrari 296 GT3 EVO;3;3:26.022;1:24.630;76;1:00.949;155;1:00.443;120;72
71;;Frederik Schandorff;Malte Ebdrup;Simon Birch;;Ferrari 296 GT3 EVO;4;2:57.878;1:07.286;133;52.101;202;58.491;;112
71;;Frederik Schandorff;Malte Ebdrup;Simon Birch;;Ferrari 296 GT3 EVO;5;3:08.736;1:52.346;238;38.134;246;38.256;227;173
71;;Frederik Schandorff;Malte Ebdrup;Simon Birch;;Ferrari 296 GT3 EVO;6;2:24.951;42.873;142;54.345;140;47.733;231;133
71;;Frederik Schandorff;Malte Ebdrup;Simon Birch;;Ferrari 296 GT3 EVO;7;1:53.868;34.858;237;39.641;233;39.369;232;270
71;;Frederik Schandorff;Malte Ebdrup;Simon Birch;;Ferrari 296 GT3 EVO;8;1:49.994;35.382;249;37.420;252;37.192;232;262
71;;Frederik Schandorff;Malte Ebdrup;Simon Birch;;Ferrari 296 GT3 EVO;9;1:48.629;34.513;249;36.866;252;37.250;233;246
71;;Frederik Schandorff;Malte Ebdrup;Simon Birch;;Ferrari 296 GT3 EVO;10;1:49.593;35.162;250;37.084;253;37.347;231;233
71;;Frederik Schandorff;Malte Ebdrup;Simon Birch;;Ferrari 296 GT3 EVO;11;2:04.128;49.867;246;37.346;252;36.915;231;268
71;;Frederik Schandorff;Malte Ebdrup;Simon Birch;;Ferrari 296 GT3 EVO;12;1:48.581;34.371;249;36.606;252;37.604;232;269
71;;Frederik Schandorff;Malte Ebdrup;Simon Birch;;Ferrari 296 GT3 EVO;13;1:48.162;34.313;249;36.820;252;37.029;233;270
71;;Frederik Schandorff;Malte Ebdrup;Simon Birch;;Ferrari 296 GT3 EVO;14;1:47.666;34.365;248;36.484;252;36.817;233;271
Bib;Class;Driver1;Driver2;Driver3;Driver4;Car;Lap;Time;Sector1Time;SpeedTrap1;Sector2Time;SpeedTrap2;Sector3Time;SpeedTrap3;TopSpeed
71;;Frederik Schandorff;Malte Ebdrup;Simon Birch;;Ferrari 296 GT3 EVO;15;1:48.545;34.401;249;36.841;252;37.303;232;268
71;;Frederik Schandorff;Malte Ebdrup;Simon Birch;;Ferrari 296 GT3 EVO;16;1:48.707;35.148;250;36.950;253;36.609;232;247
71;;Frederik Schandorff;Malte Ebdrup;Simon Birch;;Ferrari 296 GT3 EVO;17;1:47.654;34.223;248;36.465;253;36.966;232;269
71;;Frederik Schandorff;Malte Ebdrup;Simon Birch;;Ferrari 296 GT3 EVO;18;1:47.450;34.342;249;36.341;253;36.767;232;269
71;;Frederik Schandorff;Malte Ebdrup;Simon Birch;;Ferrari 296 GT3 EVO;19;1:47.422;34.174;249;36.409;253;36.839;232;268
71;;Frederik Schandorff;Malte Ebdrup;Simon Birch;;Ferrari 296 GT3 EVO;20;1:47.507;34.272;249;36.474;254;36.761;233;271
71;;Frederik Schandorff;Malte Ebdrup;Simon Birch;;Ferrari 296 GT3 EVO;21;1:50.235;36.178;249;37.093;254;36.964;233;271
71;;Frederik Schandorff;Malte Ebdrup;Simon Birch;;Ferrari 296 GT3 EVO;22;1:48.459;34.411;250;36.976;254;37.072;232;265
71;;Frederik Schandorff;Malte Ebdrup;Simon Birch;;Ferrari 296 GT3 EVO;23;1:48.532;34.303;249;36.660;255;37.569;177;269
71;;Frederik Schandorff;Malte Ebdrup;Simon Birch;;Ferrari 296 GT3 EVO;24;4:23.588;1:25.537;78;1:21.985;78;1:36.066;;76
71;;Frederik Schandorff;Malte Ebdrup;Simon Birch;;Ferrari 296 GT3 EVO;25;5:25.146;2:27.770;78;1:21.901;78;1:35.475;;78
71;;Frederik Schandorff;Malte Ebdrup;Simon Birch;;Ferrari 296 GT3 EVO;26;4:35.225;1:40.782;78;1:21.913;78;1:32.530;78;78
71;;Frederik Schandorff;Malte Ebdrup;Simon Birch;;Ferrari 296 GT3 EVO;27;2:12.200;50.295;214;41.576;182;40.329;227;200
Bib;Class;Driver1;Driver2;Driver3;Driver4;Car;Lap;Time;Sector1Time;SpeedTrap1;Sector2Time;SpeedTrap2;Sector3Time;SpeedTrap3;TopSpeed
71;;Frederik Schandorff;Malte Ebdrup;Simon Birch;;Ferrari 296 GT3 EVO;28;2:26.441;55.736;118;52.255;210;38.450;232;95
71;;Frederik Schandorff;Malte Ebdrup;Simon Birch;;Ferrari 296 GT3 EVO;29;1:49.286;34.715;249;37.116;255;37.455;231;268
71;;Frederik Schandorff;Malte Ebdrup;Simon Birch;;Ferrari 296 GT3 EVO;30;1:47.903;34.389;247;36.665;252;36.849;231;267
71;;Frederik Schandorff;Malte Ebdrup;Simon Birch;;Ferrari 296 GT3 EVO;31;1:49.303;34.756;249;37.354;253;37.193;232;268
71;;Frederik Schandorff;Malte Ebdrup;Simon Birch;;Ferrari 296 GT3 EVO;32;1:49.034;34.682;249;37.355;253;36.997;231;269
71;;Frederik Schandorff;Malte Ebdrup;Simon Birch;;Ferrari 296 GT3 EVO;33;1:48.944;34.435;249;37.099;254;37.410;234;269
71;;Frederik Schandorff;Malte Ebdrup;Simon Birch;;Ferrari 296 GT3 EVO;34;2:25.775;35.018;250;37.201;244;1:13.556;78;264
71;;Frederik Schandorff;Malte Ebdrup;Simon Birch;;Ferrari 296 GT3 EVO;35;2:00.596;45.959;248;37.395;253;37.242;233;218
71;;Frederik Schandorff;Malte Ebdrup;Simon Birch;;Ferrari 296 GT3 EVO;36;1:51.331;36.878;243;37.713;252;36.740;232;271
71;;Frederik Schandorff;Malte Ebdrup;Simon Birch;;Ferrari 296 GT3 EVO;37;1:48.383;34.136;250;36.669;253;37.578;231;267
71;;Frederik Schandorff;Malte Ebdrup;Simon Birch;;Ferrari 296 GT3 EVO;38;1:48.203;34.296;251;37.016;252;36.891;233;267
71;;Frederik Schandorff;Malte Ebdrup;Simon Birch;;Ferrari 296 GT3 EVO;39;1:48.040;34.454;249;36.845;254;36.741;233;270
71;;Frederik Schandorff;Malte Ebdrup;Simon Birch;;Ferrari 296 GT3 EVO;40;1:48.390;34.411;249;37.265;252;36.714;234;270
Bib;Class;Driver1;Driver2;Driver3;Driver4;Car;Lap;Time;Sector1Time;SpeedTrap1;Sector2Time;SpeedTrap2;Sector3Time;SpeedTrap3;TopSpeed
71;;Frederik Schandorff;Malte Ebdrup;Simon Birch;;Ferrari 296 GT3 EVO;41;1:47.657;34.234;249;36.587;256;36.836;233;271
71;;Frederik Schandorff;Malte Ebdrup;Simon Birch;;Ferrari 296 GT3 EVO;42;1:48.067;34.610;249;36.595;253;36.862;232;272
71;;Frederik Schandorff;Malte Ebdrup;Simon Birch;;Ferrari 296 GT3 EVO;43;3:50.422;56.322;78;1:21.766;78;1:32.334;78;257
71;;Frederik Schandorff;Malte Ebdrup;Simon Birch;;Ferrari 296 GT3 EVO;44;4:22.872;1:26.074;78;1:21.767;78;1:35.031;;78
71;;Frederik Schandorff;Malte Ebdrup;Simon Birch;;Ferrari 296 GT3 EVO;45;3:55.888;2:26.627;78;47.313;221;41.948;208;78
71;;Frederik Schandorff;Malte Ebdrup;Simon Birch;;Ferrari 296 GT3 EVO;46;2:43.007;39.783;244;56.783;128;1:06.441;134;163
71;;Frederik Schandorff;Malte Ebdrup;Simon Birch;;Ferrari 296 GT3 EVO;47;2:48.730;1:06.252;117;55.450;183;47.028;231;56
71;;Frederik Schandorff;Malte Ebdrup;Simon Birch;;Ferrari 296 GT3 EVO;48;1:49.887;34.896;252;38.054;250;36.937;231;267
71;;Frederik Schandorff;Malte Ebdrup;Simon Birch;;Ferrari 296 GT3 EVO;49;1:50.343;34.682;249;38.515;253;37.146;232;269
71;;Frederik Schandorff;Malte Ebdrup;Simon Birch;;Ferrari 296 GT3 EVO;50;1:48.837;34.850;250;37.059;253;36.928;232;273
71;;Frederik Schandorff;Malte Ebdrup;Simon Birch;;Ferrari 296 GT3 EVO;51;1:50.205;34.704;250;37.968;249;37.533;231;271
71;;Frederik Schandorff;Malte Ebdrup;Simon Birch;;Ferrari 296 GT3 EVO;52;1:48.720;34.396;249;37.151;252;37.173;232;271
71;;Frederik Schandorff;Malte Ebdrup;Simon Birch;;Ferrari 296 GT3 EVO;53;1:48.419;34.495;249;36.810;253;37.114;232;268
Bib;Class;Driver1;Driver2;Driver3;Driver4;Car;Lap;Time;Sector1Time;SpeedTrap1;Sector2Time;SpeedTrap2;Sector3Time;SpeedTrap3;TopSpeed
71;;Frederik Schandorff;Malte Ebdrup;Simon Birch;;Ferrari 296 GT3 EVO;54;1:48.401;34.555;248;36.711;253;37.135;232;271
71;;Frederik Schandorff;Malte Ebdrup;Simon Birch;;Ferrari 296 GT3 EVO;55;1:49.309;34.670;250;37.179;253;37.460;229;272
71;;Frederik Schandorff;Malte Ebdrup;Simon Birch;;Ferrari 296 GT3 EVO;56;1:48.972;35.075;247;37.003;251;36.894;232;263
71;;Frederik Schandorff;Malte Ebdrup;Simon Birch;;Ferrari 296 GT3 EVO;57;1:48.312;34.756;249;36.479;252;37.077;231;271
71;;Frederik Schandorff;Malte Ebdrup;Simon Birch;;Ferrari 296 GT3 EVO;58;1:48.805;34.455;247;36.833;252;37.517;233;269
71;;Frederik Schandorff;Malte Ebdrup;Simon Birch;;Ferrari 296 GT3 EVO;59;1:55.769;34.576;247;37.175;252;44.018;;268
71;;Frederik Schandorff;Malte Ebdrup;Simon Birch;;Ferrari 296 GT3 EVO;60;3:03.009;1:49.096;246;37.046;249;36.867;230;202
71;;Frederik Schandorff;Malte Ebdrup;Simon Birch;;Ferrari 296 GT3 EVO;61;1:48.603;34.631;246;36.630;248;37.342;230;266
71;;Frederik Schandorff;Malte Ebdrup;Simon Birch;;Ferrari 296 GT3 EVO;62;1:48.091;34.492;246;36.590;249;37.009;231;267
71;;Frederik Schandorff;Malte Ebdrup;Simon Birch;;Ferrari 296 GT3 EVO;63;1:47.802;34.451;245;36.495;250;36.856;231;267
71;;Frederik Schandorff;Malte Ebdrup;Simon Birch;;Ferrari 296 GT3 EVO;64;1:47.496;34.401;245;36.453;250;36.642;231;266
71;;Frederik Schandorff;Malte Ebdrup;Simon Birch;;Ferrari 296 GT3 EVO;65;1:47.990;34.710;246;36.563;250;36.717;231;267
71;;Frederik Schandorff;Malte Ebdrup;Simon Birch;;Ferrari 296 GT3 EVO;66;1:47.848;34.462;246;36.599;250;36.787;230;267
Bib;Class;Driver1;Driver2;Driver3;Driver4;Car;Lap;Time;Sector1Time;SpeedTrap1;Sector2Time;SpeedTrap2;Sector3Time;SpeedTrap3;TopSpeed
71;;Frederik Schandorff;Malte Ebdrup;Simon Birch;;Ferrari 296 GT3 EVO;67;1:47.739;34.491;245;36.532;250;36.716;231;267
71;;Frederik Schandorff;Malte Ebdrup;Simon Birch;;Ferrari 296 GT3 EVO;68;1:47.583;34.362;245;36.474;251;36.747;231;267
71;;Frederik Schandorff;Malte Ebdrup;Simon Birch;;Ferrari 296 GT3 EVO;69;1:47.816;34.439;247;36.648;251;36.729;230;267
71;;Frederik Schandorff;Malte Ebdrup;Simon Birch;;Ferrari 296 GT3 EVO;70;1:47.450;34.350;248;36.526;250;36.574;232;267
71;;Frederik Schandorff;Malte Ebdrup;Simon Birch;;Ferrari 296 GT3 EVO;71;1:51.073;34.351;246;37.475;253;39.247;231;267
71;;Frederik Schandorff;Malte Ebdrup;Simon Birch;;Ferrari 296 GT3 EVO;72;3:23.414;34.762;245;1:16.114;78;1:32.538;78;267
71;;Frederik Schandorff;Malte Ebdrup;Simon Birch;;Ferrari 296 GT3 EVO;73;4:20.867;1:26.366;78;1:21.824;78;1:32.677;78;78
71;;Frederik Schandorff;Malte Ebdrup;Simon Birch;;Ferrari 296 GT3 EVO;74;3:41.868;1:27.824;78;1:22.365;78;51.679;206;78
71;;Frederik Schandorff;Malte Ebdrup;Simon Birch;;Ferrari 296 GT3 EVO;75;1:55.961;37.974;231;38.410;218;39.577;226;240
71;;Frederik Schandorff;Malte Ebdrup;Simon Birch;;Ferrari 296 GT3 EVO;76;2:14.608;41.480;135;48.740;219;44.388;232;258
71;;Frederik Schandorff;Malte Ebdrup;Simon Birch;;Ferrari 296 GT3 EVO;77;1:51.944;36.053;248;37.927;255;37.964;234;262
71;;Frederik Schandorff;Malte Ebdrup;Simon Birch;;Ferrari 296 GT3 EVO;78;2:02.894;35.674;249;44.532;192;42.688;225;263
71;;Frederik Schandorff;Malte Ebdrup;Simon Birch;;Ferrari 296 GT3 EVO;79;4:08.970;1:30.263;60;1:26.821;103;1:11.886;92;42
Bib;Class;Driver1;Driver2;Driver3;Driver4;Car;Lap;Time;Sector1Time;SpeedTrap1;Sector2Time;SpeedTrap2;Sector3Time;SpeedTrap3;TopSpeed
74;;Dustin Blattner;Lorenzo Patrese;Dennis Marschall;;Ferrari 296 GT3 EVO;1;2:36.004;43.309;216;40.344;183;1:12.351;81;181
74;;Dustin Blattner;Lorenzo Patrese;Dennis Marschall;;Ferrari 296 GT3 EVO;2;4:23.055;1:46.659;81;1:21.462;89;1:14.934;89;30
74;;Dustin Blattner;Lorenzo Patrese;Dennis Marschall;;Ferrari 296 GT3 EVO;3;3:24.338;1:24.358;76;1:01.781;177;58.199;139;77
74;;Dustin Blattner;Lorenzo Patrese;Dennis Marschall;;Ferrari 296 GT3 EVO;4;2:50.125;1:07.416;111;53.095;183;49.614;174;89
74;;Dustin Blattner;Lorenzo Patrese;Dennis Marschall;;Ferrari 296 GT3 EVO;5;2:39.678;46.998;132;51.632;230;1:01.048;;135
74;;Dustin Blattner;Lorenzo Patrese;Dennis Marschall;;Ferrari 296 GT3 EVO;6;3:15.881;2:00.255;243;38.072;251;37.554;231;200
74;;Dustin Blattner;Lorenzo Patrese;Dennis Marschall;;Ferrari 296 GT3 EVO;7;1:48.815;34.637;248;37.107;250;37.071;230;266
74;;Dustin Blattner;Lorenzo Patrese;Dennis Marschall;;Ferrari 296 GT3 EVO;8;1:48.022;34.574;248;36.691;252;36.757;232;267
74;;Dustin Blattner;Lorenzo Patrese;Dennis Marschall;;Ferrari 296 GT3 EVO;9;1:49.634;34.423;249;36.947;253;38.264;231;269
74;;Dustin Blattner;Lorenzo Patrese;Dennis Marschall;;Ferrari 296 GT3 EVO;10;1:49.493;34.523;249;37.249;253;37.721;228;268
74;;Dustin Blattner;Lorenzo Patrese;Dennis Marschall;;Ferrari 296 GT3 EVO;11;1:49.595;34.854;250;37.741;255;37.000;233;267
74;;Dustin Blattner;Lorenzo Patrese;Dennis Marschall;;Ferrari 296 GT3 EVO;12;1:48.206;34.283;249;36.651;253;37.272;233;269
74;;Dustin Blattner;Lorenzo Patrese;Dennis Marschall;;Ferrari 296 GT3 EVO;13;1:50.702;34.529;249;37.123;252;39.050;232;271
Bib;Class;Driver1;Driver2;Driver3;Driver4;Car;Lap;Time;Sector1Time;SpeedTrap1;Sector2Time;SpeedTrap2;Sector3Time;SpeedTrap3;TopSpeed
74;;Dustin Blattner;Lorenzo Patrese;Dennis Marschall;;Ferrari 296 GT3 EVO;14;1:48.876;34.287;249;37.512;252;37.077;233;271
74;;Dustin Blattner;Lorenzo Patrese;Dennis Marschall;;Ferrari 296 GT3 EVO;15;1:49.677;34.447;249;38.208;252;37.022;233;268
74;;Dustin Blattner;Lorenzo Patrese;Dennis Marschall;;Ferrari 296 GT3 EVO;16;1:48.028;34.442;250;36.696;254;36.890;233;269
74;;Dustin Blattner;Lorenzo Patrese;Dennis Marschall;;Ferrari 296 GT3 EVO;17;1:48.469;34.370;248;37.157;255;36.942;233;269
74;;Dustin Blattner;Lorenzo Patrese;Dennis Marschall;;Ferrari 296 GT3 EVO;18;1:48.261;34.678;249;36.823;253;36.760;233;267
74;;Dustin Blattner;Lorenzo Patrese;Dennis Marschall;;Ferrari 296 GT3 EVO;19;1:48.193;34.516;249;36.702;255;36.975;233;267
74;;Dustin Blattner;Lorenzo Patrese;Dennis Marschall;;Ferrari 296 GT3 EVO;20;1:47.967;34.521;251;36.769;255;36.677;233;267
74;;Dustin Blattner;Lorenzo Patrese;Dennis Marschall;;Ferrari 296 GT3 EVO;21;1:48.505;34.492;249;37.075;254;36.938;233;269
74;;Dustin Blattner;Lorenzo Patrese;Dennis Marschall;;Ferrari 296 GT3 EVO;22;1:48.140;34.326;250;36.806;255;37.008;234;269
74;;Dustin Blattner;Lorenzo Patrese;Dennis Marschall;;Ferrari 296 GT3 EVO;23;1:56.908;34.896;250;36.859;255;45.153;78;269
74;;Dustin Blattner;Lorenzo Patrese;Dennis Marschall;;Ferrari 296 GT3 EVO;24;4:21.133;1:26.280;78;1:22.123;78;1:32.730;78;78
74;;Dustin Blattner;Lorenzo Patrese;Dennis Marschall;;Ferrari 296 GT3 EVO;25;4:24.341;1:26.549;78;1:22.182;78;1:35.610;;78
74;;Dustin Blattner;Lorenzo Patrese;Dennis Marschall;;Ferrari 296 GT3 EVO;26;5:23.071;2:27.907;78;1:22.306;78;1:32.858;78;78
Bib;Class;Driver1;Driver2;Driver3;Driver4;Car;Lap;Time;Sector1Time;SpeedTrap1;Sector2Time;SpeedTrap2;Sector3Time;SpeedTrap3;TopSpeed
74;;Dustin Blattner;Lorenzo Patrese;Dennis Marschall;;Ferrari 296 GT3 EVO;27;2:12.731;50.666;208;41.982;186;40.083;231;207
74;;Dustin Blattner;Lorenzo Patrese;Dennis Marschall;;Ferrari 296 GT3 EVO;28;2:27.157;56.282;120;52.294;212;38.581;234;94
74;;Dustin Blattner;Lorenzo Patrese;Dennis Marschall;;Ferrari 296 GT3 EVO;29;1:48.409;34.596;252;37.138;253;36.675;233;272
74;;Dustin Blattner;Lorenzo Patrese;Dennis Marschall;;Ferrari 296 GT3 EVO;30;1:48.447;34.325;252;36.881;257;37.241;235;271
74;;Dustin Blattner;Lorenzo Patrese;Dennis Marschall;;Ferrari 296 GT3 EVO;31;2:01.181;47.086;245;36.750;253;37.345;231;277
74;;Dustin Blattner;Lorenzo Patrese;Dennis Marschall;;Ferrari 296 GT3 EVO;32;1:48.345;34.902;251;36.753;252;36.690;232;269
74;;Dustin Blattner;Lorenzo Patrese;Dennis Marschall;;Ferrari 296 GT3 EVO;33;1:47.672;34.434;248;36.482;253;36.756;232;267
74;;Dustin Blattner;Lorenzo Patrese;Dennis Marschall;;Ferrari 296 GT3 EVO;34;2:33.004;34.348;248;36.426;252;1:22.230;173;267
74;;Dustin Blattner;Lorenzo Patrese;Dennis Marschall;;Ferrari 296 GT3 EVO;35;1:49.688;36.335;248;36.674;251;36.679;232;250
74;;Dustin Blattner;Lorenzo Patrese;Dennis Marschall;;Ferrari 296 GT3 EVO;36;1:48.281;34.583;249;36.554;255;37.144;234;267
74;;Dustin Blattner;Lorenzo Patrese;Dennis Marschall;;Ferrari 296 GT3 EVO;37;1:48.011;34.461;250;36.702;255;36.848;233;272
74;;Dustin Blattner;Lorenzo Patrese;Dennis Marschall;;Ferrari 296 GT3 EVO;38;1:47.776;34.373;251;36.745;254;36.658;234;268
74;;Dustin Blattner;Lorenzo Patrese;Dennis Marschall;;Ferrari 296 GT3 EVO;39;1:47.829;34.532;250;36.626;254;36.671;234;268
Bib;Class;Driver1;Driver2;Driver3;Driver4;Car;Lap;Time;Sector1Time;SpeedTrap1;Sector2Time;SpeedTrap2;Sector3Time;SpeedTrap3;TopSpeed
74;;Dustin Blattner;Lorenzo Patrese;Dennis Marschall;;Ferrari 296 GT3 EVO;40;1:48.011;34.273;250;36.810;255;36.928;234;272
74;;Dustin Blattner;Lorenzo Patrese;Dennis Marschall;;Ferrari 296 GT3 EVO;41;1:47.842;34.145;252;36.802;254;36.895;232;272
74;;Dustin Blattner;Lorenzo Patrese;Dennis Marschall;;Ferrari 296 GT3 EVO;42;1:47.810;34.110;252;36.815;257;36.885;236;272
74;;Dustin Blattner;Lorenzo Patrese;Dennis Marschall;;Ferrari 296 GT3 EVO;43;3:53.572;58.703;78;1:22.219;78;1:32.650;78;253
74;;Dustin Blattner;Lorenzo Patrese;Dennis Marschall;;Ferrari 296 GT3 EVO;44;4:24.196;1:26.605;78;1:22.139;78;1:35.452;;78
74;;Dustin Blattner;Lorenzo Patrese;Dennis Marschall;;Ferrari 296 GT3 EVO;45;3:39.404;1:40.217;78;1:11.294;139;47.893;206;78
74;;Dustin Blattner;Lorenzo Patrese;Dennis Marschall;;Ferrari 296 GT3 EVO;46;2:43.904;37.742;225;58.123;107;1:08.039;108;229
74;;Dustin Blattner;Lorenzo Patrese;Dennis Marschall;;Ferrari 296 GT3 EVO;47;2:53.828;1:05.991;114;55.896;205;51.941;234;88
74;;Dustin Blattner;Lorenzo Patrese;Dennis Marschall;;Ferrari 296 GT3 EVO;48;1:50.013;34.868;251;37.752;256;37.393;237;255
74;;Dustin Blattner;Lorenzo Patrese;Dennis Marschall;;Ferrari 296 GT3 EVO;49;1:49.580;35.252;249;37.169;255;37.159;234;265
74;;Dustin Blattner;Lorenzo Patrese;Dennis Marschall;;Ferrari 296 GT3 EVO;50;1:47.962;34.244;250;36.627;255;37.091;234;271
74;;Dustin Blattner;Lorenzo Patrese;Dennis Marschall;;Ferrari 296 GT3 EVO;51;1:48.315;34.257;253;36.909;256;37.149;234;273
74;;Dustin Blattner;Lorenzo Patrese;Dennis Marschall;;Ferrari 296 GT3 EVO;52;1:48.628;34.292;255;37.306;255;37.030;234;271
Bib;Class;Driver1;Driver2;Driver3;Driver4;Car;Lap;Time;Sector1Time;SpeedTrap1;Sector2Time;SpeedTrap2;Sector3Time;SpeedTrap3;TopSpeed
74;;Dustin Blattner;Lorenzo Patrese;Dennis Marschall;;Ferrari 296 GT3 EVO;53;1:46.974;33.961;253;36.406;254;36.607;234;271
74;;Dustin Blattner;Lorenzo Patrese;Dennis Marschall;;Ferrari 296 GT3 EVO;54;1:47.172;34.144;251;36.383;255;36.645;234;269
74;;Dustin Blattner;Lorenzo Patrese;Dennis Marschall;;Ferrari 296 GT3 EVO;55;1:48.093;34.201;253;36.604;257;37.288;233;269
74;;Dustin Blattner;Lorenzo Patrese;Dennis Marschall;;Ferrari 296 GT3 EVO;56;1:47.104;34.218;248;36.344;254;36.542;235;275
74;;Dustin Blattner;Lorenzo Patrese;Dennis Marschall;;Ferrari 296 GT3 EVO;57;1:46.760;34.091;250;36.315;255;36.354;236;269
74;;Dustin Blattner;Lorenzo Patrese;Dennis Marschall;;Ferrari 296 GT3 EVO;58;1:54.346;34.114;251;36.244;255;43.988;;272
74;;Dustin Blattner;Lorenzo Patrese;Dennis Marschall;;Ferrari 296 GT3 EVO;59;3:10.954;1:57.312;247;36.740;251;36.902;233;202
74;;Dustin Blattner;Lorenzo Patrese;Dennis Marschall;;Ferrari 296 GT3 EVO;60;1:47.352;34.315;249;36.315;253;36.722;232;269
74;;Dustin Blattner;Lorenzo Patrese;Dennis Marschall;;Ferrari 296 GT3 EVO;61;1:47.674;34.313;250;36.620;252;36.741;232;269
74;;Dustin Blattner;Lorenzo Patrese;Dennis Marschall;;Ferrari 296 GT3 EVO;62;1:48.349;34.524;250;37.416;250;36.409;232;269
74;;Dustin Blattner;Lorenzo Patrese;Dennis Marschall;;Ferrari 296 GT3 EVO;63;1:46.860;34.288;248;36.111;251;36.461;232;266
74;;Dustin Blattner;Lorenzo Patrese;Dennis Marschall;;Ferrari 296 GT3 EVO;64;1:47.712;34.898;247;36.395;251;36.419;232;267
74;;Dustin Blattner;Lorenzo Patrese;Dennis Marschall;;Ferrari 296 GT3 EVO;65;1:46.684;34.245;246;36.058;251;36.381;233;267
Bib;Class;Driver1;Driver2;Driver3;Driver4;Car;Lap;Time;Sector1Time;SpeedTrap1;Sector2Time;SpeedTrap2;Sector3Time;SpeedTrap3;TopSpeed
74;;Dustin Blattner;Lorenzo Patrese;Dennis Marschall;;Ferrari 296 GT3 EVO;66;1:46.720;34.295;247;36.134;251;36.291;232;267
74;;Dustin Blattner;Lorenzo Patrese;Dennis Marschall;;Ferrari 296 GT3 EVO;67;1:46.836;34.298;247;36.058;252;36.480;233;268
74;;Dustin Blattner;Lorenzo Patrese;Dennis Marschall;;Ferrari 296 GT3 EVO;68;1:46.838;34.240;247;36.175;251;36.423;233;268
74;;Dustin Blattner;Lorenzo Patrese;Dennis Marschall;;Ferrari 296 GT3 EVO;69;1:46.895;34.193;248;36.469;252;36.233;232;269
74;;Dustin Blattner;Lorenzo Patrese;Dennis Marschall;;Ferrari 296 GT3 EVO;70;1:46.864;34.275;248;36.226;252;36.363;233;267
74;;Dustin Blattner;Lorenzo Patrese;Dennis Marschall;;Ferrari 296 GT3 EVO;71;1:46.396;34.187;248;36.030;252;36.179;233;266
74;;Dustin Blattner;Lorenzo Patrese;Dennis Marschall;;Ferrari 296 GT3 EVO;72;3:04.741;34.233;247;57.469;78;1:33.039;78;268
74;;Dustin Blattner;Lorenzo Patrese;Dennis Marschall;;Ferrari 296 GT3 EVO;73;4:22.136;1:26.892;78;1:22.164;78;1:33.080;78;78
74;;Dustin Blattner;Lorenzo Patrese;Dennis Marschall;;Ferrari 296 GT3 EVO;74;3:55.456;1:27.061;78;1:22.316;78;1:06.079;171;78
74;;Dustin Blattner;Lorenzo Patrese;Dennis Marschall;;Ferrari 296 GT3 EVO;75;1:55.712;39.785;242;37.448;250;38.479;180;200
74;;Dustin Blattner;Lorenzo Patrese;Dennis Marschall;;Ferrari 296 GT3 EVO;76;2:37.807;56.735;123;51.325;164;49.747;229;113
74;;Dustin Blattner;Lorenzo Patrese;Dennis Marschall;;Ferrari 296 GT3 EVO;77;1:49.821;34.932;251;37.261;254;37.628;234;264
74;;Dustin Blattner;Lorenzo Patrese;Dennis Marschall;;Ferrari 296 GT3 EVO;78;2:00.040;36.738;249;42.491;185;40.811;220;264
Bib;Class;Driver1;Driver2;Driver3;Driver4;Car;Lap;Time;Sector1Time;SpeedTrap1;Sector2Time;SpeedTrap2;Sector3Time;SpeedTrap3;TopSpeed
74;;Dustin Blattner;Lorenzo Patrese;Dennis Marschall;;Ferrari 296 GT3 EVO;79;4:11.496;1:28.542;58;1:28.715;83;1:14.239;105;51
80;;Ricardo Feller;Thomas Preining;Bastian Buus;;Porsche 911 GT3 R EVO;1;;;;;;;;231
84;;Christopher Haase;Simon Reicher;Markus Winkelhock;;Audi R8 LMS GT3 EVO II;1;2:41.838;44.282;239;42.162;160;1:15.394;82;180
84;;Christopher Haase;Simon Reicher;Markus Winkelhock;;Audi R8 LMS GT3 EVO II;2;4:26.304;1:47.611;95;1:21.395;87;1:17.298;90;28
84;;Christopher Haase;Simon Reicher;Markus Winkelhock;;Audi R8 LMS GT3 EVO II;3;3:22.035;1:21.149;85;1:02.917;176;57.969;137;60
84;;Christopher Haase;Simon Reicher;Markus Winkelhock;;Audi R8 LMS GT3 EVO II;4;2:46.661;1:06.241;153;53.388;208;47.032;194;64
84;;Christopher Haase;Simon Reicher;Markus Winkelhock;;Audi R8 LMS GT3 EVO II;5;2:37.626;46.117;109;53.140;217;58.369;;120
84;;Christopher Haase;Simon Reicher;Markus Winkelhock;;Audi R8 LMS GT3 EVO II;6;3:06.857;1:51.774;244;37.500;246;37.583;227;202
84;;Christopher Haase;Simon Reicher;Markus Winkelhock;;Audi R8 LMS GT3 EVO II;7;1:49.041;34.969;244;36.917;248;37.155;228;263
Bib;Class;Driver1;Driver2;Driver3;Driver4;Car;Lap;Time;Sector1Time;SpeedTrap1;Sector2Time;SpeedTrap2;Sector3Time;SpeedTrap3;TopSpeed
84;;Christopher Haase;Simon Reicher;Markus Winkelhock;;Audi R8 LMS GT3 EVO II;8;1:50.220;34.853;246;36.849;252;38.518;229;263
84;;Christopher Haase;Simon Reicher;Markus Winkelhock;;Audi R8 LMS GT3 EVO II;9;1:49.776;35.688;250;37.063;251;37.025;231;264
84;;Christopher Haase;Simon Reicher;Markus Winkelhock;;Audi R8 LMS GT3 EVO II;10;1:49.379;35.219;246;37.026;250;37.134;231;263
84;;Christopher Haase;Simon Reicher;Markus Winkelhock;;Audi R8 LMS GT3 EVO II;11;1:49.728;34.580;247;36.970;250;38.178;232;267
84;;Christopher Haase;Simon Reicher;Markus Winkelhock;;Audi R8 LMS GT3 EVO II;12;1:48.133;34.388;246;36.662;249;37.083;231;269
84;;Christopher Haase;Simon Reicher;Markus Winkelhock;;Audi R8 LMS GT3 EVO II;13;1:47.894;34.329;247;36.584;249;36.981;229;266
84;;Christopher Haase;Simon Reicher;Markus Winkelhock;;Audi R8 LMS GT3 EVO II;14;1:47.864;34.407;247;36.589;249;36.868;232;266
84;;Christopher Haase;Simon Reicher;Markus Winkelhock;;Audi R8 LMS GT3 EVO II;15;1:48.243;34.371;248;36.943;250;36.929;231;265
84;;Christopher Haase;Simon Reicher;Markus Winkelhock;;Audi R8 LMS GT3 EVO II;16;1:48.741;34.427;250;36.832;254;37.482;231;266
Bib;Class;Driver1;Driver2;Driver3;Driver4;Car;Lap;Time;Sector1Time;SpeedTrap1;Sector2Time;SpeedTrap2;Sector3Time;SpeedTrap3;TopSpeed
84;;Christopher Haase;Simon Reicher;Markus Winkelhock;;Audi R8 LMS GT3 EVO II;17;1:48.285;34.390;248;36.949;252;36.946;231;267
84;;Christopher Haase;Simon Reicher;Markus Winkelhock;;Audi R8 LMS GT3 EVO II;18;1:48.217;34.540;248;36.715;251;36.962;231;266
84;;Christopher Haase;Simon Reicher;Markus Winkelhock;;Audi R8 LMS GT3 EVO II;19;1:47.918;34.317;248;36.779;252;36.822;231;266
84;;Christopher Haase;Simon Reicher;Markus Winkelhock;;Audi R8 LMS GT3 EVO II;20;1:48.224;34.560;248;36.642;253;37.022;234;269
84;;Christopher Haase;Simon Reicher;Markus Winkelhock;;Audi R8 LMS GT3 EVO II;21;1:51.661;37.843;248;37.033;252;36.785;231;267
84;;Christopher Haase;Simon Reicher;Markus Winkelhock;;Audi R8 LMS GT3 EVO II;22;1:48.254;34.497;247;36.614;252;37.143;231;266
84;;Christopher Haase;Simon Reicher;Markus Winkelhock;;Audi R8 LMS GT3 EVO II;23;1:48.880;34.400;246;36.536;253;37.944;198;266
84;;Christopher Haase;Simon Reicher;Markus Winkelhock;;Audi R8 LMS GT3 EVO II;24;4:11.143;1:17.313;79;1:21.579;79;1:32.251;78;79
84;;Christopher Haase;Simon Reicher;Markus Winkelhock;;Audi R8 LMS GT3 EVO II;25;4:20.284;1:26.149;79;1:21.613;79;1:32.522;78;79
Bib;Class;Driver1;Driver2;Driver3;Driver4;Car;Lap;Time;Sector1Time;SpeedTrap1;Sector2Time;SpeedTrap2;Sector3Time;SpeedTrap3;TopSpeed
84;;Christopher Haase;Simon Reicher;Markus Winkelhock;;Audi R8 LMS GT3 EVO II;26;4:20.458;1:26.584;79;1:21.584;79;1:32.290;78;77
84;;Christopher Haase;Simon Reicher;Markus Winkelhock;;Audi R8 LMS GT3 EVO II;27;3:11.384;1:26.210;78;51.103;224;54.071;104;79
84;;Christopher Haase;Simon Reicher;Markus Winkelhock;;Audi R8 LMS GT3 EVO II;28;2:47.137;1:05.425;126;54.054;145;47.658;232;105
84;;Christopher Haase;Simon Reicher;Markus Winkelhock;;Audi R8 LMS GT3 EVO II;29;1:50.001;35.324;249;37.431;251;37.246;232;269
84;;Christopher Haase;Simon Reicher;Markus Winkelhock;;Audi R8 LMS GT3 EVO II;30;1:55.793;34.414;249;37.244;252;44.135;;269
84;;Christopher Haase;Simon Reicher;Markus Winkelhock;;Audi R8 LMS GT3 EVO II;31;3:05.867;1:51.061;244;37.346;248;37.460;228;202
84;;Christopher Haase;Simon Reicher;Markus Winkelhock;;Audi R8 LMS GT3 EVO II;32;1:49.017;34.883;247;37.020;250;37.114;230;263
84;;Christopher Haase;Simon Reicher;Markus Winkelhock;;Audi R8 LMS GT3 EVO II;33;1:49.060;34.567;248;36.964;250;37.529;230;267
84;;Christopher Haase;Simon Reicher;Markus Winkelhock;;Audi R8 LMS GT3 EVO II;34;2:26.694;58.915;79;50.505;248;37.274;229;265
Bib;Class;Driver1;Driver2;Driver3;Driver4;Car;Lap;Time;Sector1Time;SpeedTrap1;Sector2Time;SpeedTrap2;Sector3Time;SpeedTrap3;TopSpeed
84;;Christopher Haase;Simon Reicher;Markus Winkelhock;;Audi R8 LMS GT3 EVO II;35;1:48.283;34.490;248;36.815;252;36.978;232;266
84;;Christopher Haase;Simon Reicher;Markus Winkelhock;;Audi R8 LMS GT3 EVO II;36;1:48.057;34.656;248;36.721;251;36.680;230;260
84;;Christopher Haase;Simon Reicher;Markus Winkelhock;;Audi R8 LMS GT3 EVO II;37;1:47.711;34.550;248;36.502;250;36.659;231;266
84;;Christopher Haase;Simon Reicher;Markus Winkelhock;;Audi R8 LMS GT3 EVO II;38;1:47.900;34.672;247;36.608;251;36.620;230;267
84;;Christopher Haase;Simon Reicher;Markus Winkelhock;;Audi R8 LMS GT3 EVO II;39;1:47.669;34.495;247;36.470;251;36.704;231;266
84;;Christopher Haase;Simon Reicher;Markus Winkelhock;;Audi R8 LMS GT3 EVO II;40;1:47.705;34.384;248;36.731;250;36.590;231;267
84;;Christopher Haase;Simon Reicher;Markus Winkelhock;;Audi R8 LMS GT3 EVO II;41;1:47.606;34.344;249;36.531;252;36.731;231;267
84;;Christopher Haase;Simon Reicher;Markus Winkelhock;;Audi R8 LMS GT3 EVO II;42;2:38.716;34.321;249;37.339;252;1:27.056;79;267
84;;Christopher Haase;Simon Reicher;Markus Winkelhock;;Audi R8 LMS GT3 EVO II;43;4:19.931;1:25.793;79;1:21.744;79;1:32.394;78;79
Bib;Class;Driver1;Driver2;Driver3;Driver4;Car;Lap;Time;Sector1Time;SpeedTrap1;Sector2Time;SpeedTrap2;Sector3Time;SpeedTrap3;TopSpeed
84;;Christopher Haase;Simon Reicher;Markus Winkelhock;;Audi R8 LMS GT3 EVO II;44;4:21.150;1:26.595;79;1:21.941;78;1:32.614;79;79
84;;Christopher Haase;Simon Reicher;Markus Winkelhock;;Audi R8 LMS GT3 EVO II;45;2:21.638;1:01.878;237;40.073;221;39.687;225;94
84;;Christopher Haase;Simon Reicher;Markus Winkelhock;;Audi R8 LMS GT3 EVO II;46;2:10.853;36.650;224;38.002;238;56.201;148;195
84;;Christopher Haase;Simon Reicher;Markus Winkelhock;;Audi R8 LMS GT3 EVO II;47;2:44.120;1:06.234;124;54.026;200;43.860;234;55
84;;Christopher Haase;Simon Reicher;Markus Winkelhock;;Audi R8 LMS GT3 EVO II;48;1:51.536;35.414;250;37.989;253;38.133;233;250
84;;Christopher Haase;Simon Reicher;Markus Winkelhock;;Audi R8 LMS GT3 EVO II;49;1:49.186;34.969;250;37.289;253;36.928;232;258
84;;Christopher Haase;Simon Reicher;Markus Winkelhock;;Audi R8 LMS GT3 EVO II;50;1:48.182;34.439;248;36.736;253;37.007;232;268
84;;Christopher Haase;Simon Reicher;Markus Winkelhock;;Audi R8 LMS GT3 EVO II;51;1:49.837;34.423;252;36.962;255;38.452;236;271
84;;Christopher Haase;Simon Reicher;Markus Winkelhock;;Audi R8 LMS GT3 EVO II;52;1:49.500;35.189;250;37.026;252;37.285;232;254
Bib;Class;Driver1;Driver2;Driver3;Driver4;Car;Lap;Time;Sector1Time;SpeedTrap1;Sector2Time;SpeedTrap2;Sector3Time;SpeedTrap3;TopSpeed
84;;Christopher Haase;Simon Reicher;Markus Winkelhock;;Audi R8 LMS GT3 EVO II;53;1:48.066;34.736;250;36.529;252;36.801;231;254
84;;Christopher Haase;Simon Reicher;Markus Winkelhock;;Audi R8 LMS GT3 EVO II;54;1:48.275;34.877;248;36.698;252;36.700;232;266
84;;Christopher Haase;Simon Reicher;Markus Winkelhock;;Audi R8 LMS GT3 EVO II;55;1:55.997;34.462;249;36.620;253;44.915;;266
84;;Christopher Haase;Simon Reicher;Markus Winkelhock;;Audi R8 LMS GT3 EVO II;56;3:04.533;1:50.311;245;37.148;244;37.074;231;203
84;;Christopher Haase;Simon Reicher;Markus Winkelhock;;Audi R8 LMS GT3 EVO II;57;1:49.977;34.546;250;37.884;250;37.547;232;266
84;;Christopher Haase;Simon Reicher;Markus Winkelhock;;Audi R8 LMS GT3 EVO II;58;1:48.036;34.520;250;36.739;254;36.777;233;270
84;;Christopher Haase;Simon Reicher;Markus Winkelhock;;Audi R8 LMS GT3 EVO II;59;1:48.809;34.558;249;36.799;255;37.452;233;270
84;;Christopher Haase;Simon Reicher;Markus Winkelhock;;Audi R8 LMS GT3 EVO II;60;1:48.659;34.763;249;36.901;255;36.995;230;267
84;;Christopher Haase;Simon Reicher;Markus Winkelhock;;Audi R8 LMS GT3 EVO II;61;1:49.613;35.138;250;36.628;253;37.847;232;243
Bib;Class;Driver1;Driver2;Driver3;Driver4;Car;Lap;Time;Sector1Time;SpeedTrap1;Sector2Time;SpeedTrap2;Sector3Time;SpeedTrap3;TopSpeed
84;;Christopher Haase;Simon Reicher;Markus Winkelhock;;Audi R8 LMS GT3 EVO II;62;1:47.972;34.522;249;36.718;252;36.732;232;270
84;;Christopher Haase;Simon Reicher;Markus Winkelhock;;Audi R8 LMS GT3 EVO II;63;1:48.758;34.565;249;37.310;251;36.883;232;272
84;;Christopher Haase;Simon Reicher;Markus Winkelhock;;Audi R8 LMS GT3 EVO II;64;1:47.496;34.303;248;36.397;252;36.796;231;269
84;;Christopher Haase;Simon Reicher;Markus Winkelhock;;Audi R8 LMS GT3 EVO II;65;1:47.687;34.352;246;36.709;252;36.626;231;267
84;;Christopher Haase;Simon Reicher;Markus Winkelhock;;Audi R8 LMS GT3 EVO II;66;1:47.473;34.190;248;36.611;252;36.672;231;269
84;;Christopher Haase;Simon Reicher;Markus Winkelhock;;Audi R8 LMS GT3 EVO II;67;1:47.189;34.207;248;36.396;253;36.586;232;269
84;;Christopher Haase;Simon Reicher;Markus Winkelhock;;Audi R8 LMS GT3 EVO II;68;1:47.333;34.152;248;36.266;255;36.915;230;270
84;;Christopher Haase;Simon Reicher;Markus Winkelhock;;Audi R8 LMS GT3 EVO II;69;1:48.441;34.284;250;37.444;252;36.713;232;272
84;;Christopher Haase;Simon Reicher;Markus Winkelhock;;Audi R8 LMS GT3 EVO II;70;1:48.038;34.296;250;36.543;255;37.199;232;269
Bib;Class;Driver1;Driver2;Driver3;Driver4;Car;Lap;Time;Sector1Time;SpeedTrap1;Sector2Time;SpeedTrap2;Sector3Time;SpeedTrap3;TopSpeed
84;;Christopher Haase;Simon Reicher;Markus Winkelhock;;Audi R8 LMS GT3 EVO II;71;1:47.936;34.246;247;36.434;253;37.256;230;269
84;;Christopher Haase;Simon Reicher;Markus Winkelhock;;Audi R8 LMS GT3 EVO II;72;3:28.307;35.387;186;1:20.754;79;1:32.166;79;266
84;;Christopher Haase;Simon Reicher;Markus Winkelhock;;Audi R8 LMS GT3 EVO II;73;4:19.941;1:25.981;79;1:21.597;79;1:32.363;78;79
84;;Christopher Haase;Simon Reicher;Markus Winkelhock;;Audi R8 LMS GT3 EVO II;74;3:39.012;1:26.501;79;1:21.642;77;50.869;228;79
84;;Christopher Haase;Simon Reicher;Markus Winkelhock;;Audi R8 LMS GT3 EVO II;75;1:56.652;38.282;248;40.164;190;38.206;230;173
84;;Christopher Haase;Simon Reicher;Markus Winkelhock;;Audi R8 LMS GT3 EVO II;76;2:11.264;40.272;106;49.405;206;41.587;234;241
84;;Christopher Haase;Simon Reicher;Markus Winkelhock;;Audi R8 LMS GT3 EVO II;77;1:53.528;35.566;248;39.262;257;38.700;232;255
84;;Christopher Haase;Simon Reicher;Markus Winkelhock;;Audi R8 LMS GT3 EVO II;78;2:06.668;36.099;255;48.746;159;41.823;172;252
84;;Christopher Haase;Simon Reicher;Markus Winkelhock;;Audi R8 LMS GT3 EVO II;79;4:09.875;1:31.935;54;1:25.405;76;1:12.535;106;21
Bib;Class;Driver1;Driver2;Driver3;Driver4;Car;Lap;Time;Sector1Time;SpeedTrap1;Sector2Time;SpeedTrap2;Sector3Time;SpeedTrap3;TopSpeed
87;;Marvin Dienst;Gabriele Piana;Rinat Salikhov;;Mercedes-AMG GT3 EVO;1;2:36.570;43.212;225;40.682;177;1:12.676;82;185
87;;Marvin Dienst;Gabriele Piana;Rinat Salikhov;;Mercedes-AMG GT3 EVO;2;4:23.118;1:46.886;81;1:21.494;94;1:14.738;90;30
87;;Marvin Dienst;Gabriele Piana;Rinat Salikhov;;Mercedes-AMG GT3 EVO;3;3:26.059;1:24.507;82;1:03.271;162;58.281;135;74
87;;Marvin Dienst;Gabriele Piana;Rinat Salikhov;;Mercedes-AMG GT3 EVO;4;2:48.573;1:05.666;114;53.036;178;49.871;176;88
87;;Marvin Dienst;Gabriele Piana;Rinat Salikhov;;Mercedes-AMG GT3 EVO;5;2:33.595;46.691;143;51.727;232;55.177;106;138
87;;Marvin Dienst;Gabriele Piana;Rinat Salikhov;;Mercedes-AMG GT3 EVO;6;2:49.594;59.812;108;56.989;154;52.793;232;108
87;;Marvin Dienst;Gabriele Piana;Rinat Salikhov;;Mercedes-AMG GT3 EVO;7;1:50.670;35.352;248;37.999;249;37.319;232;251
87;;Marvin Dienst;Gabriele Piana;Rinat Salikhov;;Mercedes-AMG GT3 EVO;8;1:49.238;34.740;248;37.300;250;37.198;232;265
87;;Marvin Dienst;Gabriele Piana;Rinat Salikhov;;Mercedes-AMG GT3 EVO;9;1:48.921;34.693;249;37.064;251;37.164;231;267
87;;Marvin Dienst;Gabriele Piana;Rinat Salikhov;;Mercedes-AMG GT3 EVO;10;1:48.719;34.711;249;36.911;252;37.097;232;267
87;;Marvin Dienst;Gabriele Piana;Rinat Salikhov;;Mercedes-AMG GT3 EVO;11;1:48.314;34.541;249;36.912;252;36.861;232;267
87;;Marvin Dienst;Gabriele Piana;Rinat Salikhov;;Mercedes-AMG GT3 EVO;12;1:48.262;34.405;249;36.926;252;36.931;232;267
87;;Marvin Dienst;Gabriele Piana;Rinat Salikhov;;Mercedes-AMG GT3 EVO;13;1:48.137;34.422;249;36.764;252;36.951;233;269
87;;Marvin Dienst;Gabriele Piana;Rinat Salikhov;;Mercedes-AMG GT3 EVO;14;1:48.100;34.395;251;36.802;252;36.903;233;267
87;;Marvin Dienst;Gabriele Piana;Rinat Salikhov;;Mercedes-AMG GT3 EVO;15;1:48.394;34.354;250;37.119;252;36.921;233;269
87;;Marvin Dienst;Gabriele Piana;Rinat Salikhov;;Mercedes-AMG GT3 EVO;16;1:48.310;34.410;251;36.995;252;36.905;232;269
87;;Marvin Dienst;Gabriele Piana;Rinat Salikhov;;Mercedes-AMG GT3 EVO;17;1:48.121;34.409;250;36.819;252;36.893;231;266
Bib;Class;Driver1;Driver2;Driver3;Driver4;Car;Lap;Time;Sector1Time;SpeedTrap1;Sector2Time;SpeedTrap2;Sector3Time;SpeedTrap3;TopSpeed
87;;Marvin Dienst;Gabriele Piana;Rinat Salikhov;;Mercedes-AMG GT3 EVO;18;1:47.945;34.483;249;36.820;252;36.642;233;267
87;;Marvin Dienst;Gabriele Piana;Rinat Salikhov;;Mercedes-AMG GT3 EVO;19;1:47.882;34.377;250;36.728;252;36.777;233;267
87;;Marvin Dienst;Gabriele Piana;Rinat Salikhov;;Mercedes-AMG GT3 EVO;20;1:47.736;34.438;250;36.684;252;36.614;233;267
87;;Marvin Dienst;Gabriele Piana;Rinat Salikhov;;Mercedes-AMG GT3 EVO;21;1:48.086;34.289;250;37.105;252;36.692;233;267
87;;Marvin Dienst;Gabriele Piana;Rinat Salikhov;;Mercedes-AMG GT3 EVO;22;1:48.061;34.520;250;36.833;252;36.708;232;266
87;;Marvin Dienst;Gabriele Piana;Rinat Salikhov;;Mercedes-AMG GT3 EVO;23;1:48.101;34.452;249;36.774;252;36.875;233;267
87;;Marvin Dienst;Gabriele Piana;Rinat Salikhov;;Mercedes-AMG GT3 EVO;24;3:33.096;35.817;139;1:21.857;78;1:35.422;;266
87;;Marvin Dienst;Gabriele Piana;Rinat Salikhov;;Mercedes-AMG GT3 EVO;25;5:21.555;2:27.166;78;1:21.910;78;1:32.479;78;78
87;;Marvin Dienst;Gabriele Piana;Rinat Salikhov;;Mercedes-AMG GT3 EVO;26;4:21.163;1:26.646;78;1:21.982;78;1:32.535;78;78
87;;Marvin Dienst;Gabriele Piana;Rinat Salikhov;;Mercedes-AMG GT3 EVO;27;3:16.694;1:26.665;78;51.979;237;58.050;112;78
87;;Marvin Dienst;Gabriele Piana;Rinat Salikhov;;Mercedes-AMG GT3 EVO;28;2:48.186;1:04.702;143;54.449;137;49.035;230;84
87;;Marvin Dienst;Gabriele Piana;Rinat Salikhov;;Mercedes-AMG GT3 EVO;29;1:50.007;35.648;247;37.274;250;37.085;232;260
87;;Marvin Dienst;Gabriele Piana;Rinat Salikhov;;Mercedes-AMG GT3 EVO;30;1:48.917;34.708;248;37.089;251;37.120;232;265
87;;Marvin Dienst;Gabriele Piana;Rinat Salikhov;;Mercedes-AMG GT3 EVO;31;1:48.424;34.707;249;36.893;251;36.824;232;264
87;;Marvin Dienst;Gabriele Piana;Rinat Salikhov;;Mercedes-AMG GT3 EVO;32;1:48.202;34.544;249;36.815;250;36.843;232;267
87;;Marvin Dienst;Gabriele Piana;Rinat Salikhov;;Mercedes-AMG GT3 EVO;33;1:48.041;34.438;250;36.805;250;36.798;232;267
87;;Marvin Dienst;Gabriele Piana;Rinat Salikhov;;Mercedes-AMG GT3 EVO;34;1:58.077;34.413;249;36.736;250;46.928;78;267
Bib;Class;Driver1;Driver2;Driver3;Driver4;Car;Lap;Time;Sector1Time;SpeedTrap1;Sector2Time;SpeedTrap2;Sector3Time;SpeedTrap3;TopSpeed
87;;Marvin Dienst;Gabriele Piana;Rinat Salikhov;;Mercedes-AMG GT3 EVO;35;2:21.366;1:07.669;237;36.915;250;36.782;233;78
87;;Marvin Dienst;Gabriele Piana;Rinat Salikhov;;Mercedes-AMG GT3 EVO;36;1:48.060;34.366;248;36.930;252;36.764;232;267
87;;Marvin Dienst;Gabriele Piana;Rinat Salikhov;;Mercedes-AMG GT3 EVO;37;1:47.719;34.333;250;36.707;250;36.679;233;267
87;;Marvin Dienst;Gabriele Piana;Rinat Salikhov;;Mercedes-AMG GT3 EVO;38;1:47.589;34.330;249;36.614;250;36.645;233;269
87;;Marvin Dienst;Gabriele Piana;Rinat Salikhov;;Mercedes-AMG GT3 EVO;39;1:47.795;34.318;250;36.776;251;36.701;234;267
87;;Marvin Dienst;Gabriele Piana;Rinat Salikhov;;Mercedes-AMG GT3 EVO;40;1:48.345;34.212;250;36.894;255;37.239;234;269
87;;Marvin Dienst;Gabriele Piana;Rinat Salikhov;;Mercedes-AMG GT3 EVO;41;1:47.840;34.409;249;36.693;253;36.738;233;267
87;;Marvin Dienst;Gabriele Piana;Rinat Salikhov;;Mercedes-AMG GT3 EVO;42;1:48.381;34.363;251;36.761;253;37.257;234;268
87;;Marvin Dienst;Gabriele Piana;Rinat Salikhov;;Mercedes-AMG GT3 EVO;43;3:15.532;34.390;250;1:08.775;78;1:32.367;78;269
87;;Marvin Dienst;Gabriele Piana;Rinat Salikhov;;Mercedes-AMG GT3 EVO;44;4:23.723;1:26.488;78;1:21.891;78;1:35.344;;78
87;;Marvin Dienst;Gabriele Piana;Rinat Salikhov;;Mercedes-AMG GT3 EVO;45;4:28.286;2:27.565;78;1:20.205;126;40.516;229;78
87;;Marvin Dienst;Gabriele Piana;Rinat Salikhov;;Mercedes-AMG GT3 EVO;46;2:50.712;36.089;167;1:05.538;85;1:09.085;122;248
87;;Marvin Dienst;Gabriele Piana;Rinat Salikhov;;Mercedes-AMG GT3 EVO;47;2:58.491;1:06.808;91;55.556;185;56.127;230;99
87;;Marvin Dienst;Gabriele Piana;Rinat Salikhov;;Mercedes-AMG GT3 EVO;48;1:50.214;35.114;249;37.502;250;37.598;227;258
87;;Marvin Dienst;Gabriele Piana;Rinat Salikhov;;Mercedes-AMG GT3 EVO;49;1:49.689;35.149;249;37.334;252;37.206;231;265
87;;Marvin Dienst;Gabriele Piana;Rinat Salikhov;;Mercedes-AMG GT3 EVO;50;1:48.626;34.562;249;37.248;252;36.816;232;270
87;;Marvin Dienst;Gabriele Piana;Rinat Salikhov;;Mercedes-AMG GT3 EVO;51;1:48.040;34.400;251;36.717;252;36.923;232;270
Bib;Class;Driver1;Driver2;Driver3;Driver4;Car;Lap;Time;Sector1Time;SpeedTrap1;Sector2Time;SpeedTrap2;Sector3Time;SpeedTrap3;TopSpeed
87;;Marvin Dienst;Gabriele Piana;Rinat Salikhov;;Mercedes-AMG GT3 EVO;52;1:47.940;34.340;251;36.626;252;36.974;231;269
87;;Marvin Dienst;Gabriele Piana;Rinat Salikhov;;Mercedes-AMG GT3 EVO;53;1:47.811;34.522;250;36.571;252;36.718;231;267
87;;Marvin Dienst;Gabriele Piana;Rinat Salikhov;;Mercedes-AMG GT3 EVO;54;1:47.533;34.364;249;36.591;252;36.578;232;267
87;;Marvin Dienst;Gabriele Piana;Rinat Salikhov;;Mercedes-AMG GT3 EVO;55;1:47.837;34.379;249;36.687;251;36.771;232;267
87;;Marvin Dienst;Gabriele Piana;Rinat Salikhov;;Mercedes-AMG GT3 EVO;56;1:47.826;34.391;250;36.629;253;36.806;233;267
87;;Marvin Dienst;Gabriele Piana;Rinat Salikhov;;Mercedes-AMG GT3 EVO;57;1:48.043;34.608;250;36.821;253;36.614;234;265
87;;Marvin Dienst;Gabriele Piana;Rinat Salikhov;;Mercedes-AMG GT3 EVO;58;1:47.970;34.398;251;36.713;253;36.859;235;270
87;;Marvin Dienst;Gabriele Piana;Rinat Salikhov;;Mercedes-AMG GT3 EVO;59;1:47.440;34.240;250;36.617;253;36.583;234;272
87;;Marvin Dienst;Gabriele Piana;Rinat Salikhov;;Mercedes-AMG GT3 EVO;60;1:47.727;34.369;250;36.635;254;36.723;235;270
87;;Marvin Dienst;Gabriele Piana;Rinat Salikhov;;Mercedes-AMG GT3 EVO;61;1:47.446;34.193;251;36.553;256;36.700;234;272
87;;Marvin Dienst;Gabriele Piana;Rinat Salikhov;;Mercedes-AMG GT3 EVO;62;1:48.063;34.337;252;36.653;255;37.073;234;269
87;;Marvin Dienst;Gabriele Piana;Rinat Salikhov;;Mercedes-AMG GT3 EVO;63;1:47.468;34.423;251;36.491;254;36.554;234;269
87;;Marvin Dienst;Gabriele Piana;Rinat Salikhov;;Mercedes-AMG GT3 EVO;64;1:47.661;34.319;251;36.758;253;36.584;234;271
87;;Marvin Dienst;Gabriele Piana;Rinat Salikhov;;Mercedes-AMG GT3 EVO;65;1:47.434;34.251;252;36.605;253;36.578;234;272
87;;Marvin Dienst;Gabriele Piana;Rinat Salikhov;;Mercedes-AMG GT3 EVO;66;1:47.115;34.189;250;36.240;256;36.686;235;272
87;;Marvin Dienst;Gabriele Piana;Rinat Salikhov;;Mercedes-AMG GT3 EVO;67;1:47.782;34.296;252;36.623;255;36.863;234;273
87;;Marvin Dienst;Gabriele Piana;Rinat Salikhov;;Mercedes-AMG GT3 EVO;68;1:47.403;34.219;250;36.721;255;36.463;235;273
Bib;Class;Driver1;Driver2;Driver3;Driver4;Car;Lap;Time;Sector1Time;SpeedTrap1;Sector2Time;SpeedTrap2;Sector3Time;SpeedTrap3;TopSpeed
87;;Marvin Dienst;Gabriele Piana;Rinat Salikhov;;Mercedes-AMG GT3 EVO;69;1:47.548;34.052;251;36.814;254;36.682;233;272
87;;Marvin Dienst;Gabriele Piana;Rinat Salikhov;;Mercedes-AMG GT3 EVO;70;1:47.945;34.345;251;37.066;255;36.534;235;272
87;;Marvin Dienst;Gabriele Piana;Rinat Salikhov;;Mercedes-AMG GT3 EVO;71;1:48.179;34.941;249;36.750;253;36.488;236;271
87;;Marvin Dienst;Gabriele Piana;Rinat Salikhov;;Mercedes-AMG GT3 EVO;72;1:48.829;34.259;250;36.621;255;37.949;236;269
87;;Marvin Dienst;Gabriele Piana;Rinat Salikhov;;Mercedes-AMG GT3 EVO;73;3:28.342;35.112;230;1:17.857;78;1:35.373;;263
87;;Marvin Dienst;Gabriele Piana;Rinat Salikhov;;Mercedes-AMG GT3 EVO;74;5:24.401;2:29.566;78;1:22.129;78;1:32.706;78;78
87;;Marvin Dienst;Gabriele Piana;Rinat Salikhov;;Mercedes-AMG GT3 EVO;75;3:41.162;1:27.007;78;1:05.373;107;1:08.782;110;78
87;;Marvin Dienst;Gabriele Piana;Rinat Salikhov;;Mercedes-AMG GT3 EVO;76;2:52.818;1:04.224;127;49.973;188;58.621;227;106
87;;Marvin Dienst;Gabriele Piana;Rinat Salikhov;;Mercedes-AMG GT3 EVO;77;1:52.245;35.887;247;38.888;249;37.470;232;265
87;;Marvin Dienst;Gabriele Piana;Rinat Salikhov;;Mercedes-AMG GT3 EVO;78;;;;;;;;267
88;;Carrie Schreiner;Daniele Di Amato;Gerhard Tweraser;;Audi R8 LMS GT3 EVO II;1;2:57.020;48.387;238;48.871;111;1:19.762;54;175
88;;Carrie Schreiner;Daniele Di Amato;Gerhard Tweraser;;Audi R8 LMS GT3 EVO II;2;4:28.386;1:48.565;78;1:20.282;80;1:19.539;94;108
88;;Carrie Schreiner;Daniele Di Amato;Gerhard Tweraser;;Audi R8 LMS GT3 EVO II;3;3:19.221;1:18.791;84;1:04.862;153;55.568;124;27
Bib;Class;Driver1;Driver2;Driver3;Driver4;Car;Lap;Time;Sector1Time;SpeedTrap1;Sector2Time;SpeedTrap2;Sector3Time;SpeedTrap3;TopSpeed
88;;Carrie Schreiner;Daniele Di Amato;Gerhard Tweraser;;Audi R8 LMS GT3 EVO II;4;2:45.556;1:04.601;122;54.322;147;46.633;176;71
88;;Carrie Schreiner;Daniele Di Amato;Gerhard Tweraser;;Audi R8 LMS GT3 EVO II;5;2:32.094;40.646;168;55.500;161;55.948;;219
88;;Carrie Schreiner;Daniele Di Amato;Gerhard Tweraser;;Audi R8 LMS GT3 EVO II;6;3:07.219;1:51.447;245;37.958;239;37.814;232;202
88;;Carrie Schreiner;Daniele Di Amato;Gerhard Tweraser;;Audi R8 LMS GT3 EVO II;7;1:49.265;34.924;249;37.195;252;37.146;230;264
88;;Carrie Schreiner;Daniele Di Amato;Gerhard Tweraser;;Audi R8 LMS GT3 EVO II;8;1:48.408;34.507;250;36.860;252;37.041;231;269
88;;Carrie Schreiner;Daniele Di Amato;Gerhard Tweraser;;Audi R8 LMS GT3 EVO II;9;1:48.974;34.825;248;36.850;253;37.299;230;269
88;;Carrie Schreiner;Daniele Di Amato;Gerhard Tweraser;;Audi R8 LMS GT3 EVO II;10;1:48.917;34.627;250;36.853;256;37.437;232;269
88;;Carrie Schreiner;Daniele Di Amato;Gerhard Tweraser;;Audi R8 LMS GT3 EVO II;11;1:49.966;34.950;250;37.698;257;37.318;234;258
88;;Carrie Schreiner;Daniele Di Amato;Gerhard Tweraser;;Audi R8 LMS GT3 EVO II;12;1:48.244;34.416;250;36.855;253;36.973;234;273
Bib;Class;Driver1;Driver2;Driver3;Driver4;Car;Lap;Time;Sector1Time;SpeedTrap1;Sector2Time;SpeedTrap2;Sector3Time;SpeedTrap3;TopSpeed
88;;Carrie Schreiner;Daniele Di Amato;Gerhard Tweraser;;Audi R8 LMS GT3 EVO II;13;1:49.756;34.589;250;36.848;255;38.319;231;274
88;;Carrie Schreiner;Daniele Di Amato;Gerhard Tweraser;;Audi R8 LMS GT3 EVO II;14;1:48.829;34.593;250;37.284;252;36.952;232;270
88;;Carrie Schreiner;Daniele Di Amato;Gerhard Tweraser;;Audi R8 LMS GT3 EVO II;15;1:48.916;34.508;249;37.173;252;37.235;231;268
88;;Carrie Schreiner;Daniele Di Amato;Gerhard Tweraser;;Audi R8 LMS GT3 EVO II;16;1:48.395;34.524;249;36.926;253;36.945;232;267
88;;Carrie Schreiner;Daniele Di Amato;Gerhard Tweraser;;Audi R8 LMS GT3 EVO II;17;1:48.579;34.593;248;37.046;253;36.940;231;269
88;;Carrie Schreiner;Daniele Di Amato;Gerhard Tweraser;;Audi R8 LMS GT3 EVO II;18;1:48.367;34.623;249;36.734;253;37.010;230;269
88;;Carrie Schreiner;Daniele Di Amato;Gerhard Tweraser;;Audi R8 LMS GT3 EVO II;19;1:48.173;34.501;249;36.743;253;36.929;231;269
88;;Carrie Schreiner;Daniele Di Amato;Gerhard Tweraser;;Audi R8 LMS GT3 EVO II;20;1:47.566;34.292;250;36.454;255;36.820;233;269
88;;Carrie Schreiner;Daniele Di Amato;Gerhard Tweraser;;Audi R8 LMS GT3 EVO II;21;1:48.520;34.432;250;36.706;257;37.382;233;269
Bib;Class;Driver1;Driver2;Driver3;Driver4;Car;Lap;Time;Sector1Time;SpeedTrap1;Sector2Time;SpeedTrap2;Sector3Time;SpeedTrap3;TopSpeed
88;;Carrie Schreiner;Daniele Di Amato;Gerhard Tweraser;;Audi R8 LMS GT3 EVO II;22;1:48.589;34.456;251;36.832;257;37.301;236;271
88;;Carrie Schreiner;Daniele Di Amato;Gerhard Tweraser;;Audi R8 LMS GT3 EVO II;23;1:58.785;36.545;248;36.862;253;45.378;78;269
88;;Carrie Schreiner;Daniele Di Amato;Gerhard Tweraser;;Audi R8 LMS GT3 EVO II;24;4:25.234;1:26.764;78;1:22.560;78;1:35.910;;78
88;;Carrie Schreiner;Daniele Di Amato;Gerhard Tweraser;;Audi R8 LMS GT3 EVO II;25;5:35.001;2:38.891;78;1:22.655;78;1:33.455;78;78
88;;Carrie Schreiner;Daniele Di Amato;Gerhard Tweraser;;Audi R8 LMS GT3 EVO II;26;4:24.019;1:27.655;78;1:22.824;78;1:33.540;78;78
88;;Carrie Schreiner;Daniele Di Amato;Gerhard Tweraser;;Audi R8 LMS GT3 EVO II;27;2:03.069;44.573;208;39.659;249;38.837;202;199
88;;Carrie Schreiner;Daniele Di Amato;Gerhard Tweraser;;Audi R8 LMS GT3 EVO II;28;2:22.625;51.795;96;52.439;209;38.391;231;129
88;;Carrie Schreiner;Daniele Di Amato;Gerhard Tweraser;;Audi R8 LMS GT3 EVO II;29;1:49.418;34.798;249;37.175;253;37.445;232;265
88;;Carrie Schreiner;Daniele Di Amato;Gerhard Tweraser;;Audi R8 LMS GT3 EVO II;30;1:48.830;34.906;249;37.013;254;36.911;234;268
Bib;Class;Driver1;Driver2;Driver3;Driver4;Car;Lap;Time;Sector1Time;SpeedTrap1;Sector2Time;SpeedTrap2;Sector3Time;SpeedTrap3;TopSpeed
88;;Carrie Schreiner;Daniele Di Amato;Gerhard Tweraser;;Audi R8 LMS GT3 EVO II;31;1:50.539;35.465;250;37.611;254;37.463;233;246
88;;Carrie Schreiner;Daniele Di Amato;Gerhard Tweraser;;Audi R8 LMS GT3 EVO II;32;1:48.882;34.981;249;36.746;256;37.155;234;261
88;;Carrie Schreiner;Daniele Di Amato;Gerhard Tweraser;;Audi R8 LMS GT3 EVO II;33;1:48.797;34.810;249;37.018;254;36.969;232;267
88;;Carrie Schreiner;Daniele Di Amato;Gerhard Tweraser;;Audi R8 LMS GT3 EVO II;34;2:28.219;34.492;248;36.606;254;1:17.121;78;268
88;;Carrie Schreiner;Daniele Di Amato;Gerhard Tweraser;;Audi R8 LMS GT3 EVO II;35;1:56.248;42.237;248;37.088;252;36.923;233;233
88;;Carrie Schreiner;Daniele Di Amato;Gerhard Tweraser;;Audi R8 LMS GT3 EVO II;36;1:50.264;34.868;251;38.166;253;37.230;234;262
88;;Carrie Schreiner;Daniele Di Amato;Gerhard Tweraser;;Audi R8 LMS GT3 EVO II;37;1:48.565;34.473;251;37.003;255;37.089;233;266
88;;Carrie Schreiner;Daniele Di Amato;Gerhard Tweraser;;Audi R8 LMS GT3 EVO II;38;1:48.048;34.573;250;36.793;253;36.682;236;267
88;;Carrie Schreiner;Daniele Di Amato;Gerhard Tweraser;;Audi R8 LMS GT3 EVO II;39;1:49.162;34.873;246;37.512;253;36.777;233;265
Bib;Class;Driver1;Driver2;Driver3;Driver4;Car;Lap;Time;Sector1Time;SpeedTrap1;Sector2Time;SpeedTrap2;Sector3Time;SpeedTrap3;TopSpeed
88;;Carrie Schreiner;Daniele Di Amato;Gerhard Tweraser;;Audi R8 LMS GT3 EVO II;40;1:48.472;34.534;249;36.671;255;37.267;232;269
88;;Carrie Schreiner;Daniele Di Amato;Gerhard Tweraser;;Audi R8 LMS GT3 EVO II;41;1:49.279;34.898;250;37.139;256;37.242;235;264
88;;Carrie Schreiner;Daniele Di Amato;Gerhard Tweraser;;Audi R8 LMS GT3 EVO II;42;1:48.411;34.562;252;36.784;256;37.065;236;264
88;;Carrie Schreiner;Daniele Di Amato;Gerhard Tweraser;;Audi R8 LMS GT3 EVO II;43;3:58.624;59.222;78;1:22.880;78;1:36.522;;267
88;;Carrie Schreiner;Daniele Di Amato;Gerhard Tweraser;;Audi R8 LMS GT3 EVO II;44;4:47.659;1:51.437;78;1:22.841;78;1:33.381;78;78
88;;Carrie Schreiner;Daniele Di Amato;Gerhard Tweraser;;Audi R8 LMS GT3 EVO II;45;3:14.524;1:27.828;78;1:01.243;176;45.453;204;78
88;;Carrie Schreiner;Daniele Di Amato;Gerhard Tweraser;;Audi R8 LMS GT3 EVO II;46;2:42.880;38.214;248;56.555;130;1:08.111;123;204
88;;Carrie Schreiner;Daniele Di Amato;Gerhard Tweraser;;Audi R8 LMS GT3 EVO II;47;2:51.495;1:06.192;120;56.267;195;49.036;232;63
88;;Carrie Schreiner;Daniele Di Amato;Gerhard Tweraser;;Audi R8 LMS GT3 EVO II;48;1:49.193;34.789;250;37.005;255;37.399;235;261
Bib;Class;Driver1;Driver2;Driver3;Driver4;Car;Lap;Time;Sector1Time;SpeedTrap1;Sector2Time;SpeedTrap2;Sector3Time;SpeedTrap3;TopSpeed
88;;Carrie Schreiner;Daniele Di Amato;Gerhard Tweraser;;Audi R8 LMS GT3 EVO II;49;1:51.495;36.249;249;38.187;255;37.059;235;270
88;;Carrie Schreiner;Daniele Di Amato;Gerhard Tweraser;;Audi R8 LMS GT3 EVO II;50;1:48.517;34.750;250;36.950;256;36.817;236;249
88;;Carrie Schreiner;Daniele Di Amato;Gerhard Tweraser;;Audi R8 LMS GT3 EVO II;51;1:50.325;35.167;252;37.537;250;37.621;233;267
88;;Carrie Schreiner;Daniele Di Amato;Gerhard Tweraser;;Audi R8 LMS GT3 EVO II;52;1:48.715;34.320;252;36.967;255;37.428;236;267
88;;Carrie Schreiner;Daniele Di Amato;Gerhard Tweraser;;Audi R8 LMS GT3 EVO II;53;1:48.241;34.315;253;36.896;256;37.030;236;272
88;;Carrie Schreiner;Daniele Di Amato;Gerhard Tweraser;;Audi R8 LMS GT3 EVO II;54;1:48.045;34.417;253;36.772;257;36.856;236;253
88;;Carrie Schreiner;Daniele Di Amato;Gerhard Tweraser;;Audi R8 LMS GT3 EVO II;55;1:58.923;35.384;251;36.886;257;46.653;;247
88;;Carrie Schreiner;Daniele Di Amato;Gerhard Tweraser;;Audi R8 LMS GT3 EVO II;56;3:03.165;1:48.033;248;37.731;250;37.401;232;204
88;;Carrie Schreiner;Daniele Di Amato;Gerhard Tweraser;;Audi R8 LMS GT3 EVO II;57;1:48.680;34.593;248;37.002;251;37.085;232;269
Bib;Class;Driver1;Driver2;Driver3;Driver4;Car;Lap;Time;Sector1Time;SpeedTrap1;Sector2Time;SpeedTrap2;Sector3Time;SpeedTrap3;TopSpeed
88;;Carrie Schreiner;Daniele Di Amato;Gerhard Tweraser;;Audi R8 LMS GT3 EVO II;58;1:48.370;34.491;248;36.858;252;37.021;232;268
88;;Carrie Schreiner;Daniele Di Amato;Gerhard Tweraser;;Audi R8 LMS GT3 EVO II;59;1:48.060;34.402;248;36.657;253;37.001;231;269
88;;Carrie Schreiner;Daniele Di Amato;Gerhard Tweraser;;Audi R8 LMS GT3 EVO II;60;1:49.120;34.789;250;37.350;254;36.981;232;269
88;;Carrie Schreiner;Daniele Di Amato;Gerhard Tweraser;;Audi R8 LMS GT3 EVO II;61;1:52.418;34.679;236;39.918;248;37.821;232;269
88;;Carrie Schreiner;Daniele Di Amato;Gerhard Tweraser;;Audi R8 LMS GT3 EVO II;62;1:48.061;34.338;252;36.810;253;36.913;230;270
88;;Carrie Schreiner;Daniele Di Amato;Gerhard Tweraser;;Audi R8 LMS GT3 EVO II;63;1:55.603;34.851;250;43.423;239;37.329;231;245
88;;Carrie Schreiner;Daniele Di Amato;Gerhard Tweraser;;Audi R8 LMS GT3 EVO II;64;1:47.747;34.288;248;36.626;252;36.833;232;267
88;;Carrie Schreiner;Daniele Di Amato;Gerhard Tweraser;;Audi R8 LMS GT3 EVO II;65;1:47.481;34.240;248;36.538;252;36.703;232;267
88;;Carrie Schreiner;Daniele Di Amato;Gerhard Tweraser;;Audi R8 LMS GT3 EVO II;66;1:47.657;34.244;248;36.551;252;36.862;231;268
Bib;Class;Driver1;Driver2;Driver3;Driver4;Car;Lap;Time;Sector1Time;SpeedTrap1;Sector2Time;SpeedTrap2;Sector3Time;SpeedTrap3;TopSpeed
88;;Carrie Schreiner;Daniele Di Amato;Gerhard Tweraser;;Audi R8 LMS GT3 EVO II;67;1:47.869;34.423;246;36.602;252;36.844;232;268
88;;Carrie Schreiner;Daniele Di Amato;Gerhard Tweraser;;Audi R8 LMS GT3 EVO II;68;1:47.626;34.244;248;36.501;253;36.881;231;267
88;;Carrie Schreiner;Daniele Di Amato;Gerhard Tweraser;;Audi R8 LMS GT3 EVO II;69;1:48.040;34.634;249;36.596;253;36.810;232;268
88;;Carrie Schreiner;Daniele Di Amato;Gerhard Tweraser;;Audi R8 LMS GT3 EVO II;70;1:48.473;34.333;250;37.045;252;37.095;232;269
88;;Carrie Schreiner;Daniele Di Amato;Gerhard Tweraser;;Audi R8 LMS GT3 EVO II;71;1:51.361;34.287;248;39.401;240;37.673;230;268
88;;Carrie Schreiner;Daniele Di Amato;Gerhard Tweraser;;Audi R8 LMS GT3 EVO II;72;3:49.918;54.139;78;1:22.434;78;1:33.345;78;265
88;;Carrie Schreiner;Daniele Di Amato;Gerhard Tweraser;;Audi R8 LMS GT3 EVO II;73;4:23.108;1:27.324;78;1:22.489;78;1:33.295;78;78
88;;Carrie Schreiner;Daniele Di Amato;Gerhard Tweraser;;Audi R8 LMS GT3 EVO II;74;3:12.454;1:27.279;78;59.185;244;45.990;228;78
88;;Carrie Schreiner;Daniele Di Amato;Gerhard Tweraser;;Audi R8 LMS GT3 EVO II;75;1:56.633;38.070;190;39.098;251;39.465;222;160
Bib;Class;Driver1;Driver2;Driver3;Driver4;Car;Lap;Time;Sector1Time;SpeedTrap1;Sector2Time;SpeedTrap2;Sector3Time;SpeedTrap3;TopSpeed
88;;Carrie Schreiner;Daniele Di Amato;Gerhard Tweraser;;Audi R8 LMS GT3 EVO II;76;2:05.224;37.905;132;47.076;208;40.243;231;245
88;;Carrie Schreiner;Daniele Di Amato;Gerhard Tweraser;;Audi R8 LMS GT3 EVO II;77;1:53.166;34.967;248;38.759;258;39.440;235;262
88;;Carrie Schreiner;Daniele Di Amato;Gerhard Tweraser;;Audi R8 LMS GT3 EVO II;78;2:09.184;37.741;247;49.059;164;42.384;169;214
88;;Carrie Schreiner;Daniele Di Amato;Gerhard Tweraser;;Audi R8 LMS GT3 EVO II;79;4:12.800;1:35.255;76;1:24.768;72;1:12.777;89;17
89;;Patrick Kolb;Bashar Mardini;Alex Fontana;;Porsche 911 GT3 R EVO;1;3:03.331;51.212;228;51.223;123;1:20.896;;174
89;;Patrick Kolb;Bashar Mardini;Alex Fontana;;Porsche 911 GT3 R EVO;2;4:46.486;2:05.911;125;1:19.044;120;1:21.531;;175
89;;Patrick Kolb;Bashar Mardini;Alex Fontana;;Porsche 911 GT3 R EVO;3;3:18.711;1:31.255;227;49.098;161;58.358;;202
89;;Patrick Kolb;Bashar Mardini;Alex Fontana;;Porsche 911 GT3 R EVO;4;2:42.036;1:06.029;245;43.451;141;52.556;;202
89;;Patrick Kolb;Bashar Mardini;Alex Fontana;;Porsche 911 GT3 R EVO;5;2:22.354;1:06.410;245;37.840;245;38.104;227;202
89;;Patrick Kolb;Bashar Mardini;Alex Fontana;;Porsche 911 GT3 R EVO;6;2:34.634;50.560;131;55.479;138;48.595;229;109
Bib;Class;Driver1;Driver2;Driver3;Driver4;Car;Lap;Time;Sector1Time;SpeedTrap1;Sector2Time;SpeedTrap2;Sector3Time;SpeedTrap3;TopSpeed
89;;Patrick Kolb;Bashar Mardini;Alex Fontana;;Porsche 911 GT3 R EVO;7;1:54.038;35.659;249;38.517;245;39.862;231;267
89;;Patrick Kolb;Bashar Mardini;Alex Fontana;;Porsche 911 GT3 R EVO;8;1:52.207;36.022;247;37.899;251;38.286;227;265
89;;Patrick Kolb;Bashar Mardini;Alex Fontana;;Porsche 911 GT3 R EVO;9;1:51.350;34.876;246;37.920;239;38.554;227;265
89;;Patrick Kolb;Bashar Mardini;Alex Fontana;;Porsche 911 GT3 R EVO;10;1:50.895;35.296;249;37.612;249;37.987;227;262
89;;Patrick Kolb;Bashar Mardini;Alex Fontana;;Porsche 911 GT3 R EVO;11;1:53.308;35.616;250;39.452;248;38.240;230;263
89;;Patrick Kolb;Bashar Mardini;Alex Fontana;;Porsche 911 GT3 R EVO;12;1:50.016;34.975;248;37.731;248;37.310;230;265
89;;Patrick Kolb;Bashar Mardini;Alex Fontana;;Porsche 911 GT3 R EVO;13;1:48.975;34.607;246;37.164;248;37.204;229;265
89;;Patrick Kolb;Bashar Mardini;Alex Fontana;;Porsche 911 GT3 R EVO;14;1:48.715;34.560;247;37.004;248;37.151;230;265
89;;Patrick Kolb;Bashar Mardini;Alex Fontana;;Porsche 911 GT3 R EVO;15;1:49.622;34.618;247;37.169;249;37.835;230;264
89;;Patrick Kolb;Bashar Mardini;Alex Fontana;;Porsche 911 GT3 R EVO;16;1:50.438;35.328;250;37.876;253;37.234;229;261
Bib;Class;Driver1;Driver2;Driver3;Driver4;Car;Lap;Time;Sector1Time;SpeedTrap1;Sector2Time;SpeedTrap2;Sector3Time;SpeedTrap3;TopSpeed
89;;Patrick Kolb;Bashar Mardini;Alex Fontana;;Porsche 911 GT3 R EVO;17;1:48.375;34.567;247;36.913;249;36.895;230;266
89;;Patrick Kolb;Bashar Mardini;Alex Fontana;;Porsche 911 GT3 R EVO;18;1:48.478;34.606;247;36.940;249;36.932;229;265
89;;Patrick Kolb;Bashar Mardini;Alex Fontana;;Porsche 911 GT3 R EVO;19;1:48.228;34.554;246;36.707;249;36.967;230;265
89;;Patrick Kolb;Bashar Mardini;Alex Fontana;;Porsche 911 GT3 R EVO;20;1:48.360;34.518;246;36.902;250;36.940;230;265
89;;Patrick Kolb;Bashar Mardini;Alex Fontana;;Porsche 911 GT3 R EVO;21;1:48.676;34.674;247;37.067;251;36.935;231;265
89;;Patrick Kolb;Bashar Mardini;Alex Fontana;;Porsche 911 GT3 R EVO;22;1:48.457;34.531;248;36.782;252;37.144;230;268
89;;Patrick Kolb;Bashar Mardini;Alex Fontana;;Porsche 911 GT3 R EVO;23;1:51.686;34.647;247;36.814;251;40.225;77;267
89;;Patrick Kolb;Bashar Mardini;Alex Fontana;;Porsche 911 GT3 R EVO;24;4:19.934;1:25.839;79;1:21.693;78;1:32.402;78;79
89;;Patrick Kolb;Bashar Mardini;Alex Fontana;;Porsche 911 GT3 R EVO;25;4:20.516;1:26.165;79;1:21.782;78;1:32.569;78;78
89;;Patrick Kolb;Bashar Mardini;Alex Fontana;;Porsche 911 GT3 R EVO;26;4:23.233;1:26.308;79;1:21.873;78;1:35.052;;78
Bib;Class;Driver1;Driver2;Driver3;Driver4;Car;Lap;Time;Sector1Time;SpeedTrap1;Sector2Time;SpeedTrap2;Sector3Time;SpeedTrap3;TopSpeed
89;;Patrick Kolb;Bashar Mardini;Alex Fontana;;Porsche 911 GT3 R EVO;27;3:21.724;1:59.347;245;41.852;184;40.525;186;143
89;;Patrick Kolb;Bashar Mardini;Alex Fontana;;Porsche 911 GT3 R EVO;28;2:29.736;58.260;127;52.204;223;39.272;230;113
89;;Patrick Kolb;Bashar Mardini;Alex Fontana;;Porsche 911 GT3 R EVO;29;1:50.705;35.063;246;37.618;253;38.024;231;268
89;;Patrick Kolb;Bashar Mardini;Alex Fontana;;Porsche 911 GT3 R EVO;30;1:48.316;34.702;248;36.704;252;36.910;230;272
89;;Patrick Kolb;Bashar Mardini;Alex Fontana;;Porsche 911 GT3 R EVO;31;1:48.771;34.812;248;36.883;252;37.076;231;267
89;;Patrick Kolb;Bashar Mardini;Alex Fontana;;Porsche 911 GT3 R EVO;32;1:48.995;34.876;249;37.201;253;36.918;232;266
89;;Patrick Kolb;Bashar Mardini;Alex Fontana;;Porsche 911 GT3 R EVO;33;1:49.133;34.935;247;36.836;253;37.362;231;269
89;;Patrick Kolb;Bashar Mardini;Alex Fontana;;Porsche 911 GT3 R EVO;34;2:29.462;35.372;249;37.453;238;1:16.637;78;263
89;;Patrick Kolb;Bashar Mardini;Alex Fontana;;Porsche 911 GT3 R EVO;35;1:58.067;43.793;246;37.199;249;37.075;230;228
89;;Patrick Kolb;Bashar Mardini;Alex Fontana;;Porsche 911 GT3 R EVO;36;1:48.391;34.708;249;36.882;250;36.801;230;267
Bib;Class;Driver1;Driver2;Driver3;Driver4;Car;Lap;Time;Sector1Time;SpeedTrap1;Sector2Time;SpeedTrap2;Sector3Time;SpeedTrap3;TopSpeed
89;;Patrick Kolb;Bashar Mardini;Alex Fontana;;Porsche 911 GT3 R EVO;37;1:49.221;35.040;248;36.712;236;37.469;230;269
89;;Patrick Kolb;Bashar Mardini;Alex Fontana;;Porsche 911 GT3 R EVO;38;1:48.275;34.408;250;37.046;253;36.821;233;267
89;;Patrick Kolb;Bashar Mardini;Alex Fontana;;Porsche 911 GT3 R EVO;39;1:48.110;34.494;250;36.895;252;36.721;232;271
89;;Patrick Kolb;Bashar Mardini;Alex Fontana;;Porsche 911 GT3 R EVO;40;1:49.285;34.602;249;37.897;251;36.786;232;273
89;;Patrick Kolb;Bashar Mardini;Alex Fontana;;Porsche 911 GT3 R EVO;41;1:48.463;34.321;248;36.725;253;37.417;231;270
89;;Patrick Kolb;Bashar Mardini;Alex Fontana;;Porsche 911 GT3 R EVO;42;1:48.196;34.400;250;37.028;252;36.768;230;272
89;;Patrick Kolb;Bashar Mardini;Alex Fontana;;Porsche 911 GT3 R EVO;43;3:53.332;58.630;79;1:21.973;77;1:32.729;79;240
89;;Patrick Kolb;Bashar Mardini;Alex Fontana;;Porsche 911 GT3 R EVO;44;4:24.749;1:27.025;79;1:21.781;79;1:35.943;;78
89;;Patrick Kolb;Bashar Mardini;Alex Fontana;;Porsche 911 GT3 R EVO;45;3:43.765;1:53.341;79;1:03.501;185;46.923;204;78
89;;Patrick Kolb;Bashar Mardini;Alex Fontana;;Porsche 911 GT3 R EVO;46;2:44.157;38.885;247;56.613;123;1:08.659;117;188
Bib;Class;Driver1;Driver2;Driver3;Driver4;Car;Lap;Time;Sector1Time;SpeedTrap1;Sector2Time;SpeedTrap2;Sector3Time;SpeedTrap3;TopSpeed
89;;Patrick Kolb;Bashar Mardini;Alex Fontana;;Porsche 911 GT3 R EVO;47;2:51.007;1:05.762;117;55.974;201;49.271;232;67
89;;Patrick Kolb;Bashar Mardini;Alex Fontana;;Porsche 911 GT3 R EVO;48;1:49.426;35.193;248;37.066;252;37.167;233;263
89;;Patrick Kolb;Bashar Mardini;Alex Fontana;;Porsche 911 GT3 R EVO;49;1:50.968;36.810;249;37.187;252;36.971;231;270
89;;Patrick Kolb;Bashar Mardini;Alex Fontana;;Porsche 911 GT3 R EVO;50;1:48.806;34.747;247;37.071;252;36.988;232;270
89;;Patrick Kolb;Bashar Mardini;Alex Fontana;;Porsche 911 GT3 R EVO;51;1:49.195;34.458;250;37.238;253;37.499;232;270
89;;Patrick Kolb;Bashar Mardini;Alex Fontana;;Porsche 911 GT3 R EVO;52;1:49.742;35.006;244;37.674;252;37.062;231;255
89;;Patrick Kolb;Bashar Mardini;Alex Fontana;;Porsche 911 GT3 R EVO;53;1:48.814;34.565;250;37.283;251;36.966;231;269
89;;Patrick Kolb;Bashar Mardini;Alex Fontana;;Porsche 911 GT3 R EVO;54;1:48.527;34.454;248;36.732;251;37.341;232;267
89;;Patrick Kolb;Bashar Mardini;Alex Fontana;;Porsche 911 GT3 R EVO;55;1:49.679;34.628;248;36.963;253;38.088;235;267
89;;Patrick Kolb;Bashar Mardini;Alex Fontana;;Porsche 911 GT3 R EVO;56;1:49.311;35.303;250;37.109;251;36.899;230;262
Bib;Class;Driver1;Driver2;Driver3;Driver4;Car;Lap;Time;Sector1Time;SpeedTrap1;Sector2Time;SpeedTrap2;Sector3Time;SpeedTrap3;TopSpeed
89;;Patrick Kolb;Bashar Mardini;Alex Fontana;;Porsche 911 GT3 R EVO;57;1:48.866;35.017;249;36.697;251;37.152;231;268
89;;Patrick Kolb;Bashar Mardini;Alex Fontana;;Porsche 911 GT3 R EVO;58;1:49.128;34.410;248;36.748;254;37.970;229;268
89;;Patrick Kolb;Bashar Mardini;Alex Fontana;;Porsche 911 GT3 R EVO;59;1:48.817;34.590;248;37.069;248;37.158;230;268
89;;Patrick Kolb;Bashar Mardini;Alex Fontana;;Porsche 911 GT3 R EVO;60;1:58.575;34.505;245;36.844;250;47.226;;265
89;;Patrick Kolb;Bashar Mardini;Alex Fontana;;Porsche 911 GT3 R EVO;61;3:07.823;1:53.137;246;37.542;248;37.144;229;204
89;;Patrick Kolb;Bashar Mardini;Alex Fontana;;Porsche 911 GT3 R EVO;62;1:48.023;34.508;247;36.828;250;36.687;231;265
89;;Patrick Kolb;Bashar Mardini;Alex Fontana;;Porsche 911 GT3 R EVO;63;1:47.622;34.332;247;36.637;250;36.653;231;269
89;;Patrick Kolb;Bashar Mardini;Alex Fontana;;Porsche 911 GT3 R EVO;64;1:47.429;34.280;248;36.489;251;36.660;231;268
89;;Patrick Kolb;Bashar Mardini;Alex Fontana;;Porsche 911 GT3 R EVO;65;1:47.565;34.358;247;36.475;252;36.732;231;269
89;;Patrick Kolb;Bashar Mardini;Alex Fontana;;Porsche 911 GT3 R EVO;66;1:47.678;34.222;249;36.664;250;36.792;231;270
Bib;Class;Driver1;Driver2;Driver3;Driver4;Car;Lap;Time;Sector1Time;SpeedTrap1;Sector2Time;SpeedTrap2;Sector3Time;SpeedTrap3;TopSpeed
89;;Patrick Kolb;Bashar Mardini;Alex Fontana;;Porsche 911 GT3 R EVO;67;1:47.578;34.327;248;36.625;251;36.626;231;268
89;;Patrick Kolb;Bashar Mardini;Alex Fontana;;Porsche 911 GT3 R EVO;68;1:47.336;34.218;248;36.468;251;36.650;231;269
89;;Patrick Kolb;Bashar Mardini;Alex Fontana;;Porsche 911 GT3 R EVO;69;1:47.997;34.858;245;36.628;250;36.511;231;269
89;;Patrick Kolb;Bashar Mardini;Alex Fontana;;Porsche 911 GT3 R EVO;70;1:47.964;34.218;249;36.505;251;37.241;231;267
89;;Patrick Kolb;Bashar Mardini;Alex Fontana;;Porsche 911 GT3 R EVO;71;1:48.655;34.579;248;36.819;251;37.257;231;266
89;;Patrick Kolb;Bashar Mardini;Alex Fontana;;Porsche 911 GT3 R EVO;72;3:29.921;35.874;92;1:21.805;79;1:32.242;79;269
89;;Patrick Kolb;Bashar Mardini;Alex Fontana;;Porsche 911 GT3 R EVO;73;4:20.581;1:26.505;79;1:21.748;79;1:32.328;78;79
89;;Patrick Kolb;Bashar Mardini;Alex Fontana;;Porsche 911 GT3 R EVO;74;3:37.837;1:26.911;79;1:20.535;133;50.391;200;78
89;;Patrick Kolb;Bashar Mardini;Alex Fontana;;Porsche 911 GT3 R EVO;75;1:58.060;39.597;227;39.120;221;39.343;221;216
89;;Patrick Kolb;Bashar Mardini;Alex Fontana;;Porsche 911 GT3 R EVO;76;2:07.824;38.193;141;48.886;205;40.745;229;245
Bib;Class;Driver1;Driver2;Driver3;Driver4;Car;Lap;Time;Sector1Time;SpeedTrap1;Sector2Time;SpeedTrap2;Sector3Time;SpeedTrap3;TopSpeed
89;;Patrick Kolb;Bashar Mardini;Alex Fontana;;Porsche 911 GT3 R EVO;77;1:52.751;35.259;252;38.983;256;38.509;232;266
89;;Patrick Kolb;Bashar Mardini;Alex Fontana;;Porsche 911 GT3 R EVO;78;2:07.785;36.823;248;49.051;165;41.911;174;221
89;;Patrick Kolb;Bashar Mardini;Alex Fontana;;Porsche 911 GT3 R EVO;79;4:08.973;1:31.867;61;1:24.949;81;1:12.157;114;19
91;;Ralf Bohn;Huub van Eijndhoven;Robert Renauer;;Porsche 911 GT3 R EVO;1;2:55.337;48.227;237;47.416;123;1:19.694;51;164
91;;Ralf Bohn;Huub van Eijndhoven;Robert Renauer;;Porsche 911 GT3 R EVO;2;4:28.548;1:47.944;101;1:20.667;75;1:19.937;84;82
91;;Ralf Bohn;Huub van Eijndhoven;Robert Renauer;;Porsche 911 GT3 R EVO;3;3:20.114;1:19.335;97;1:04.776;139;56.003;118;28
91;;Ralf Bohn;Huub van Eijndhoven;Robert Renauer;;Porsche 911 GT3 R EVO;4;2:45.134;1:03.675;144;54.943;147;46.516;190;81
91;;Ralf Bohn;Huub van Eijndhoven;Robert Renauer;;Porsche 911 GT3 R EVO;5;2:27.369;40.920;168;55.302;167;51.147;158;232
91;;Ralf Bohn;Huub van Eijndhoven;Robert Renauer;;Porsche 911 GT3 R EVO;6;2:44.211;56.291;119;56.932;155;50.988;228;91
91;;Ralf Bohn;Huub van Eijndhoven;Robert Renauer;;Porsche 911 GT3 R EVO;7;1:51.345;35.917;247;37.746;248;37.682;228;243
Bib;Class;Driver1;Driver2;Driver3;Driver4;Car;Lap;Time;Sector1Time;SpeedTrap1;Sector2Time;SpeedTrap2;Sector3Time;SpeedTrap3;TopSpeed
91;;Ralf Bohn;Huub van Eijndhoven;Robert Renauer;;Porsche 911 GT3 R EVO;8;1:49.916;34.984;247;37.441;248;37.491;229;265
91;;Ralf Bohn;Huub van Eijndhoven;Robert Renauer;;Porsche 911 GT3 R EVO;9;1:49.458;34.870;246;37.432;248;37.156;229;265
91;;Ralf Bohn;Huub van Eijndhoven;Robert Renauer;;Porsche 911 GT3 R EVO;10;1:49.059;34.678;248;37.040;250;37.341;229;263
91;;Ralf Bohn;Huub van Eijndhoven;Robert Renauer;;Porsche 911 GT3 R EVO;11;1:48.305;34.467;247;36.693;249;37.145;227;265
91;;Ralf Bohn;Huub van Eijndhoven;Robert Renauer;;Porsche 911 GT3 R EVO;12;1:49.232;34.960;248;37.254;249;37.018;232;264
91;;Ralf Bohn;Huub van Eijndhoven;Robert Renauer;;Porsche 911 GT3 R EVO;13;1:48.687;34.384;248;37.164;249;37.139;232;267
91;;Ralf Bohn;Huub van Eijndhoven;Robert Renauer;;Porsche 911 GT3 R EVO;14;1:51.007;35.065;248;38.823;248;37.119;232;265
91;;Ralf Bohn;Huub van Eijndhoven;Robert Renauer;;Porsche 911 GT3 R EVO;15;1:48.099;34.337;249;36.948;249;36.814;232;268
91;;Ralf Bohn;Huub van Eijndhoven;Robert Renauer;;Porsche 911 GT3 R EVO;16;1:47.661;34.218;248;36.702;250;36.741;231;267
91;;Ralf Bohn;Huub van Eijndhoven;Robert Renauer;;Porsche 911 GT3 R EVO;17;1:48.196;34.413;249;36.933;251;36.850;231;265
Bib;Class;Driver1;Driver2;Driver3;Driver4;Car;Lap;Time;Sector1Time;SpeedTrap1;Sector2Time;SpeedTrap2;Sector3Time;SpeedTrap3;TopSpeed
91;;Ralf Bohn;Huub van Eijndhoven;Robert Renauer;;Porsche 911 GT3 R EVO;18;1:47.982;34.324;248;36.780;252;36.878;231;267
91;;Ralf Bohn;Huub van Eijndhoven;Robert Renauer;;Porsche 911 GT3 R EVO;19;1:48.114;34.246;249;37.012;252;36.856;230;267
91;;Ralf Bohn;Huub van Eijndhoven;Robert Renauer;;Porsche 911 GT3 R EVO;20;1:48.458;34.764;248;36.840;251;36.854;230;266
91;;Ralf Bohn;Huub van Eijndhoven;Robert Renauer;;Porsche 911 GT3 R EVO;21;1:48.210;34.553;248;36.730;250;36.927;231;266
91;;Ralf Bohn;Huub van Eijndhoven;Robert Renauer;;Porsche 911 GT3 R EVO;22;1:47.865;34.385;248;36.654;251;36.826;232;265
91;;Ralf Bohn;Huub van Eijndhoven;Robert Renauer;;Porsche 911 GT3 R EVO;23;1:48.375;34.383;247;37.019;250;36.973;231;267
91;;Ralf Bohn;Huub van Eijndhoven;Robert Renauer;;Porsche 911 GT3 R EVO;24;3:48.101;51.050;78;1:21.946;78;1:35.105;;265
91;;Ralf Bohn;Huub van Eijndhoven;Robert Renauer;;Porsche 911 GT3 R EVO;25;5:22.629;2:27.856;78;1:22.081;78;1:32.692;78;78
91;;Ralf Bohn;Huub van Eijndhoven;Robert Renauer;;Porsche 911 GT3 R EVO;26;4:21.458;1:26.615;78;1:22.061;78;1:32.782;78;78
91;;Ralf Bohn;Huub van Eijndhoven;Robert Renauer;;Porsche 911 GT3 R EVO;27;3:02.914;1:26.809;78;49.138;189;46.967;111;78
Bib;Class;Driver1;Driver2;Driver3;Driver4;Car;Lap;Time;Sector1Time;SpeedTrap1;Sector2Time;SpeedTrap2;Sector3Time;SpeedTrap3;TopSpeed
91;;Ralf Bohn;Huub van Eijndhoven;Robert Renauer;;Porsche 911 GT3 R EVO;28;2:40.900;1:06.080;112;51.730;223;43.090;232;91
91;;Ralf Bohn;Huub van Eijndhoven;Robert Renauer;;Porsche 911 GT3 R EVO;29;1:51.908;35.301;252;39.112;252;37.495;230;269
91;;Ralf Bohn;Huub van Eijndhoven;Robert Renauer;;Porsche 911 GT3 R EVO;30;1:50.611;34.949;255;38.461;253;37.201;230;266
91;;Ralf Bohn;Huub van Eijndhoven;Robert Renauer;;Porsche 911 GT3 R EVO;31;1:48.870;34.545;250;37.217;252;37.108;232;269
91;;Ralf Bohn;Huub van Eijndhoven;Robert Renauer;;Porsche 911 GT3 R EVO;32;1:48.916;34.566;250;37.005;253;37.345;231;269
91;;Ralf Bohn;Huub van Eijndhoven;Robert Renauer;;Porsche 911 GT3 R EVO;33;1:50.891;34.750;252;38.622;253;37.519;232;271
91;;Ralf Bohn;Huub van Eijndhoven;Robert Renauer;;Porsche 911 GT3 R EVO;34;2:20.452;34.761;250;36.985;237;1:08.706;78;268
91;;Ralf Bohn;Huub van Eijndhoven;Robert Renauer;;Porsche 911 GT3 R EVO;35;2:05.135;51.325;248;36.802;251;37.008;231;198
91;;Ralf Bohn;Huub van Eijndhoven;Robert Renauer;;Porsche 911 GT3 R EVO;36;1:48.673;34.497;250;37.101;250;37.075;231;268
91;;Ralf Bohn;Huub van Eijndhoven;Robert Renauer;;Porsche 911 GT3 R EVO;37;1:48.604;34.521;250;36.763;250;37.320;230;268
Bib;Class;Driver1;Driver2;Driver3;Driver4;Car;Lap;Time;Sector1Time;SpeedTrap1;Sector2Time;SpeedTrap2;Sector3Time;SpeedTrap3;TopSpeed
91;;Ralf Bohn;Huub van Eijndhoven;Robert Renauer;;Porsche 911 GT3 R EVO;38;1:55.662;34.731;249;36.647;250;44.284;;266
91;;Ralf Bohn;Huub van Eijndhoven;Robert Renauer;;Porsche 911 GT3 R EVO;39;2:12.334;58.751;246;36.929;250;36.654;231;204
91;;Ralf Bohn;Huub van Eijndhoven;Robert Renauer;;Porsche 911 GT3 R EVO;40;1:47.762;34.485;248;36.690;251;36.587;232;267
91;;Ralf Bohn;Huub van Eijndhoven;Robert Renauer;;Porsche 911 GT3 R EVO;41;1:47.551;34.446;249;36.446;252;36.659;232;267
91;;Ralf Bohn;Huub van Eijndhoven;Robert Renauer;;Porsche 911 GT3 R EVO;42;1:56.268;34.235;250;36.906;255;45.127;78;269
91;;Ralf Bohn;Huub van Eijndhoven;Robert Renauer;;Porsche 911 GT3 R EVO;43;4:20.920;1:26.203;78;1:22.035;78;1:32.682;78;78
91;;Ralf Bohn;Huub van Eijndhoven;Robert Renauer;;Porsche 911 GT3 R EVO;44;4:24.568;1:26.644;78;1:22.055;78;1:35.869;;78
91;;Ralf Bohn;Huub van Eijndhoven;Robert Renauer;;Porsche 911 GT3 R EVO;45;3:24.861;2:06.171;221;39.008;241;39.682;227;78
91;;Ralf Bohn;Huub van Eijndhoven;Robert Renauer;;Porsche 911 GT3 R EVO;46;2:13.280;35.624;248;37.799;250;59.857;133;233
91;;Ralf Bohn;Huub van Eijndhoven;Robert Renauer;;Porsche 911 GT3 R EVO;47;2:45.508;1:05.971;123;54.410;208;45.127;232;58
Bib;Class;Driver1;Driver2;Driver3;Driver4;Car;Lap;Time;Sector1Time;SpeedTrap1;Sector2Time;SpeedTrap2;Sector3Time;SpeedTrap3;TopSpeed
91;;Ralf Bohn;Huub van Eijndhoven;Robert Renauer;;Porsche 911 GT3 R EVO;48;1:50.587;35.135;247;38.219;244;37.233;230;258
91;;Ralf Bohn;Huub van Eijndhoven;Robert Renauer;;Porsche 911 GT3 R EVO;49;1:48.941;34.898;246;36.900;252;37.143;231;268
91;;Ralf Bohn;Huub van Eijndhoven;Robert Renauer;;Porsche 911 GT3 R EVO;50;1:48.902;34.511;249;37.215;254;37.176;231;271
91;;Ralf Bohn;Huub van Eijndhoven;Robert Renauer;;Porsche 911 GT3 R EVO;51;1:50.248;34.620;249;36.926;255;38.702;230;269
91;;Ralf Bohn;Huub van Eijndhoven;Robert Renauer;;Porsche 911 GT3 R EVO;52;1:48.331;34.384;248;36.900;251;37.047;231;270
91;;Ralf Bohn;Huub van Eijndhoven;Robert Renauer;;Porsche 911 GT3 R EVO;53;1:48.084;34.482;249;36.717;252;36.885;231;269
91;;Ralf Bohn;Huub van Eijndhoven;Robert Renauer;;Porsche 911 GT3 R EVO;54;1:47.979;34.460;249;36.579;254;36.940;233;269
91;;Ralf Bohn;Huub van Eijndhoven;Robert Renauer;;Porsche 911 GT3 R EVO;55;1:49.780;34.424;250;37.859;254;37.497;233;274
91;;Ralf Bohn;Huub van Eijndhoven;Robert Renauer;;Porsche 911 GT3 R EVO;56;1:49.471;34.919;251;37.526;253;37.026;232;272
91;;Ralf Bohn;Huub van Eijndhoven;Robert Renauer;;Porsche 911 GT3 R EVO;57;1:48.617;34.560;250;36.948;255;37.109;232;269
Bib;Class;Driver1;Driver2;Driver3;Driver4;Car;Lap;Time;Sector1Time;SpeedTrap1;Sector2Time;SpeedTrap2;Sector3Time;SpeedTrap3;TopSpeed
91;;Ralf Bohn;Huub van Eijndhoven;Robert Renauer;;Porsche 911 GT3 R EVO;58;1:48.429;34.442;250;36.828;255;37.159;232;272
91;;Ralf Bohn;Huub van Eijndhoven;Robert Renauer;;Porsche 911 GT3 R EVO;59;1:48.864;34.412;250;37.092;253;37.360;232;271
91;;Ralf Bohn;Huub van Eijndhoven;Robert Renauer;;Porsche 911 GT3 R EVO;60;1:49.043;34.317;250;36.975;253;37.751;230;270
91;;Ralf Bohn;Huub van Eijndhoven;Robert Renauer;;Porsche 911 GT3 R EVO;61;1:48.376;34.580;250;36.883;253;36.913;231;267
91;;Ralf Bohn;Huub van Eijndhoven;Robert Renauer;;Porsche 911 GT3 R EVO;62;1:48.349;34.347;250;36.923;251;37.079;232;269
91;;Ralf Bohn;Huub van Eijndhoven;Robert Renauer;;Porsche 911 GT3 R EVO;63;1:47.650;34.184;250;36.539;252;36.927;231;269
91;;Ralf Bohn;Huub van Eijndhoven;Robert Renauer;;Porsche 911 GT3 R EVO;64;1:47.777;34.182;250;36.720;253;36.875;233;270
91;;Ralf Bohn;Huub van Eijndhoven;Robert Renauer;;Porsche 911 GT3 R EVO;65;1:47.644;34.227;249;36.506;253;36.911;232;270
91;;Ralf Bohn;Huub van Eijndhoven;Robert Renauer;;Porsche 911 GT3 R EVO;66;1:47.405;34.203;250;36.451;253;36.751;232;271
91;;Ralf Bohn;Huub van Eijndhoven;Robert Renauer;;Porsche 911 GT3 R EVO;67;1:47.858;34.368;249;36.593;252;36.897;233;271
Bib;Class;Driver1;Driver2;Driver3;Driver4;Car;Lap;Time;Sector1Time;SpeedTrap1;Sector2Time;SpeedTrap2;Sector3Time;SpeedTrap3;TopSpeed
91;;Ralf Bohn;Huub van Eijndhoven;Robert Renauer;;Porsche 911 GT3 R EVO;68;1:49.666;34.186;248;37.503;249;37.977;229;270
91;;Ralf Bohn;Huub van Eijndhoven;Robert Renauer;;Porsche 911 GT3 R EVO;69;1:47.893;34.414;248;36.525;251;36.954;230;267
91;;Ralf Bohn;Huub van Eijndhoven;Robert Renauer;;Porsche 911 GT3 R EVO;70;1:47.684;34.343;248;36.533;251;36.808;232;267
91;;Ralf Bohn;Huub van Eijndhoven;Robert Renauer;;Porsche 911 GT3 R EVO;71;1:47.547;34.230;248;36.399;250;36.918;232;268
91;;Ralf Bohn;Huub van Eijndhoven;Robert Renauer;;Porsche 911 GT3 R EVO;72;1:49.066;34.302;248;37.425;249;37.339;231;267
91;;Ralf Bohn;Huub van Eijndhoven;Robert Renauer;;Porsche 911 GT3 R EVO;73;4:12.024;1:14.242;78;1:21.909;78;1:35.873;;78
91;;Ralf Bohn;Huub van Eijndhoven;Robert Renauer;;Porsche 911 GT3 R EVO;74;5:22.629;2:28.003;78;1:22.024;78;1:32.602;78;78
91;;Ralf Bohn;Huub van Eijndhoven;Robert Renauer;;Porsche 911 GT3 R EVO;75;2:38.717;1:02.157;208;39.987;231;56.573;126;100
91;;Ralf Bohn;Huub van Eijndhoven;Robert Renauer;;Porsche 911 GT3 R EVO;76;3:04.412;1:03.987;129;51.057;211;1:09.368;220;111
91;;Ralf Bohn;Huub van Eijndhoven;Robert Renauer;;Porsche 911 GT3 R EVO;77;1:51.444;35.302;248;37.999;251;38.143;229;262
Bib;Class;Driver1;Driver2;Driver3;Driver4;Car;Lap;Time;Sector1Time;SpeedTrap1;Sector2Time;SpeedTrap2;Sector3Time;SpeedTrap3;TopSpeed
91;;Ralf Bohn;Huub van Eijndhoven;Robert Renauer;;Porsche 911 GT3 R EVO;78;2:09.424;36.799;200;50.465;185;42.160;184;214
91;;Ralf Bohn;Huub van Eijndhoven;Robert Renauer;;Porsche 911 GT3 R EVO;79;4:14.166;1:37.061;63;1:22.954;89;1:14.151;78;32
93;;Jonathan Hui;Chris Froggatt;Eddie Cheever;;Porsche 911 GT3 R EVO;1;3:03.826;50.090;221;51.663;121;1:22.073;55;157
93;;Jonathan Hui;Chris Froggatt;Eddie Cheever;;Porsche 911 GT3 R EVO;2;4:31.416;1:53.618;121;1:18.169;83;1:19.629;89;79
93;;Jonathan Hui;Chris Froggatt;Eddie Cheever;;Porsche 911 GT3 R EVO;3;3:16.175;1:15.375;94;1:06.153;109;54.647;138;33
93;;Jonathan Hui;Chris Froggatt;Eddie Cheever;;Porsche 911 GT3 R EVO;4;2:42.356;1:02.496;139;52.706;123;47.154;164;104
93;;Jonathan Hui;Chris Froggatt;Eddie Cheever;;Porsche 911 GT3 R EVO;5;2:32.430;40.584;175;54.099;174;57.747;;196
93;;Jonathan Hui;Chris Froggatt;Eddie Cheever;;Porsche 911 GT3 R EVO;6;3:12.851;1:56.214;243;38.372;245;38.265;227;200
93;;Jonathan Hui;Chris Froggatt;Eddie Cheever;;Porsche 911 GT3 R EVO;7;1:51.027;35.261;244;37.868;245;37.898;227;261
93;;Jonathan Hui;Chris Froggatt;Eddie Cheever;;Porsche 911 GT3 R EVO;8;1:50.396;35.177;244;37.695;246;37.524;228;263
Bib;Class;Driver1;Driver2;Driver3;Driver4;Car;Lap;Time;Sector1Time;SpeedTrap1;Sector2Time;SpeedTrap2;Sector3Time;SpeedTrap3;TopSpeed
93;;Jonathan Hui;Chris Froggatt;Eddie Cheever;;Porsche 911 GT3 R EVO;9;1:49.546;34.947;245;37.137;247;37.462;228;263
93;;Jonathan Hui;Chris Froggatt;Eddie Cheever;;Porsche 911 GT3 R EVO;10;1:49.662;34.890;244;37.082;247;37.690;229;263
93;;Jonathan Hui;Chris Froggatt;Eddie Cheever;;Porsche 911 GT3 R EVO;11;1:49.223;34.745;245;37.090;246;37.388;229;264
93;;Jonathan Hui;Chris Froggatt;Eddie Cheever;;Porsche 911 GT3 R EVO;12;1:48.887;34.616;246;37.035;248;37.236;230;265
93;;Jonathan Hui;Chris Froggatt;Eddie Cheever;;Porsche 911 GT3 R EVO;13;1:49.698;34.604;245;37.232;247;37.862;228;266
93;;Jonathan Hui;Chris Froggatt;Eddie Cheever;;Porsche 911 GT3 R EVO;14;1:49.418;34.786;246;37.178;248;37.454;229;263
93;;Jonathan Hui;Chris Froggatt;Eddie Cheever;;Porsche 911 GT3 R EVO;15;1:49.494;34.631;247;37.257;248;37.606;227;264
93;;Jonathan Hui;Chris Froggatt;Eddie Cheever;;Porsche 911 GT3 R EVO;16;1:50.225;35.615;247;37.197;248;37.413;228;258
93;;Jonathan Hui;Chris Froggatt;Eddie Cheever;;Porsche 911 GT3 R EVO;17;1:49.281;34.853;245;37.107;249;37.321;229;262
93;;Jonathan Hui;Chris Froggatt;Eddie Cheever;;Porsche 911 GT3 R EVO;18;1:49.390;34.868;245;37.116;248;37.406;227;263
Bib;Class;Driver1;Driver2;Driver3;Driver4;Car;Lap;Time;Sector1Time;SpeedTrap1;Sector2Time;SpeedTrap2;Sector3Time;SpeedTrap3;TopSpeed
93;;Jonathan Hui;Chris Froggatt;Eddie Cheever;;Porsche 911 GT3 R EVO;19;1:49.152;34.781;246;37.121;248;37.250;229;263
93;;Jonathan Hui;Chris Froggatt;Eddie Cheever;;Porsche 911 GT3 R EVO;20;1:48.466;34.586;246;36.872;249;37.008;230;263
93;;Jonathan Hui;Chris Froggatt;Eddie Cheever;;Porsche 911 GT3 R EVO;21;1:48.683;34.635;245;36.972;249;37.076;229;264
93;;Jonathan Hui;Chris Froggatt;Eddie Cheever;;Porsche 911 GT3 R EVO;22;1:48.548;34.688;246;36.803;250;37.057;230;263
93;;Jonathan Hui;Chris Froggatt;Eddie Cheever;;Porsche 911 GT3 R EVO;23;2:31.840;34.584;246;36.930;250;1:20.326;78;263
93;;Jonathan Hui;Chris Froggatt;Eddie Cheever;;Porsche 911 GT3 R EVO;24;4:22.196;1:26.832;78;1:22.291;78;1:33.073;78;78
93;;Jonathan Hui;Chris Froggatt;Eddie Cheever;;Porsche 911 GT3 R EVO;25;4:22.408;1:26.994;78;1:22.298;78;1:33.116;78;78
93;;Jonathan Hui;Chris Froggatt;Eddie Cheever;;Porsche 911 GT3 R EVO;26;4:25.878;1:27.236;78;1:22.462;78;1:36.180;;78
93;;Jonathan Hui;Chris Froggatt;Eddie Cheever;;Porsche 911 GT3 R EVO;27;3:05.909;1:51.296;245;37.342;248;37.271;229;202
93;;Jonathan Hui;Chris Froggatt;Eddie Cheever;;Porsche 911 GT3 R EVO;28;1:49.027;34.799;246;36.932;249;37.296;229;263
Bib;Class;Driver1;Driver2;Driver3;Driver4;Car;Lap;Time;Sector1Time;SpeedTrap1;Sector2Time;SpeedTrap2;Sector3Time;SpeedTrap3;TopSpeed
93;;Jonathan Hui;Chris Froggatt;Eddie Cheever;;Porsche 911 GT3 R EVO;29;1:48.587;34.770;246;36.781;249;37.036;229;265
93;;Jonathan Hui;Chris Froggatt;Eddie Cheever;;Porsche 911 GT3 R EVO;30;1:48.479;34.686;245;36.778;249;37.015;227;265
93;;Jonathan Hui;Chris Froggatt;Eddie Cheever;;Porsche 911 GT3 R EVO;31;1:49.094;34.740;246;37.103;250;37.251;228;263
93;;Jonathan Hui;Chris Froggatt;Eddie Cheever;;Porsche 911 GT3 R EVO;32;1:49.894;35.022;245;37.787;244;37.085;228;266
93;;Jonathan Hui;Chris Froggatt;Eddie Cheever;;Porsche 911 GT3 R EVO;33;1:48.332;34.669;245;36.777;249;36.886;228;263
93;;Jonathan Hui;Chris Froggatt;Eddie Cheever;;Porsche 911 GT3 R EVO;34;2:32.013;34.678;244;36.720;248;1:20.615;186;263
93;;Jonathan Hui;Chris Froggatt;Eddie Cheever;;Porsche 911 GT3 R EVO;35;1:49.837;35.793;246;37.008;248;37.036;230;252
93;;Jonathan Hui;Chris Froggatt;Eddie Cheever;;Porsche 911 GT3 R EVO;36;1:48.348;34.638;245;36.764;249;36.946;229;265
93;;Jonathan Hui;Chris Froggatt;Eddie Cheever;;Porsche 911 GT3 R EVO;37;1:48.165;34.622;246;36.680;250;36.863;229;265
93;;Jonathan Hui;Chris Froggatt;Eddie Cheever;;Porsche 911 GT3 R EVO;38;1:49.051;34.495;248;37.396;250;37.160;230;266
Bib;Class;Driver1;Driver2;Driver3;Driver4;Car;Lap;Time;Sector1Time;SpeedTrap1;Sector2Time;SpeedTrap2;Sector3Time;SpeedTrap3;TopSpeed
93;;Jonathan Hui;Chris Froggatt;Eddie Cheever;;Porsche 911 GT3 R EVO;39;1:48.846;34.919;247;36.969;250;36.958;230;262
93;;Jonathan Hui;Chris Froggatt;Eddie Cheever;;Porsche 911 GT3 R EVO;40;1:48.072;34.467;245;36.603;250;37.002;229;265
93;;Jonathan Hui;Chris Froggatt;Eddie Cheever;;Porsche 911 GT3 R EVO;41;1:48.350;34.455;246;36.948;250;36.947;229;265
93;;Jonathan Hui;Chris Froggatt;Eddie Cheever;;Porsche 911 GT3 R EVO;42;1:49.696;36.059;246;36.729;250;36.908;230;265
93;;Jonathan Hui;Chris Froggatt;Eddie Cheever;;Porsche 911 GT3 R EVO;43;3:57.657;59.081;78;1:22.392;78;1:36.184;;265
93;;Jonathan Hui;Chris Froggatt;Eddie Cheever;;Porsche 911 GT3 R EVO;44;4:47.688;1:51.909;78;1:22.493;78;1:33.286;78;78
93;;Jonathan Hui;Chris Froggatt;Eddie Cheever;;Porsche 911 GT3 R EVO;45;3:12.905;1:27.194;78;1:00.512;163;45.199;204;78
93;;Jonathan Hui;Chris Froggatt;Eddie Cheever;;Porsche 911 GT3 R EVO;46;2:42.936;38.363;244;57.298;141;1:07.275;128;174
93;;Jonathan Hui;Chris Froggatt;Eddie Cheever;;Porsche 911 GT3 R EVO;47;2:50.907;1:06.363;89;55.740;190;48.804;231;78
93;;Jonathan Hui;Chris Froggatt;Eddie Cheever;;Porsche 911 GT3 R EVO;48;1:49.618;35.146;246;37.311;250;37.161;230;256
Bib;Class;Driver1;Driver2;Driver3;Driver4;Car;Lap;Time;Sector1Time;SpeedTrap1;Sector2Time;SpeedTrap2;Sector3Time;SpeedTrap3;TopSpeed
93;;Jonathan Hui;Chris Froggatt;Eddie Cheever;;Porsche 911 GT3 R EVO;49;1:50.156;35.415;249;37.633;250;37.108;230;267
93;;Jonathan Hui;Chris Froggatt;Eddie Cheever;;Porsche 911 GT3 R EVO;50;1:48.590;34.545;248;36.857;252;37.188;232;267
93;;Jonathan Hui;Chris Froggatt;Eddie Cheever;;Porsche 911 GT3 R EVO;51;1:49.059;34.503;249;37.059;253;37.497;231;269
93;;Jonathan Hui;Chris Froggatt;Eddie Cheever;;Porsche 911 GT3 R EVO;52;1:49.095;34.763;252;37.228;251;37.104;231;260
93;;Jonathan Hui;Chris Froggatt;Eddie Cheever;;Porsche 911 GT3 R EVO;53;1:48.163;34.374;249;36.871;252;36.918;231;269
93;;Jonathan Hui;Chris Froggatt;Eddie Cheever;;Porsche 911 GT3 R EVO;54;1:48.313;34.317;249;36.794;252;37.202;231;268
93;;Jonathan Hui;Chris Froggatt;Eddie Cheever;;Porsche 911 GT3 R EVO;55;1:50.728;34.515;249;37.975;248;38.238;234;269
93;;Jonathan Hui;Chris Froggatt;Eddie Cheever;;Porsche 911 GT3 R EVO;56;1:56.070;34.948;248;37.142;252;43.980;;267
93;;Jonathan Hui;Chris Froggatt;Eddie Cheever;;Porsche 911 GT3 R EVO;57;3:03.444;1:49.813;245;36.638;248;36.993;230;204
93;;Jonathan Hui;Chris Froggatt;Eddie Cheever;;Porsche 911 GT3 R EVO;58;1:48.803;34.619;246;37.256;249;36.928;230;264
Bib;Class;Driver1;Driver2;Driver3;Driver4;Car;Lap;Time;Sector1Time;SpeedTrap1;Sector2Time;SpeedTrap2;Sector3Time;SpeedTrap3;TopSpeed
93;;Jonathan Hui;Chris Froggatt;Eddie Cheever;;Porsche 911 GT3 R EVO;59;1:47.986;34.444;246;36.771;249;36.771;230;265
93;;Jonathan Hui;Chris Froggatt;Eddie Cheever;;Porsche 911 GT3 R EVO;60;1:47.638;34.488;246;36.551;250;36.599;230;265
93;;Jonathan Hui;Chris Froggatt;Eddie Cheever;;Porsche 911 GT3 R EVO;61;1:47.799;34.485;246;36.660;248;36.654;229;265
93;;Jonathan Hui;Chris Froggatt;Eddie Cheever;;Porsche 911 GT3 R EVO;62;1:47.900;34.498;246;36.671;249;36.731;230;265
93;;Jonathan Hui;Chris Froggatt;Eddie Cheever;;Porsche 911 GT3 R EVO;63;1:47.542;34.465;246;36.446;250;36.631;231;266
93;;Jonathan Hui;Chris Froggatt;Eddie Cheever;;Porsche 911 GT3 R EVO;64;1:47.703;34.355;248;36.505;250;36.843;230;267
93;;Jonathan Hui;Chris Froggatt;Eddie Cheever;;Porsche 911 GT3 R EVO;65;1:48.647;34.388;248;36.946;248;37.313;231;267
93;;Jonathan Hui;Chris Froggatt;Eddie Cheever;;Porsche 911 GT3 R EVO;66;1:48.126;34.609;248;36.693;250;36.824;230;268
93;;Jonathan Hui;Chris Froggatt;Eddie Cheever;;Porsche 911 GT3 R EVO;67;1:47.983;34.458;248;36.835;250;36.690;230;269
93;;Jonathan Hui;Chris Froggatt;Eddie Cheever;;Porsche 911 GT3 R EVO;68;1:47.780;34.431;247;36.516;251;36.833;230;268
Bib;Class;Driver1;Driver2;Driver3;Driver4;Car;Lap;Time;Sector1Time;SpeedTrap1;Sector2Time;SpeedTrap2;Sector3Time;SpeedTrap3;TopSpeed
93;;Jonathan Hui;Chris Froggatt;Eddie Cheever;;Porsche 911 GT3 R EVO;69;1:48.172;34.421;248;36.994;251;36.757;230;267
93;;Jonathan Hui;Chris Froggatt;Eddie Cheever;;Porsche 911 GT3 R EVO;70;1:47.549;34.325;248;36.596;250;36.628;232;267
93;;Jonathan Hui;Chris Froggatt;Eddie Cheever;;Porsche 911 GT3 R EVO;71;1:50.636;34.389;248;36.793;251;39.454;230;267
93;;Jonathan Hui;Chris Froggatt;Eddie Cheever;;Porsche 911 GT3 R EVO;72;3:23.483;34.485;245;1:16.189;78;1:32.809;78;268
93;;Jonathan Hui;Chris Froggatt;Eddie Cheever;;Porsche 911 GT3 R EVO;73;4:22.196;1:27.275;78;1:22.155;78;1:32.766;78;78
93;;Jonathan Hui;Chris Froggatt;Eddie Cheever;;Porsche 911 GT3 R EVO;74;3:39.257;1:27.211;78;1:22.345;78;49.701;171;78
93;;Jonathan Hui;Chris Froggatt;Eddie Cheever;;Porsche 911 GT3 R EVO;75;1:57.389;37.502;237;39.981;231;39.906;229;244
93;;Jonathan Hui;Chris Froggatt;Eddie Cheever;;Porsche 911 GT3 R EVO;76;2:16.008;41.856;105;48.842;216;45.310;230;253
93;;Jonathan Hui;Chris Froggatt;Eddie Cheever;;Porsche 911 GT3 R EVO;77;1:52.568;36.535;247;38.428;252;37.605;235;253
93;;Jonathan Hui;Chris Froggatt;Eddie Cheever;;Porsche 911 GT3 R EVO;78;2:03.407;35.771;251;44.857;199;42.779;207;266
Bib;Class;Driver1;Driver2;Driver3;Driver4;Car;Lap;Time;Sector1Time;SpeedTrap1;Sector2Time;SpeedTrap2;Sector3Time;SpeedTrap3;TopSpeed
93;;Jonathan Hui;Chris Froggatt;Eddie Cheever;;Porsche 911 GT3 R EVO;79;4:09.387;1:30.389;62;1:27.055;94;1:11.943;96;43
96;;Luca Engstler;Marco Mapelli;Patric Niederhauser;;Lamborghini Temerario GT3;1;2:38.860;43.980;241;40.914;167;1:13.966;84;185
96;;Luca Engstler;Marco Mapelli;Patric Niederhauser;;Lamborghini Temerario GT3;2;4:24.182;1:46.707;80;1:21.815;113;1:15.660;97;27
96;;Luca Engstler;Marco Mapelli;Patric Niederhauser;;Lamborghini Temerario GT3;3;3:24.889;1:23.165;77;1:03.561;156;58.163;103;77
96;;Luca Engstler;Marco Mapelli;Patric Niederhauser;;Lamborghini Temerario GT3;4;2:53.943;1:06.183;133;52.913;195;54.847;;72
96;;Luca Engstler;Marco Mapelli;Patric Niederhauser;;Lamborghini Temerario GT3;5;3:05.655;1:49.833;245;37.884;246;37.938;231;204
96;;Luca Engstler;Marco Mapelli;Patric Niederhauser;;Lamborghini Temerario GT3;6;2:21.544;42.409;112;53.549;163;45.586;232;143
96;;Luca Engstler;Marco Mapelli;Patric Niederhauser;;Lamborghini Temerario GT3;7;1:53.126;35.530;251;38.419;255;39.177;232;244
96;;Luca Engstler;Marco Mapelli;Patric Niederhauser;;Lamborghini Temerario GT3;8;1:53.433;39.023;245;37.057;251;37.353;232;234
96;;Luca Engstler;Marco Mapelli;Patric Niederhauser;;Lamborghini Temerario GT3;9;1:49.379;34.964;247;36.752;253;37.663;235;269
96;;Luca Engstler;Marco Mapelli;Patric Niederhauser;;Lamborghini Temerario GT3;10;1:48.178;34.448;248;36.760;251;36.970;232;267
96;;Luca Engstler;Marco Mapelli;Patric Niederhauser;;Lamborghini Temerario GT3;11;1:49.991;36.093;249;36.885;252;37.013;232;267
96;;Luca Engstler;Marco Mapelli;Patric Niederhauser;;Lamborghini Temerario GT3;12;1:48.030;34.434;248;36.723;250;36.873;232;268
96;;Luca Engstler;Marco Mapelli;Patric Niederhauser;;Lamborghini Temerario GT3;13;1:48.355;34.219;249;36.730;254;37.406;232;269
96;;Luca Engstler;Marco Mapelli;Patric Niederhauser;;Lamborghini Temerario GT3;14;1:49.001;35.096;249;36.804;252;37.101;232;263
96;;Luca Engstler;Marco Mapelli;Patric Niederhauser;;Lamborghini Temerario GT3;15;1:50.080;34.666;250;38.012;252;37.402;233;268
Bib;Class;Driver1;Driver2;Driver3;Driver4;Car;Lap;Time;Sector1Time;SpeedTrap1;Sector2Time;SpeedTrap2;Sector3Time;SpeedTrap3;TopSpeed
96;;Luca Engstler;Marco Mapelli;Patric Niederhauser;;Lamborghini Temerario GT3;16;1:48.693;34.434;250;37.202;252;37.057;232;268
96;;Luca Engstler;Marco Mapelli;Patric Niederhauser;;Lamborghini Temerario GT3;17;1:48.034;34.328;249;36.650;253;37.056;232;268
96;;Luca Engstler;Marco Mapelli;Patric Niederhauser;;Lamborghini Temerario GT3;18;1:48.223;34.314;250;37.007;253;36.902;233;268
96;;Luca Engstler;Marco Mapelli;Patric Niederhauser;;Lamborghini Temerario GT3;19;1:48.104;34.232;250;36.723;255;37.149;232;269
96;;Luca Engstler;Marco Mapelli;Patric Niederhauser;;Lamborghini Temerario GT3;20;1:49.637;34.435;249;36.891;258;38.311;233;267
96;;Luca Engstler;Marco Mapelli;Patric Niederhauser;;Lamborghini Temerario GT3;21;1:49.101;35.089;252;37.144;253;36.868;232;267
96;;Luca Engstler;Marco Mapelli;Patric Niederhauser;;Lamborghini Temerario GT3;22;1:47.505;34.232;249;36.459;254;36.814;232;268
96;;Luca Engstler;Marco Mapelli;Patric Niederhauser;;Lamborghini Temerario GT3;23;1:47.739;34.094;249;36.597;253;37.048;232;269
96;;Luca Engstler;Marco Mapelli;Patric Niederhauser;;Lamborghini Temerario GT3;24;4:02.373;1:04.886;78;1:22.028;78;1:35.459;;78
96;;Luca Engstler;Marco Mapelli;Patric Niederhauser;;Lamborghini Temerario GT3;25;5:30.049;2:32.269;78;1:22.157;78;1:35.623;;78
96;;Luca Engstler;Marco Mapelli;Patric Niederhauser;;Lamborghini Temerario GT3;26;4:36.673;1:41.737;78;1:22.168;78;1:32.768;78;78
96;;Luca Engstler;Marco Mapelli;Patric Niederhauser;;Lamborghini Temerario GT3;27;2:25.656;1:01.674;162;43.769;195;40.213;159;78
96;;Luca Engstler;Marco Mapelli;Patric Niederhauser;;Lamborghini Temerario GT3;28;2:30.439;59.314;106;51.920;206;39.205;231;94
96;;Luca Engstler;Marco Mapelli;Patric Niederhauser;;Lamborghini Temerario GT3;29;1:50.064;34.685;249;37.495;250;37.884;232;261
96;;Luca Engstler;Marco Mapelli;Patric Niederhauser;;Lamborghini Temerario GT3;30;1:50.260;35.001;250;37.720;254;37.539;232;266
96;;Luca Engstler;Marco Mapelli;Patric Niederhauser;;Lamborghini Temerario GT3;31;1:49.494;35.291;248;37.036;253;37.167;232;261
96;;Luca Engstler;Marco Mapelli;Patric Niederhauser;;Lamborghini Temerario GT3;32;1:48.412;34.414;249;36.897;253;37.101;232;264
Bib;Class;Driver1;Driver2;Driver3;Driver4;Car;Lap;Time;Sector1Time;SpeedTrap1;Sector2Time;SpeedTrap2;Sector3Time;SpeedTrap3;TopSpeed
96;;Luca Engstler;Marco Mapelli;Patric Niederhauser;;Lamborghini Temerario GT3;33;1:49.788;34.188;251;37.845;255;37.755;233;269
96;;Luca Engstler;Marco Mapelli;Patric Niederhauser;;Lamborghini Temerario GT3;34;2:25.867;35.908;250;37.121;252;1:12.838;79;268
96;;Luca Engstler;Marco Mapelli;Patric Niederhauser;;Lamborghini Temerario GT3;35;2:01.420;46.531;249;37.645;250;37.244;231;217
96;;Luca Engstler;Marco Mapelli;Patric Niederhauser;;Lamborghini Temerario GT3;36;1:48.626;34.424;249;37.099;251;37.103;231;269
96;;Luca Engstler;Marco Mapelli;Patric Niederhauser;;Lamborghini Temerario GT3;37;1:49.385;34.272;250;38.117;249;36.996;231;267
96;;Luca Engstler;Marco Mapelli;Patric Niederhauser;;Lamborghini Temerario GT3;38;1:48.295;34.347;249;36.736;251;37.212;231;268
96;;Luca Engstler;Marco Mapelli;Patric Niederhauser;;Lamborghini Temerario GT3;39;1:48.013;34.373;249;36.820;252;36.820;232;267
96;;Luca Engstler;Marco Mapelli;Patric Niederhauser;;Lamborghini Temerario GT3;40;1:48.132;34.223;250;36.917;251;36.992;232;267
96;;Luca Engstler;Marco Mapelli;Patric Niederhauser;;Lamborghini Temerario GT3;41;1:48.271;34.150;249;36.986;253;37.135;232;268
96;;Luca Engstler;Marco Mapelli;Patric Niederhauser;;Lamborghini Temerario GT3;42;1:48.371;34.273;249;37.015;252;37.083;233;267
96;;Luca Engstler;Marco Mapelli;Patric Niederhauser;;Lamborghini Temerario GT3;43;3:52.613;54.973;78;1:22.025;78;1:35.615;;264
96;;Luca Engstler;Marco Mapelli;Patric Niederhauser;;Lamborghini Temerario GT3;44;4:40.611;1:45.637;78;1:22.092;78;1:32.882;78;78
96;;Luca Engstler;Marco Mapelli;Patric Niederhauser;;Lamborghini Temerario GT3;45;3:26.821;1:27.163;78;1:11.675;141;47.983;215;78
96;;Luca Engstler;Marco Mapelli;Patric Niederhauser;;Lamborghini Temerario GT3;46;2:44.722;37.952;201;58.068;104;1:08.702;108;215
96;;Luca Engstler;Marco Mapelli;Patric Niederhauser;;Lamborghini Temerario GT3;47;2:52.709;1:05.367;105;55.712;208;51.630;233;78
96;;Luca Engstler;Marco Mapelli;Patric Niederhauser;;Lamborghini Temerario GT3;48;1:50.070;35.058;250;37.525;253;37.487;232;256
96;;Luca Engstler;Marco Mapelli;Patric Niederhauser;;Lamborghini Temerario GT3;49;1:50.891;35.291;253;37.594;250;38.006;231;270
Bib;Class;Driver1;Driver2;Driver3;Driver4;Car;Lap;Time;Sector1Time;SpeedTrap1;Sector2Time;SpeedTrap2;Sector3Time;SpeedTrap3;TopSpeed
96;;Luca Engstler;Marco Mapelli;Patric Niederhauser;;Lamborghini Temerario GT3;50;1:49.177;34.256;252;37.673;252;37.248;233;269
96;;Luca Engstler;Marco Mapelli;Patric Niederhauser;;Lamborghini Temerario GT3;51;1:49.735;34.723;251;37.498;252;37.514;232;262
96;;Luca Engstler;Marco Mapelli;Patric Niederhauser;;Lamborghini Temerario GT3;52;1:48.583;34.159;250;37.086;254;37.338;233;269
96;;Luca Engstler;Marco Mapelli;Patric Niederhauser;;Lamborghini Temerario GT3;53;1:48.149;34.293;250;36.839;255;37.017;233;267
96;;Luca Engstler;Marco Mapelli;Patric Niederhauser;;Lamborghini Temerario GT3;54;1:48.600;34.241;252;37.170;255;37.189;234;269
96;;Luca Engstler;Marco Mapelli;Patric Niederhauser;;Lamborghini Temerario GT3;55;1:56.504;34.620;249;37.954;250;43.930;;270
96;;Luca Engstler;Marco Mapelli;Patric Niederhauser;;Lamborghini Temerario GT3;56;3:03.317;1:49.537;245;36.754;249;37.026;231;203
96;;Luca Engstler;Marco Mapelli;Patric Niederhauser;;Lamborghini Temerario GT3;57;1:47.197;34.225;247;36.393;250;36.579;232;266
96;;Luca Engstler;Marco Mapelli;Patric Niederhauser;;Lamborghini Temerario GT3;58;1:48.238;34.822;245;36.619;251;36.797;232;267
96;;Luca Engstler;Marco Mapelli;Patric Niederhauser;;Lamborghini Temerario GT3;59;1:47.875;34.153;249;36.715;253;37.007;232;268
96;;Luca Engstler;Marco Mapelli;Patric Niederhauser;;Lamborghini Temerario GT3;60;1:47.746;34.525;247;36.429;252;36.792;231;269
96;;Luca Engstler;Marco Mapelli;Patric Niederhauser;;Lamborghini Temerario GT3;61;1:47.669;34.181;249;36.574;252;36.914;231;267
96;;Luca Engstler;Marco Mapelli;Patric Niederhauser;;Lamborghini Temerario GT3;62;1:48.599;34.097;251;37.730;249;36.772;231;269
96;;Luca Engstler;Marco Mapelli;Patric Niederhauser;;Lamborghini Temerario GT3;63;1:47.387;34.266;248;36.331;252;36.790;232;267
96;;Luca Engstler;Marco Mapelli;Patric Niederhauser;;Lamborghini Temerario GT3;64;1:47.587;34.440;248;36.414;252;36.733;232;267
96;;Luca Engstler;Marco Mapelli;Patric Niederhauser;;Lamborghini Temerario GT3;65;1:47.549;34.413;248;36.436;252;36.700;232;269
96;;Luca Engstler;Marco Mapelli;Patric Niederhauser;;Lamborghini Temerario GT3;66;1:47.325;34.193;248;36.331;252;36.801;231;268
Bib;Class;Driver1;Driver2;Driver3;Driver4;Car;Lap;Time;Sector1Time;SpeedTrap1;Sector2Time;SpeedTrap2;Sector3Time;SpeedTrap3;TopSpeed
96;;Luca Engstler;Marco Mapelli;Patric Niederhauser;;Lamborghini Temerario GT3;67;1:47.451;34.122;249;36.585;252;36.744;233;269
96;;Luca Engstler;Marco Mapelli;Patric Niederhauser;;Lamborghini Temerario GT3;68;1:48.470;34.419;248;37.097;250;36.954;231;269
96;;Luca Engstler;Marco Mapelli;Patric Niederhauser;;Lamborghini Temerario GT3;69;1:48.192;34.870;247;36.669;251;36.653;231;268
96;;Luca Engstler;Marco Mapelli;Patric Niederhauser;;Lamborghini Temerario GT3;70;1:47.363;34.167;248;36.494;252;36.702;233;267
96;;Luca Engstler;Marco Mapelli;Patric Niederhauser;;Lamborghini Temerario GT3;71;1:47.452;34.111;249;36.763;251;36.578;232;267
96;;Luca Engstler;Marco Mapelli;Patric Niederhauser;;Lamborghini Temerario GT3;72;3:14.450;34.241;248;1:07.333;78;1:32.876;78;267
96;;Luca Engstler;Marco Mapelli;Patric Niederhauser;;Lamborghini Temerario GT3;73;4:21.476;1:26.691;78;1:22.010;78;1:32.775;78;78
96;;Luca Engstler;Marco Mapelli;Patric Niederhauser;;Lamborghini Temerario GT3;74;3:46.362;1:26.693;78;1:22.070;78;57.599;223;78
96;;Luca Engstler;Marco Mapelli;Patric Niederhauser;;Lamborghini Temerario GT3;75;1:58.242;39.286;211;39.221;237;39.735;219;222
96;;Luca Engstler;Marco Mapelli;Patric Niederhauser;;Lamborghini Temerario GT3;76;2:25.443;46.871;110;51.307;165;47.265;231;206
96;;Luca Engstler;Marco Mapelli;Patric Niederhauser;;Lamborghini Temerario GT3;77;1:49.599;34.715;253;37.737;252;37.147;233;266
96;;Luca Engstler;Marco Mapelli;Patric Niederhauser;;Lamborghini Temerario GT3;78;1:58.836;36.372;249;41.701;189;40.763;219;269
96;;Luca Engstler;Marco Mapelli;Patric Niederhauser;;Lamborghini Temerario GT3;79;4:11.520;1:28.717;59;1:28.145;87;1:14.658;101;51
97;;Riccardo Pera;Antares Au;Sven Müller;;Porsche 911 GT3 R EVO;1;2:58.361;49.328;236;49.184;102;1:19.849;52;167
97;;Riccardo Pera;Antares Au;Sven Müller;;Porsche 911 GT3 R EVO;2;4:29.767;1:51.134;100;1:20.526;87;1:18.107;92;65
Bib;Class;Driver1;Driver2;Driver3;Driver4;Car;Lap;Time;Sector1Time;SpeedTrap1;Sector2Time;SpeedTrap2;Sector3Time;SpeedTrap3;TopSpeed
97;;Riccardo Pera;Antares Au;Sven Müller;;Porsche 911 GT3 R EVO;3;3:20.580;1:18.613;73;1:05.689;123;56.278;120;35
97;;Riccardo Pera;Antares Au;Sven Müller;;Porsche 911 GT3 R EVO;4;2:42.519;1:03.346;141;52.608;133;46.565;175;104
97;;Riccardo Pera;Antares Au;Sven Müller;;Porsche 911 GT3 R EVO;5;2:32.296;40.908;181;54.923;173;56.465;;169
97;;Riccardo Pera;Antares Au;Sven Müller;;Porsche 911 GT3 R EVO;6;3:21.605;2:03.634;246;39.479;246;38.492;226;200
97;;Riccardo Pera;Antares Au;Sven Müller;;Porsche 911 GT3 R EVO;7;1:51.793;35.534;245;38.180;246;38.079;227;262
97;;Riccardo Pera;Antares Au;Sven Müller;;Porsche 911 GT3 R EVO;8;1:50.791;35.303;246;37.775;246;37.713;228;263
97;;Riccardo Pera;Antares Au;Sven Müller;;Porsche 911 GT3 R EVO;9;1:49.859;34.771;247;37.400;248;37.688;228;265
97;;Riccardo Pera;Antares Au;Sven Müller;;Porsche 911 GT3 R EVO;10;1:49.949;34.909;246;37.500;248;37.540;229;264
97;;Riccardo Pera;Antares Au;Sven Müller;;Porsche 911 GT3 R EVO;11;1:49.697;34.722;246;37.619;248;37.356;229;266
97;;Riccardo Pera;Antares Au;Sven Müller;;Porsche 911 GT3 R EVO;12;1:49.678;34.709;246;37.521;249;37.448;229;266
Bib;Class;Driver1;Driver2;Driver3;Driver4;Car;Lap;Time;Sector1Time;SpeedTrap1;Sector2Time;SpeedTrap2;Sector3Time;SpeedTrap3;TopSpeed
97;;Riccardo Pera;Antares Au;Sven Müller;;Porsche 911 GT3 R EVO;13;1:49.612;34.603;247;37.300;248;37.709;229;267
97;;Riccardo Pera;Antares Au;Sven Müller;;Porsche 911 GT3 R EVO;14;1:49.309;34.670;246;37.083;249;37.556;229;266
97;;Riccardo Pera;Antares Au;Sven Müller;;Porsche 911 GT3 R EVO;15;1:49.027;34.589;248;37.035;249;37.403;230;266
97;;Riccardo Pera;Antares Au;Sven Müller;;Porsche 911 GT3 R EVO;16;1:49.279;34.606;248;37.244;251;37.429;230;266
97;;Riccardo Pera;Antares Au;Sven Müller;;Porsche 911 GT3 R EVO;17;1:49.837;34.579;248;37.436;251;37.822;229;267
97;;Riccardo Pera;Antares Au;Sven Müller;;Porsche 911 GT3 R EVO;18;1:49.241;34.639;248;37.071;250;37.531;230;265
97;;Riccardo Pera;Antares Au;Sven Müller;;Porsche 911 GT3 R EVO;19;1:49.035;34.501;248;37.242;249;37.292;229;266
97;;Riccardo Pera;Antares Au;Sven Müller;;Porsche 911 GT3 R EVO;20;1:49.368;35.010;247;37.058;248;37.300;229;263
97;;Riccardo Pera;Antares Au;Sven Müller;;Porsche 911 GT3 R EVO;21;1:49.084;34.752;246;36.958;249;37.374;229;264
97;;Riccardo Pera;Antares Au;Sven Müller;;Porsche 911 GT3 R EVO;22;1:49.005;34.681;246;37.028;249;37.296;229;263
Bib;Class;Driver1;Driver2;Driver3;Driver4;Car;Lap;Time;Sector1Time;SpeedTrap1;Sector2Time;SpeedTrap2;Sector3Time;SpeedTrap3;TopSpeed
97;;Riccardo Pera;Antares Au;Sven Müller;;Porsche 911 GT3 R EVO;23;2:39.534;34.724;245;37.141;249;1:27.669;78;264
97;;Riccardo Pera;Antares Au;Sven Müller;;Porsche 911 GT3 R EVO;24;4:20.224;1:26.200;78;1:21.755;78;1:32.269;78;78
97;;Riccardo Pera;Antares Au;Sven Müller;;Porsche 911 GT3 R EVO;25;4:23.893;1:26.654;78;1:21.841;78;1:35.398;;78
97;;Riccardo Pera;Antares Au;Sven Müller;;Porsche 911 GT3 R EVO;26;4:55.958;2:27.747;78;1:21.827;78;1:06.384;210;78
97;;Riccardo Pera;Antares Au;Sven Müller;;Porsche 911 GT3 R EVO;27;1:59.868;36.952;242;37.992;239;44.924;;213
97;;Riccardo Pera;Antares Au;Sven Müller;;Porsche 911 GT3 R EVO;28;2:19.972;1:04.587;236;38.125;249;37.260;232;203
97;;Riccardo Pera;Antares Au;Sven Müller;;Porsche 911 GT3 R EVO;29;1:48.343;34.535;248;36.925;250;36.883;230;263
97;;Riccardo Pera;Antares Au;Sven Müller;;Porsche 911 GT3 R EVO;30;1:47.870;34.588;248;36.557;252;36.725;230;266
97;;Riccardo Pera;Antares Au;Sven Müller;;Porsche 911 GT3 R EVO;31;1:49.388;34.800;246;36.872;249;37.716;230;250
97;;Riccardo Pera;Antares Au;Sven Müller;;Porsche 911 GT3 R EVO;32;1:47.221;34.389;246;36.311;251;36.521;231;265
Bib;Class;Driver1;Driver2;Driver3;Driver4;Car;Lap;Time;Sector1Time;SpeedTrap1;Sector2Time;SpeedTrap2;Sector3Time;SpeedTrap3;TopSpeed
97;;Riccardo Pera;Antares Au;Sven Müller;;Porsche 911 GT3 R EVO;33;1:47.470;34.402;246;36.324;252;36.744;231;266
97;;Riccardo Pera;Antares Au;Sven Müller;;Porsche 911 GT3 R EVO;34;2:32.361;34.299;247;43.233;78;1:14.829;231;267
97;;Riccardo Pera;Antares Au;Sven Müller;;Porsche 911 GT3 R EVO;35;1:47.633;34.574;247;36.537;251;36.522;232;263
97;;Riccardo Pera;Antares Au;Sven Müller;;Porsche 911 GT3 R EVO;36;1:47.462;34.313;248;36.544;251;36.605;232;267
97;;Riccardo Pera;Antares Au;Sven Müller;;Porsche 911 GT3 R EVO;37;1:47.758;34.389;248;36.614;252;36.755;231;269
97;;Riccardo Pera;Antares Au;Sven Müller;;Porsche 911 GT3 R EVO;38;1:48.135;34.325;250;36.921;252;36.889;232;269
97;;Riccardo Pera;Antares Au;Sven Müller;;Porsche 911 GT3 R EVO;39;1:48.056;34.458;248;36.905;252;36.693;231;269
97;;Riccardo Pera;Antares Au;Sven Müller;;Porsche 911 GT3 R EVO;40;1:48.182;34.381;248;37.125;251;36.676;233;269
97;;Riccardo Pera;Antares Au;Sven Müller;;Porsche 911 GT3 R EVO;41;1:48.182;34.374;249;36.950;252;36.858;232;271
97;;Riccardo Pera;Antares Au;Sven Müller;;Porsche 911 GT3 R EVO;42;1:48.080;34.324;251;37.008;253;36.748;232;270
Bib;Class;Driver1;Driver2;Driver3;Driver4;Car;Lap;Time;Sector1Time;SpeedTrap1;Sector2Time;SpeedTrap2;Sector3Time;SpeedTrap3;TopSpeed
97;;Riccardo Pera;Antares Au;Sven Müller;;Porsche 911 GT3 R EVO;43;3:57.537;1:00.318;79;1:21.681;78;1:35.538;;226
97;;Riccardo Pera;Antares Au;Sven Müller;;Porsche 911 GT3 R EVO;44;4:35.149;1:40.926;78;1:21.827;78;1:32.396;78;78
97;;Riccardo Pera;Antares Au;Sven Müller;;Porsche 911 GT3 R EVO;45;3:20.854;1:26.517;78;1:06.405;148;47.932;193;78
97;;Riccardo Pera;Antares Au;Sven Müller;;Porsche 911 GT3 R EVO;46;2:43.267;37.878;217;57.156;121;1:08.233;105;210
97;;Riccardo Pera;Antares Au;Sven Müller;;Porsche 911 GT3 R EVO;47;2:51.912;1:06.036;118;55.790;204;50.086;232;71
97;;Riccardo Pera;Antares Au;Sven Müller;;Porsche 911 GT3 R EVO;48;1:49.582;34.998;249;37.353;252;37.231;233;263
97;;Riccardo Pera;Antares Au;Sven Müller;;Porsche 911 GT3 R EVO;49;1:52.766;37.787;248;37.786;254;37.193;233;259
97;;Riccardo Pera;Antares Au;Sven Müller;;Porsche 911 GT3 R EVO;50;1:48.552;34.391;250;36.926;255;37.235;233;272
97;;Riccardo Pera;Antares Au;Sven Müller;;Porsche 911 GT3 R EVO;51;1:49.125;34.788;249;36.655;254;37.682;229;272
97;;Riccardo Pera;Antares Au;Sven Müller;;Porsche 911 GT3 R EVO;52;1:49.398;34.746;250;37.556;252;37.096;232;258
Bib;Class;Driver1;Driver2;Driver3;Driver4;Car;Lap;Time;Sector1Time;SpeedTrap1;Sector2Time;SpeedTrap2;Sector3Time;SpeedTrap3;TopSpeed
97;;Riccardo Pera;Antares Au;Sven Müller;;Porsche 911 GT3 R EVO;53;1:48.793;34.480;250;37.312;253;37.001;232;270
97;;Riccardo Pera;Antares Au;Sven Müller;;Porsche 911 GT3 R EVO;54;1:47.882;34.226;250;36.789;253;36.867;233;269
97;;Riccardo Pera;Antares Au;Sven Müller;;Porsche 911 GT3 R EVO;55;1:50.214;34.161;250;37.410;253;38.643;233;269
97;;Riccardo Pera;Antares Au;Sven Müller;;Porsche 911 GT3 R EVO;56;1:49.275;35.165;252;37.260;253;36.850;233;260
97;;Riccardo Pera;Antares Au;Sven Müller;;Porsche 911 GT3 R EVO;57;1:55.479;34.473;248;36.367;243;44.639;;272
97;;Riccardo Pera;Antares Au;Sven Müller;;Porsche 911 GT3 R EVO;58;3:12.431;1:51.680;248;37.080;250;43.671;;204
97;;Riccardo Pera;Antares Au;Sven Müller;;Porsche 911 GT3 R EVO;59;2:11.746;58.574;246;36.473;252;36.699;230;205
97;;Riccardo Pera;Antares Au;Sven Müller;;Porsche 911 GT3 R EVO;60;1:47.834;34.174;249;36.878;252;36.782;230;268
97;;Riccardo Pera;Antares Au;Sven Müller;;Porsche 911 GT3 R EVO;61;1:47.718;34.294;249;36.709;250;36.715;231;267
97;;Riccardo Pera;Antares Au;Sven Müller;;Porsche 911 GT3 R EVO;62;1:47.353;34.137;250;36.524;252;36.692;230;269
Bib;Class;Driver1;Driver2;Driver3;Driver4;Car;Lap;Time;Sector1Time;SpeedTrap1;Sector2Time;SpeedTrap2;Sector3Time;SpeedTrap3;TopSpeed
97;;Riccardo Pera;Antares Au;Sven Müller;;Porsche 911 GT3 R EVO;63;1:47.772;34.247;250;36.731;252;36.794;231;269
97;;Riccardo Pera;Antares Au;Sven Müller;;Porsche 911 GT3 R EVO;64;1:47.738;34.514;248;36.541;253;36.683;231;271
97;;Riccardo Pera;Antares Au;Sven Müller;;Porsche 911 GT3 R EVO;65;1:47.635;34.187;249;36.740;253;36.708;231;269
97;;Riccardo Pera;Antares Au;Sven Müller;;Porsche 911 GT3 R EVO;66;1:47.854;34.097;249;36.896;252;36.861;232;269
97;;Riccardo Pera;Antares Au;Sven Müller;;Porsche 911 GT3 R EVO;67;1:48.852;34.244;249;36.841;254;37.767;231;271
97;;Riccardo Pera;Antares Au;Sven Müller;;Porsche 911 GT3 R EVO;68;1:48.768;35.251;240;36.712;252;36.805;230;267
97;;Riccardo Pera;Antares Au;Sven Müller;;Porsche 911 GT3 R EVO;69;1:47.684;34.280;249;36.713;252;36.691;232;268
97;;Riccardo Pera;Antares Au;Sven Müller;;Porsche 911 GT3 R EVO;70;1:47.635;34.324;248;36.587;251;36.724;231;269
97;;Riccardo Pera;Antares Au;Sven Müller;;Porsche 911 GT3 R EVO;71;1:48.450;34.348;249;37.017;250;37.085;230;267
97;;Riccardo Pera;Antares Au;Sven Müller;;Porsche 911 GT3 R EVO;72;4:08.401;1:13.666;79;1:21.866;78;1:32.869;78;78
Bib;Class;Driver1;Driver2;Driver3;Driver4;Car;Lap;Time;Sector1Time;SpeedTrap1;Sector2Time;SpeedTrap2;Sector3Time;SpeedTrap3;TopSpeed
97;;Riccardo Pera;Antares Au;Sven Müller;;Porsche 911 GT3 R EVO;73;4:20.621;1:26.444;78;1:21.762;78;1:32.415;78;78
97;;Riccardo Pera;Antares Au;Sven Müller;;Porsche 911 GT3 R EVO;74;3:37.360;1:26.538;78;1:02.429;85;1:08.393;137;78
97;;Riccardo Pera;Antares Au;Sven Müller;;Porsche 911 GT3 R EVO;75;2:52.290;1:04.387;134;50.505;232;57.398;228;114
97;;Riccardo Pera;Antares Au;Sven Müller;;Porsche 911 GT3 R EVO;76;1:53.141;36.795;244;38.410;252;37.936;232;262
97;;Riccardo Pera;Antares Au;Sven Müller;;Porsche 911 GT3 R EVO;77;;;;;;;;260
98;;Augusto Farfus;Jake Dennis;Raffaele Marciello;;BMW M4 GT3 EVO;1;2:28.298;41.780;240;37.947;229;1:08.571;84;189
98;;Augusto Farfus;Jake Dennis;Raffaele Marciello;;BMW M4 GT3 EVO;2;4:23.347;1:46.888;100;1:19.111;92;1:17.348;87;40
98;;Augusto Farfus;Jake Dennis;Raffaele Marciello;;BMW M4 GT3 EVO;3;3:25.457;1:24.272;66;1:01.202;139;59.983;112;69
98;;Augusto Farfus;Jake Dennis;Raffaele Marciello;;BMW M4 GT3 EVO;4;2:57.685;1:07.459;126;52.539;219;57.687;;108
98;;Augusto Farfus;Jake Dennis;Raffaele Marciello;;BMW M4 GT3 EVO;5;3:11.068;1:54.550;240;38.477;247;38.041;231;203
98;;Augusto Farfus;Jake Dennis;Raffaele Marciello;;BMW M4 GT3 EVO;6;2:22.496;42.159;139;53.644;168;46.693;231;157
98;;Augusto Farfus;Jake Dennis;Raffaele Marciello;;BMW M4 GT3 EVO;7;1:52.836;35.618;249;38.006;255;39.212;231;250
Bib;Class;Driver1;Driver2;Driver3;Driver4;Car;Lap;Time;Sector1Time;SpeedTrap1;Sector2Time;SpeedTrap2;Sector3Time;SpeedTrap3;TopSpeed
98;;Augusto Farfus;Jake Dennis;Raffaele Marciello;;BMW M4 GT3 EVO;8;1:50.146;35.177;248;37.697;252;37.272;232;268
98;;Augusto Farfus;Jake Dennis;Raffaele Marciello;;BMW M4 GT3 EVO;9;1:48.713;34.471;249;36.898;250;37.344;233;269
98;;Augusto Farfus;Jake Dennis;Raffaele Marciello;;BMW M4 GT3 EVO;10;1:49.851;35.085;248;37.122;252;37.644;229;246
98;;Augusto Farfus;Jake Dennis;Raffaele Marciello;;BMW M4 GT3 EVO;11;1:51.301;37.995;248;36.592;252;36.714;233;265
98;;Augusto Farfus;Jake Dennis;Raffaele Marciello;;BMW M4 GT3 EVO;12;1:47.571;34.303;249;36.361;253;36.907;234;269
98;;Augusto Farfus;Jake Dennis;Raffaele Marciello;;BMW M4 GT3 EVO;13;1:50.251;34.754;251;37.940;254;37.557;233;265
98;;Augusto Farfus;Jake Dennis;Raffaele Marciello;;BMW M4 GT3 EVO;14;1:48.635;34.588;250;36.871;253;37.176;234;248
98;;Augusto Farfus;Jake Dennis;Raffaele Marciello;;BMW M4 GT3 EVO;15;1:49.658;34.899;250;37.613;252;37.146;234;262
98;;Augusto Farfus;Jake Dennis;Raffaele Marciello;;BMW M4 GT3 EVO;16;1:48.233;34.329;250;36.920;253;36.984;233;263
98;;Augusto Farfus;Jake Dennis;Raffaele Marciello;;BMW M4 GT3 EVO;17;1:48.643;34.576;249;36.964;253;37.103;233;269
98;;Augusto Farfus;Jake Dennis;Raffaele Marciello;;BMW M4 GT3 EVO;18;1:48.362;34.474;249;36.901;253;36.987;233;267
98;;Augusto Farfus;Jake Dennis;Raffaele Marciello;;BMW M4 GT3 EVO;19;1:48.329;34.344;250;36.946;252;37.039;233;269
98;;Augusto Farfus;Jake Dennis;Raffaele Marciello;;BMW M4 GT3 EVO;20;1:49.824;34.399;249;37.394;247;38.031;232;269
Bib;Class;Driver1;Driver2;Driver3;Driver4;Car;Lap;Time;Sector1Time;SpeedTrap1;Sector2Time;SpeedTrap2;Sector3Time;SpeedTrap3;TopSpeed
98;;Augusto Farfus;Jake Dennis;Raffaele Marciello;;BMW M4 GT3 EVO;21;1:47.535;34.274;249;36.551;253;36.710;232;267
98;;Augusto Farfus;Jake Dennis;Raffaele Marciello;;BMW M4 GT3 EVO;22;1:47.410;34.305;249;36.388;253;36.717;232;267
98;;Augusto Farfus;Jake Dennis;Raffaele Marciello;;BMW M4 GT3 EVO;23;1:48.129;34.178;249;36.410;253;37.541;233;268
98;;Augusto Farfus;Jake Dennis;Raffaele Marciello;;BMW M4 GT3 EVO;24;3:54.744;1:00.537;79;1:21.796;79;1:32.411;78;229
98;;Augusto Farfus;Jake Dennis;Raffaele Marciello;;BMW M4 GT3 EVO;25;4:20.495;1:26.203;78;1:21.865;78;1:32.427;78;78
98;;Augusto Farfus;Jake Dennis;Raffaele Marciello;;BMW M4 GT3 EVO;26;4:20.917;1:26.468;78;1:21.869;78;1:32.580;78;78
98;;Augusto Farfus;Jake Dennis;Raffaele Marciello;;BMW M4 GT3 EVO;27;3:29.735;1:26.763;78;1:01.228;200;1:01.744;148;78
98;;Augusto Farfus;Jake Dennis;Raffaele Marciello;;BMW M4 GT3 EVO;28;2:50.296;1:05.306;138;53.583;191;51.407;232;104
98;;Augusto Farfus;Jake Dennis;Raffaele Marciello;;BMW M4 GT3 EVO;29;1:49.507;35.200;249;37.082;251;37.225;233;263
98;;Augusto Farfus;Jake Dennis;Raffaele Marciello;;BMW M4 GT3 EVO;30;1:55.547;34.489;249;36.955;252;44.103;;268
98;;Augusto Farfus;Jake Dennis;Raffaele Marciello;;BMW M4 GT3 EVO;31;3:06.434;1:52.440;244;36.950;248;37.044;229;203
98;;Augusto Farfus;Jake Dennis;Raffaele Marciello;;BMW M4 GT3 EVO;32;1:48.448;34.697;246;36.950;250;36.801;230;264
98;;Augusto Farfus;Jake Dennis;Raffaele Marciello;;BMW M4 GT3 EVO;33;1:48.447;34.546;247;36.796;249;37.105;231;265
Bib;Class;Driver1;Driver2;Driver3;Driver4;Car;Lap;Time;Sector1Time;SpeedTrap1;Sector2Time;SpeedTrap2;Sector3Time;SpeedTrap3;TopSpeed
98;;Augusto Farfus;Jake Dennis;Raffaele Marciello;;BMW M4 GT3 EVO;34;2:28.009;58.376;79;52.602;248;37.031;230;265
98;;Augusto Farfus;Jake Dennis;Raffaele Marciello;;BMW M4 GT3 EVO;35;1:48.029;34.496;247;36.734;250;36.799;231;265
98;;Augusto Farfus;Jake Dennis;Raffaele Marciello;;BMW M4 GT3 EVO;36;1:47.725;34.449;246;36.630;250;36.646;230;265
98;;Augusto Farfus;Jake Dennis;Raffaele Marciello;;BMW M4 GT3 EVO;37;1:47.583;34.422;248;36.519;250;36.642;230;265
98;;Augusto Farfus;Jake Dennis;Raffaele Marciello;;BMW M4 GT3 EVO;38;1:47.577;34.376;248;36.506;250;36.695;231;265
98;;Augusto Farfus;Jake Dennis;Raffaele Marciello;;BMW M4 GT3 EVO;39;1:47.634;34.476;246;36.525;251;36.633;231;265
98;;Augusto Farfus;Jake Dennis;Raffaele Marciello;;BMW M4 GT3 EVO;40;1:47.578;34.337;248;36.613;251;36.628;231;265
98;;Augusto Farfus;Jake Dennis;Raffaele Marciello;;BMW M4 GT3 EVO;41;1:47.644;34.400;248;36.489;252;36.755;231;267
98;;Augusto Farfus;Jake Dennis;Raffaele Marciello;;BMW M4 GT3 EVO;42;2:33.856;34.391;248;36.870;252;1:22.595;78;267
98;;Augusto Farfus;Jake Dennis;Raffaele Marciello;;BMW M4 GT3 EVO;43;4:19.858;1:25.765;78;1:21.790;78;1:32.303;78;78
98;;Augusto Farfus;Jake Dennis;Raffaele Marciello;;BMW M4 GT3 EVO;44;4:21.872;1:26.957;78;1:22.025;78;1:32.890;78;78
98;;Augusto Farfus;Jake Dennis;Raffaele Marciello;;BMW M4 GT3 EVO;45;2:23.717;1:03.270;224;41.142;239;39.305;224;78
98;;Augusto Farfus;Jake Dennis;Raffaele Marciello;;BMW M4 GT3 EVO;46;2:18.231;35.823;248;37.811;229;1:04.597;;221
Bib;Class;Driver1;Driver2;Driver3;Driver4;Car;Lap;Time;Sector1Time;SpeedTrap1;Sector2Time;SpeedTrap2;Sector3Time;SpeedTrap3;TopSpeed
98;;Augusto Farfus;Jake Dennis;Raffaele Marciello;;BMW M4 GT3 EVO;47;3:04.297;1:50.152;244;37.100;248;37.045;231;203
98;;Augusto Farfus;Jake Dennis;Raffaele Marciello;;BMW M4 GT3 EVO;48;1:48.677;34.598;246;36.907;249;37.172;231;256
98;;Augusto Farfus;Jake Dennis;Raffaele Marciello;;BMW M4 GT3 EVO;49;1:49.117;34.680;238;37.159;244;37.278;231;244
98;;Augusto Farfus;Jake Dennis;Raffaele Marciello;;BMW M4 GT3 EVO;50;1:49.492;34.643;229;37.166;241;37.683;227;245
98;;Augusto Farfus;Jake Dennis;Raffaele Marciello;;BMW M4 GT3 EVO;51;1:49.049;34.604;236;36.957;242;37.488;231;248
98;;Augusto Farfus;Jake Dennis;Raffaele Marciello;;BMW M4 GT3 EVO;52;1:48.807;34.704;240;36.833;240;37.270;231;242
98;;Augusto Farfus;Jake Dennis;Raffaele Marciello;;BMW M4 GT3 EVO;53;1:48.381;34.395;239;36.802;242;37.184;232;248
98;;Augusto Farfus;Jake Dennis;Raffaele Marciello;;BMW M4 GT3 EVO;54;1:48.370;34.326;239;36.701;244;37.343;231;250
98;;Augusto Farfus;Jake Dennis;Raffaele Marciello;;BMW M4 GT3 EVO;55;1:48.527;34.579;241;36.784;242;37.164;232;245
98;;Augusto Farfus;Jake Dennis;Raffaele Marciello;;BMW M4 GT3 EVO;56;1:48.853;34.510;237;37.075;240;37.268;232;247
98;;Augusto Farfus;Jake Dennis;Raffaele Marciello;;BMW M4 GT3 EVO;57;1:48.835;34.755;236;36.882;234;37.198;232;245
98;;Augusto Farfus;Jake Dennis;Raffaele Marciello;;BMW M4 GT3 EVO;58;1:48.894;34.576;230;36.849;235;37.469;232;239
98;;Augusto Farfus;Jake Dennis;Raffaele Marciello;;BMW M4 GT3 EVO;59;1:49.460;34.855;228;37.062;231;37.543;232;230
Bib;Class;Driver1;Driver2;Driver3;Driver4;Car;Lap;Time;Sector1Time;SpeedTrap1;Sector2Time;SpeedTrap2;Sector3Time;SpeedTrap3;TopSpeed
98;;Augusto Farfus;Jake Dennis;Raffaele Marciello;;BMW M4 GT3 EVO;60;1:49.465;34.853;227;37.070;230;37.542;231;234
98;;Augusto Farfus;Jake Dennis;Raffaele Marciello;;BMW M4 GT3 EVO;61;1:49.274;34.940;225;36.994;232;37.340;231;232
98;;Augusto Farfus;Jake Dennis;Raffaele Marciello;;BMW M4 GT3 EVO;62;1:49.456;34.762;228;37.201;227;37.493;231;232
98;;Augusto Farfus;Jake Dennis;Raffaele Marciello;;BMW M4 GT3 EVO;63;1:49.745;34.930;228;37.120;226;37.695;231;230
98;;Augusto Farfus;Jake Dennis;Raffaele Marciello;;BMW M4 GT3 EVO;64;1:49.443;34.836;226;37.092;228;37.515;233;232
98;;Augusto Farfus;Jake Dennis;Raffaele Marciello;;BMW M4 GT3 EVO;65;1:49.429;34.708;225;37.127;227;37.594;231;233
98;;Augusto Farfus;Jake Dennis;Raffaele Marciello;;BMW M4 GT3 EVO;66;1:49.762;34.770;223;37.370;227;37.622;231;234
98;;Augusto Farfus;Jake Dennis;Raffaele Marciello;;BMW M4 GT3 EVO;67;1:49.421;34.785;227;37.093;229;37.543;231;236
98;;Augusto Farfus;Jake Dennis;Raffaele Marciello;;BMW M4 GT3 EVO;68;1:49.277;34.792;226;36.916;229;37.569;231;236
98;;Augusto Farfus;Jake Dennis;Raffaele Marciello;;BMW M4 GT3 EVO;69;1:49.600;34.881;226;37.196;229;37.523;232;235
98;;Augusto Farfus;Jake Dennis;Raffaele Marciello;;BMW M4 GT3 EVO;70;1:49.833;34.894;227;37.307;227;37.632;232;236
98;;Augusto Farfus;Jake Dennis;Raffaele Marciello;;BMW M4 GT3 EVO;71;1:49.872;34.875;225;37.233;227;37.764;231;231
98;;Augusto Farfus;Jake Dennis;Raffaele Marciello;;BMW M4 GT3 EVO;72;2:39.115;34.734;226;37.349;248;1:27.032;;234
Bib;Class;Driver1;Driver2;Driver3;Driver4;Car;Lap;Time;Sector1Time;SpeedTrap1;Sector2Time;SpeedTrap2;Sector3Time;SpeedTrap3;TopSpeed
98;;Augusto Farfus;Jake Dennis;Raffaele Marciello;;BMW M4 GT3 EVO;73;4:47.607;1:53.224;78;1:21.818;78;1:32.565;78;78
98;;Augusto Farfus;Jake Dennis;Raffaele Marciello;;BMW M4 GT3 EVO;74;4:06.318;1:26.407;78;1:21.894;78;1:18.017;215;78
98;;Augusto Farfus;Jake Dennis;Raffaele Marciello;;BMW M4 GT3 EVO;75;1:57.342;38.370;210;39.032;248;39.940;155;208
98;;Augusto Farfus;Jake Dennis;Raffaele Marciello;;BMW M4 GT3 EVO;76;2:44.751;1:02.932;112;51.113;174;50.706;227;102
98;;Augusto Farfus;Jake Dennis;Raffaele Marciello;;BMW M4 GT3 EVO;77;1:50.367;34.829;249;37.928;252;37.610;234;267
98;;Augusto Farfus;Jake Dennis;Raffaele Marciello;;BMW M4 GT3 EVO;78;1:57.067;35.700;246;40.678;192;40.689;215;268
98;;Augusto Farfus;Jake Dennis;Raffaele Marciello;;BMW M4 GT3 EVO;79;4:11.669;1:28.977;62;1:28.064;89;1:14.628;97;49
99;;Dylan Pereira;Andrea Frassineti;Lorenzo Ferrari;;Audi R8 LMS GT3 EVO II;1;3:14.821;1:09.808;152;43.051;158;1:21.962;67;230
99;;Dylan Pereira;Andrea Frassineti;Lorenzo Ferrari;;Audi R8 LMS GT3 EVO II;2;4:31.174;1:52.605;109;1:18.949;112;1:19.620;73;75
99;;Dylan Pereira;Andrea Frassineti;Lorenzo Ferrari;;Audi R8 LMS GT3 EVO II;3;3:13.647;1:14.206;79;1:06.593;130;52.848;170;80
99;;Dylan Pereira;Andrea Frassineti;Lorenzo Ferrari;;Audi R8 LMS GT3 EVO II;4;2:46.107;1:00.396;137;53.472;127;52.239;;92
Bib;Class;Driver1;Driver2;Driver3;Driver4;Car;Lap;Time;Sector1Time;SpeedTrap1;Sector2Time;SpeedTrap2;Sector3Time;SpeedTrap3;TopSpeed
99;;Dylan Pereira;Andrea Frassineti;Lorenzo Ferrari;;Audi R8 LMS GT3 EVO II;5;3:09.951;1:54.844;244;37.363;246;37.744;224;203
99;;Dylan Pereira;Andrea Frassineti;Lorenzo Ferrari;;Audi R8 LMS GT3 EVO II;6;1:56.287;36.383;244;37.326;226;42.578;232;238
99;;Dylan Pereira;Andrea Frassineti;Lorenzo Ferrari;;Audi R8 LMS GT3 EVO II;7;1:51.007;34.817;252;37.661;254;38.529;235;267
99;;Dylan Pereira;Andrea Frassineti;Lorenzo Ferrari;;Audi R8 LMS GT3 EVO II;8;1:51.599;37.236;249;36.955;253;37.408;236;240
99;;Dylan Pereira;Andrea Frassineti;Lorenzo Ferrari;;Audi R8 LMS GT3 EVO II;9;1:47.809;34.404;249;36.686;252;36.719;232;270
99;;Dylan Pereira;Andrea Frassineti;Lorenzo Ferrari;;Audi R8 LMS GT3 EVO II;10;1:47.889;34.601;249;36.473;254;36.815;236;267
99;;Dylan Pereira;Andrea Frassineti;Lorenzo Ferrari;;Audi R8 LMS GT3 EVO II;11;1:55.519;41.481;245;37.268;252;36.770;232;258
99;;Dylan Pereira;Andrea Frassineti;Lorenzo Ferrari;;Audi R8 LMS GT3 EVO II;12;1:47.452;34.286;248;36.391;252;36.775;232;267
99;;Dylan Pereira;Andrea Frassineti;Lorenzo Ferrari;;Audi R8 LMS GT3 EVO II;13;1:48.644;34.437;219;37.359;254;36.848;232;272
Bib;Class;Driver1;Driver2;Driver3;Driver4;Car;Lap;Time;Sector1Time;SpeedTrap1;Sector2Time;SpeedTrap2;Sector3Time;SpeedTrap3;TopSpeed
99;;Dylan Pereira;Andrea Frassineti;Lorenzo Ferrari;;Audi R8 LMS GT3 EVO II;14;1:48.100;34.282;251;36.640;254;37.178;233;270
99;;Dylan Pereira;Andrea Frassineti;Lorenzo Ferrari;;Audi R8 LMS GT3 EVO II;15;1:49.585;34.703;251;37.225;257;37.657;234;272
99;;Dylan Pereira;Andrea Frassineti;Lorenzo Ferrari;;Audi R8 LMS GT3 EVO II;16;1:48.563;34.654;249;36.685;254;37.224;232;271
99;;Dylan Pereira;Andrea Frassineti;Lorenzo Ferrari;;Audi R8 LMS GT3 EVO II;17;1:48.122;34.351;251;36.835;255;36.936;233;270
99;;Dylan Pereira;Andrea Frassineti;Lorenzo Ferrari;;Audi R8 LMS GT3 EVO II;18;1:48.571;34.314;252;36.958;255;37.299;234;272
99;;Dylan Pereira;Andrea Frassineti;Lorenzo Ferrari;;Audi R8 LMS GT3 EVO II;19;1:48.123;34.375;251;36.765;255;36.983;234;265
99;;Dylan Pereira;Andrea Frassineti;Lorenzo Ferrari;;Audi R8 LMS GT3 EVO II;20;1:49.084;34.229;252;37.157;255;37.698;230;271
99;;Dylan Pereira;Andrea Frassineti;Lorenzo Ferrari;;Audi R8 LMS GT3 EVO II;21;2:01.094;47.144;241;36.795;252;37.155;231;267
99;;Dylan Pereira;Andrea Frassineti;Lorenzo Ferrari;;Audi R8 LMS GT3 EVO II;22;2:02.072;34.475;246;38.756;203;48.841;;266
Bib;Class;Driver1;Driver2;Driver3;Driver4;Car;Lap;Time;Sector1Time;SpeedTrap1;Sector2Time;SpeedTrap2;Sector3Time;SpeedTrap3;TopSpeed
111;;Arthur Rougier;Simon Gachet;James Kell;;McLaren 720S GT3 EVO;1;2:49.503;46.164;227;46.130;135;1:17.209;61;189
111;;Arthur Rougier;Simon Gachet;James Kell;;McLaren 720S GT3 EVO;2;4:28.026;1:47.953;78;1:21.551;75;1:18.522;94;60
111;;Arthur Rougier;Simon Gachet;James Kell;;McLaren 720S GT3 EVO;3;3:27.115;1:20.925;84;1:03.922;178;1:02.268;;37
111;;Arthur Rougier;Simon Gachet;James Kell;;McLaren 720S GT3 EVO;4;3:21.806;2:05.308;243;38.669;233;37.829;231;132
111;;Arthur Rougier;Simon Gachet;James Kell;;McLaren 720S GT3 EVO;5;1:58.410;41.167;245;38.255;231;38.988;189;138
111;;Arthur Rougier;Simon Gachet;James Kell;;McLaren 720S GT3 EVO;6;2:40.138;55.088;133;55.465;186;49.585;228;92
111;;Arthur Rougier;Simon Gachet;James Kell;;McLaren 720S GT3 EVO;7;1:53.757;36.040;250;38.243;253;39.474;231;255
111;;Arthur Rougier;Simon Gachet;James Kell;;McLaren 720S GT3 EVO;8;1:49.206;34.913;249;37.125;252;37.168;232;270
111;;Arthur Rougier;Simon Gachet;James Kell;;McLaren 720S GT3 EVO;9;1:50.116;35.009;250;37.951;253;37.156;230;265
111;;Arthur Rougier;Simon Gachet;James Kell;;McLaren 720S GT3 EVO;10;1:48.219;34.535;248;36.951;251;36.733;232;267
111;;Arthur Rougier;Simon Gachet;James Kell;;McLaren 720S GT3 EVO;11;1:47.717;34.333;248;36.670;252;36.714;231;269
111;;Arthur Rougier;Simon Gachet;James Kell;;McLaren 720S GT3 EVO;12;1:47.922;34.420;248;36.737;250;36.765;232;268
111;;Arthur Rougier;Simon Gachet;James Kell;;McLaren 720S GT3 EVO;13;1:48.131;34.462;248;37.030;252;36.639;231;269
Bib;Class;Driver1;Driver2;Driver3;Driver4;Car;Lap;Time;Sector1Time;SpeedTrap1;Sector2Time;SpeedTrap2;Sector3Time;SpeedTrap3;TopSpeed
111;;Arthur Rougier;Simon Gachet;James Kell;;McLaren 720S GT3 EVO;14;1:48.198;34.372;250;36.699;252;37.127;231;269
111;;Arthur Rougier;Simon Gachet;James Kell;;McLaren 720S GT3 EVO;15;1:48.117;34.350;250;37.014;252;36.753;232;270
111;;Arthur Rougier;Simon Gachet;James Kell;;McLaren 720S GT3 EVO;16;1:48.007;34.603;250;36.707;253;36.697;232;267
111;;Arthur Rougier;Simon Gachet;James Kell;;McLaren 720S GT3 EVO;17;1:48.040;34.505;249;36.932;254;36.603;232;269
111;;Arthur Rougier;Simon Gachet;James Kell;;McLaren 720S GT3 EVO;18;1:47.758;34.376;250;36.738;253;36.644;233;269
111;;Arthur Rougier;Simon Gachet;James Kell;;McLaren 720S GT3 EVO;19;1:48.160;34.324;250;36.867;254;36.969;231;269
111;;Arthur Rougier;Simon Gachet;James Kell;;McLaren 720S GT3 EVO;20;1:48.293;34.373;249;37.050;254;36.870;232;269
111;;Arthur Rougier;Simon Gachet;James Kell;;McLaren 720S GT3 EVO;21;1:48.119;34.471;249;36.872;254;36.776;233;263
111;;Arthur Rougier;Simon Gachet;James Kell;;McLaren 720S GT3 EVO;22;1:47.997;34.511;250;36.831;253;36.655;232;265
111;;Arthur Rougier;Simon Gachet;James Kell;;McLaren 720S GT3 EVO;23;7:31.525;34.473;249;36.753;255;6:20.299;;263
111;;Arthur Rougier;Simon Gachet;James Kell;;McLaren 720S GT3 EVO;24;5:22.650;2:28.133;78;1:21.916;78;1:32.601;78;78
111;;Arthur Rougier;Simon Gachet;James Kell;;McLaren 720S GT3 EVO;25;4:06.936;1:26.569;78;1:21.924;78;1:18.443;203;78
111;;Arthur Rougier;Simon Gachet;James Kell;;McLaren 720S GT3 EVO;26;2:01.569;37.307;237;38.277;243;45.985;;227
Bib;Class;Driver1;Driver2;Driver3;Driver4;Car;Lap;Time;Sector1Time;SpeedTrap1;Sector2Time;SpeedTrap2;Sector3Time;SpeedTrap3;TopSpeed
111;;Arthur Rougier;Simon Gachet;James Kell;;McLaren 720S GT3 EVO;27;2:20.963;1:06.563;247;37.236;250;37.164;232;204
111;;Arthur Rougier;Simon Gachet;James Kell;;McLaren 720S GT3 EVO;28;1:48.001;34.306;250;36.864;253;36.831;232;270
111;;Arthur Rougier;Simon Gachet;James Kell;;McLaren 720S GT3 EVO;29;1:47.694;34.269;250;36.771;254;36.654;232;271
111;;Arthur Rougier;Simon Gachet;James Kell;;McLaren 720S GT3 EVO;30;1:49.144;34.964;249;37.466;252;36.714;233;258
111;;Arthur Rougier;Simon Gachet;James Kell;;McLaren 720S GT3 EVO;31;1:47.669;34.379;248;36.649;253;36.641;232;269
111;;Arthur Rougier;Simon Gachet;James Kell;;McLaren 720S GT3 EVO;32;1:47.470;34.343;248;36.521;255;36.606;232;269
111;;Arthur Rougier;Simon Gachet;James Kell;;McLaren 720S GT3 EVO;33;2:31.585;34.502;248;36.586;254;1:20.497;94;262
111;;Arthur Rougier;Simon Gachet;James Kell;;McLaren 720S GT3 EVO;34;1:52.047;38.092;249;36.811;253;37.144;233;243
111;;Arthur Rougier;Simon Gachet;James Kell;;McLaren 720S GT3 EVO;35;1:49.264;34.738;252;37.296;254;37.230;233;267
111;;Arthur Rougier;Simon Gachet;James Kell;;McLaren 720S GT3 EVO;36;1:49.116;34.547;250;37.031;254;37.538;233;266
111;;Arthur Rougier;Simon Gachet;James Kell;;McLaren 720S GT3 EVO;37;1:48.235;34.707;250;36.785;253;36.743;232;250
111;;Arthur Rougier;Simon Gachet;James Kell;;McLaren 720S GT3 EVO;38;1:48.345;34.371;249;37.271;255;36.703;233;265
111;;Arthur Rougier;Simon Gachet;James Kell;;McLaren 720S GT3 EVO;39;1:48.193;34.670;250;36.764;255;36.759;233;250
Bib;Class;Driver1;Driver2;Driver3;Driver4;Car;Lap;Time;Sector1Time;SpeedTrap1;Sector2Time;SpeedTrap2;Sector3Time;SpeedTrap3;TopSpeed
111;;Arthur Rougier;Simon Gachet;James Kell;;McLaren 720S GT3 EVO;40;1:48.913;34.535;250;37.010;249;37.368;233;262
111;;Arthur Rougier;Simon Gachet;James Kell;;McLaren 720S GT3 EVO;41;1:49.153;34.705;213;37.412;255;37.036;234;267
111;;Arthur Rougier;Simon Gachet;James Kell;;McLaren 720S GT3 EVO;42;3:55.015;59.272;79;1:22.995;78;1:32.748;79;252
111;;Arthur Rougier;Simon Gachet;James Kell;;McLaren 720S GT3 EVO;43;4:21.190;1:26.628;78;1:21.992;78;1:32.570;78;78
111;;Arthur Rougier;Simon Gachet;James Kell;;McLaren 720S GT3 EVO;44;3:26.965;1:26.801;78;1:16.606;112;43.558;224;78
111;;Arthur Rougier;Simon Gachet;James Kell;;McLaren 720S GT3 EVO;45;2:47.924;36.380;244;1:02.298;99;1:09.246;112;226
111;;Arthur Rougier;Simon Gachet;James Kell;;McLaren 720S GT3 EVO;46;2:56.318;1:06.185;94;55.946;206;54.187;233;102
111;;Arthur Rougier;Simon Gachet;James Kell;;McLaren 720S GT3 EVO;47;1:49.601;34.823;249;37.446;250;37.332;234;263
111;;Arthur Rougier;Simon Gachet;James Kell;;McLaren 720S GT3 EVO;48;1:49.921;34.805;252;37.334;255;37.782;234;264
111;;Arthur Rougier;Simon Gachet;James Kell;;McLaren 720S GT3 EVO;49;1:49.109;34.564;252;36.832;254;37.713;234;263
111;;Arthur Rougier;Simon Gachet;James Kell;;McLaren 720S GT3 EVO;50;1:49.418;34.493;252;37.824;255;37.101;234;256
111;;Arthur Rougier;Simon Gachet;James Kell;;McLaren 720S GT3 EVO;51;1:49.169;34.332;252;37.154;254;37.683;233;262
111;;Arthur Rougier;Simon Gachet;James Kell;;McLaren 720S GT3 EVO;52;1:56.084;34.984;250;36.954;255;44.146;;258
Bib;Class;Driver1;Driver2;Driver3;Driver4;Car;Lap;Time;Sector1Time;SpeedTrap1;Sector2Time;SpeedTrap2;Sector3Time;SpeedTrap3;TopSpeed
111;;Arthur Rougier;Simon Gachet;James Kell;;McLaren 720S GT3 EVO;53;3:04.908;1:50.719;248;37.150;251;37.039;231;204
111;;Arthur Rougier;Simon Gachet;James Kell;;McLaren 720S GT3 EVO;54;1:48.223;34.442;249;36.979;252;36.802;232;265
111;;Arthur Rougier;Simon Gachet;James Kell;;McLaren 720S GT3 EVO;55;1:48.239;34.532;249;36.859;253;36.848;233;267
111;;Arthur Rougier;Simon Gachet;James Kell;;McLaren 720S GT3 EVO;56;1:47.839;34.302;250;36.784;253;36.753;233;270
111;;Arthur Rougier;Simon Gachet;James Kell;;McLaren 720S GT3 EVO;57;1:48.112;34.426;249;36.689;253;36.997;233;267
111;;Arthur Rougier;Simon Gachet;James Kell;;McLaren 720S GT3 EVO;58;1:49.285;35.239;241;37.094;255;36.952;234;267
111;;Arthur Rougier;Simon Gachet;James Kell;;McLaren 720S GT3 EVO;59;1:47.898;34.459;250;36.700;253;36.739;232;265
111;;Arthur Rougier;Simon Gachet;James Kell;;McLaren 720S GT3 EVO;60;1:47.601;34.321;250;36.705;253;36.575;232;269
111;;Arthur Rougier;Simon Gachet;James Kell;;McLaren 720S GT3 EVO;61;1:48.574;34.370;250;37.577;253;36.627;232;269
111;;Arthur Rougier;Simon Gachet;James Kell;;McLaren 720S GT3 EVO;62;1:47.618;34.372;250;36.611;253;36.635;232;269
111;;Arthur Rougier;Simon Gachet;James Kell;;McLaren 720S GT3 EVO;63;1:47.739;34.352;249;36.600;253;36.787;233;269
111;;Arthur Rougier;Simon Gachet;James Kell;;McLaren 720S GT3 EVO;64;1:47.765;34.414;246;36.662;253;36.689;233;258
111;;Arthur Rougier;Simon Gachet;James Kell;;McLaren 720S GT3 EVO;65;1:47.525;34.297;249;36.611;253;36.617;233;264
Bib;Class;Driver1;Driver2;Driver3;Driver4;Car;Lap;Time;Sector1Time;SpeedTrap1;Sector2Time;SpeedTrap2;Sector3Time;SpeedTrap3;TopSpeed
111;;Arthur Rougier;Simon Gachet;James Kell;;McLaren 720S GT3 EVO;66;1:48.040;34.305;249;36.761;252;36.974;234;261
111;;Arthur Rougier;Simon Gachet;James Kell;;McLaren 720S GT3 EVO;67;1:47.667;34.318;244;36.627;250;36.722;232;259
111;;Arthur Rougier;Simon Gachet;James Kell;;McLaren 720S GT3 EVO;68;1:47.723;34.462;249;36.682;253;36.579;232;257
111;;Arthur Rougier;Simon Gachet;James Kell;;McLaren 720S GT3 EVO;69;1:47.298;34.233;249;36.604;252;36.461;234;269
111;;Arthur Rougier;Simon Gachet;James Kell;;McLaren 720S GT3 EVO;70;1:47.371;34.273;249;36.552;253;36.546;233;269
111;;Arthur Rougier;Simon Gachet;James Kell;;McLaren 720S GT3 EVO;71;3:13.523;34.309;249;1:06.816;79;1:32.398;78;269
111;;Arthur Rougier;Simon Gachet;James Kell;;McLaren 720S GT3 EVO;72;4:21.527;1:27.022;78;1:22.049;77;1:32.456;78;78
111;;Arthur Rougier;Simon Gachet;James Kell;;McLaren 720S GT3 EVO;73;3:48.031;1:26.789;78;1:21.983;78;59.259;224;78
111;;Arthur Rougier;Simon Gachet;James Kell;;McLaren 720S GT3 EVO;74;1:59.212;38.767;230;40.694;223;39.751;224;178
111;;Arthur Rougier;Simon Gachet;James Kell;;McLaren 720S GT3 EVO;75;2:26.014;46.663;114;51.737;171;47.614;222;212
111;;Arthur Rougier;Simon Gachet;James Kell;;McLaren 720S GT3 EVO;76;1:52.022;35.537;252;38.952;253;37.533;234;241
111;;Arthur Rougier;Simon Gachet;James Kell;;McLaren 720S GT3 EVO;77;2:02.575;35.938;253;44.687;184;41.950;196;268
111;;Arthur Rougier;Simon Gachet;James Kell;;McLaren 720S GT3 EVO;78;4:09.192;1:29.531;55;1:27.145;87;1:12.516;96;60
Bib;Class;Driver1;Driver2;Driver3;Driver4;Car;Lap;Time;Sector1Time;SpeedTrap1;Sector2Time;SpeedTrap2;Sector3Time;SpeedTrap3;TopSpeed
177;;Alfredo Hernandez Ortega;Stephane Tribaudini;Colin Caresani;;Mercedes-AMG GT3 EVO;1;3:13.615;53.619;223;55.677;101;1:24.319;63;156
177;;Alfredo Hernandez Ortega;Stephane Tribaudini;Colin Caresani;;Mercedes-AMG GT3 EVO;2;4:31.308;1:53.014;110;1:18.176;99;1:20.118;69;67
177;;Alfredo Hernandez Ortega;Stephane Tribaudini;Colin Caresani;;Mercedes-AMG GT3 EVO;3;3:13.147;1:14.408;85;1:06.303;136;52.436;216;50
177;;Alfredo Hernandez Ortega;Stephane Tribaudini;Colin Caresani;;Mercedes-AMG GT3 EVO;4;2:39.808;1:01.164;132;53.623;128;45.021;221;67
177;;Alfredo Hernandez Ortega;Stephane Tribaudini;Colin Caresani;;Mercedes-AMG GT3 EVO;5;2:21.345;40.921;227;55.172;151;45.252;202;207
177;;Alfredo Hernandez Ortega;Stephane Tribaudini;Colin Caresani;;Mercedes-AMG GT3 EVO;6;2:44.528;54.873;128;57.000;148;52.655;223;91
177;;Alfredo Hernandez Ortega;Stephane Tribaudini;Colin Caresani;;Mercedes-AMG GT3 EVO;7;1:58.701;36.588;242;40.954;248;41.159;225;252
177;;Alfredo Hernandez Ortega;Stephane Tribaudini;Colin Caresani;;Mercedes-AMG GT3 EVO;8;1:59.220;38.633;240;39.764;243;40.823;226;249
177;;Alfredo Hernandez Ortega;Stephane Tribaudini;Colin Caresani;;Mercedes-AMG GT3 EVO;9;1:54.764;36.682;242;38.059;248;40.023;223;258
177;;Alfredo Hernandez Ortega;Stephane Tribaudini;Colin Caresani;;Mercedes-AMG GT3 EVO;10;1:54.657;35.621;246;39.765;246;39.271;227;259
177;;Alfredo Hernandez Ortega;Stephane Tribaudini;Colin Caresani;;Mercedes-AMG GT3 EVO;11;1:52.533;35.388;246;38.234;246;38.911;227;259
177;;Alfredo Hernandez Ortega;Stephane Tribaudini;Colin Caresani;;Mercedes-AMG GT3 EVO;12;1:52.026;34.956;245;37.951;246;39.119;227;263
177;;Alfredo Hernandez Ortega;Stephane Tribaudini;Colin Caresani;;Mercedes-AMG GT3 EVO;13;1:52.523;34.769;245;37.834;245;39.920;225;263
177;;Alfredo Hernandez Ortega;Stephane Tribaudini;Colin Caresani;;Mercedes-AMG GT3 EVO;14;1:52.369;35.288;245;37.839;245;39.242;227;261
177;;Alfredo Hernandez Ortega;Stephane Tribaudini;Colin Caresani;;Mercedes-AMG GT3 EVO;15;1:51.586;34.890;246;38.347;245;38.349;227;263
177;;Alfredo Hernandez Ortega;Stephane Tribaudini;Colin Caresani;;Mercedes-AMG GT3 EVO;16;1:50.608;35.075;246;37.557;247;37.976;227;261
177;;Alfredo Hernandez Ortega;Stephane Tribaudini;Colin Caresani;;Mercedes-AMG GT3 EVO;17;1:51.716;35.339;245;37.774;247;38.603;227;261
Bib;Class;Driver1;Driver2;Driver3;Driver4;Car;Lap;Time;Sector1Time;SpeedTrap1;Sector2Time;SpeedTrap2;Sector3Time;SpeedTrap3;TopSpeed
177;;Alfredo Hernandez Ortega;Stephane Tribaudini;Colin Caresani;;Mercedes-AMG GT3 EVO;18;1:51.316;35.137;246;37.667;247;38.512;226;262
177;;Alfredo Hernandez Ortega;Stephane Tribaudini;Colin Caresani;;Mercedes-AMG GT3 EVO;19;1:50.825;35.123;246;37.552;247;38.150;227;261
177;;Alfredo Hernandez Ortega;Stephane Tribaudini;Colin Caresani;;Mercedes-AMG GT3 EVO;20;1:50.976;35.031;245;37.995;247;37.950;227;262
177;;Alfredo Hernandez Ortega;Stephane Tribaudini;Colin Caresani;;Mercedes-AMG GT3 EVO;21;1:58.901;34.975;245;37.420;248;46.506;;262
177;;Alfredo Hernandez Ortega;Stephane Tribaudini;Colin Caresani;;Mercedes-AMG GT3 EVO;22;3:41.938;1:53.642;244;37.885;248;1:10.411;78;201
177;;Alfredo Hernandez Ortega;Stephane Tribaudini;Colin Caresani;;Mercedes-AMG GT3 EVO;23;4:22.227;1:26.868;78;1:22.375;78;1:32.984;78;78
177;;Alfredo Hernandez Ortega;Stephane Tribaudini;Colin Caresani;;Mercedes-AMG GT3 EVO;24;4:22.631;1:27.186;78;1:22.408;78;1:33.037;78;78
177;;Alfredo Hernandez Ortega;Stephane Tribaudini;Colin Caresani;;Mercedes-AMG GT3 EVO;25;4:22.928;1:27.527;78;1:22.385;78;1:33.016;77;78
177;;Alfredo Hernandez Ortega;Stephane Tribaudini;Colin Caresani;;Mercedes-AMG GT3 EVO;26;2:27.171;1:02.933;213;43.629;173;40.609;187;76
177;;Alfredo Hernandez Ortega;Stephane Tribaudini;Colin Caresani;;Mercedes-AMG GT3 EVO;27;2:30.239;58.279;114;52.338;208;39.622;230;94
177;;Alfredo Hernandez Ortega;Stephane Tribaudini;Colin Caresani;;Mercedes-AMG GT3 EVO;28;1:51.461;35.466;248;37.784;245;38.211;231;252
177;;Alfredo Hernandez Ortega;Stephane Tribaudini;Colin Caresani;;Mercedes-AMG GT3 EVO;29;1:50.005;35.335;248;37.436;249;37.234;229;259
177;;Alfredo Hernandez Ortega;Stephane Tribaudini;Colin Caresani;;Mercedes-AMG GT3 EVO;30;1:50.940;35.442;231;38.293;250;37.205;229;263
177;;Alfredo Hernandez Ortega;Stephane Tribaudini;Colin Caresani;;Mercedes-AMG GT3 EVO;31;1:49.070;34.825;246;37.128;250;37.117;229;265
177;;Alfredo Hernandez Ortega;Stephane Tribaudini;Colin Caresani;;Mercedes-AMG GT3 EVO;32;1:49.909;35.588;248;37.263;251;37.058;229;255
177;;Alfredo Hernandez Ortega;Stephane Tribaudini;Colin Caresani;;Mercedes-AMG GT3 EVO;33;2:29.299;34.743;248;36.888;249;1:17.668;78;265
177;;Alfredo Hernandez Ortega;Stephane Tribaudini;Colin Caresani;;Mercedes-AMG GT3 EVO;34;1:55.373;40.957;248;37.434;249;36.982;230;233
Bib;Class;Driver1;Driver2;Driver3;Driver4;Car;Lap;Time;Sector1Time;SpeedTrap1;Sector2Time;SpeedTrap2;Sector3Time;SpeedTrap3;TopSpeed
177;;Alfredo Hernandez Ortega;Stephane Tribaudini;Colin Caresani;;Mercedes-AMG GT3 EVO;35;1:50.040;34.846;249;37.765;232;37.429;230;266
177;;Alfredo Hernandez Ortega;Stephane Tribaudini;Colin Caresani;;Mercedes-AMG GT3 EVO;36;1:49.457;35.303;248;37.183;250;36.971;230;265
177;;Alfredo Hernandez Ortega;Stephane Tribaudini;Colin Caresani;;Mercedes-AMG GT3 EVO;37;1:49.527;34.830;250;37.729;246;36.968;229;267
177;;Alfredo Hernandez Ortega;Stephane Tribaudini;Colin Caresani;;Mercedes-AMG GT3 EVO;38;2:04.659;34.530;247;52.245;240;37.884;229;264
177;;Alfredo Hernandez Ortega;Stephane Tribaudini;Colin Caresani;;Mercedes-AMG GT3 EVO;39;1:49.804;34.806;246;37.635;249;37.363;229;265
177;;Alfredo Hernandez Ortega;Stephane Tribaudini;Colin Caresani;;Mercedes-AMG GT3 EVO;40;1:49.408;34.693;248;37.493;249;37.222;230;265
177;;Alfredo Hernandez Ortega;Stephane Tribaudini;Colin Caresani;;Mercedes-AMG GT3 EVO;41;2:00.235;34.842;248;37.800;228;47.593;78;265
177;;Alfredo Hernandez Ortega;Stephane Tribaudini;Colin Caresani;;Mercedes-AMG GT3 EVO;42;4:24.742;1:26.466;78;1:22.302;78;1:35.974;;78
177;;Alfredo Hernandez Ortega;Stephane Tribaudini;Colin Caresani;;Mercedes-AMG GT3 EVO;43;5:57.511;3:02.377;78;1:22.405;78;1:32.729;112;78
177;;Alfredo Hernandez Ortega;Stephane Tribaudini;Colin Caresani;;Mercedes-AMG GT3 EVO;44;2:00.577;40.753;168;40.452;244;39.372;226;218
177;;Alfredo Hernandez Ortega;Stephane Tribaudini;Colin Caresani;;Mercedes-AMG GT3 EVO;45;2:05.213;36.618;245;38.491;246;50.104;123;226
177;;Alfredo Hernandez Ortega;Stephane Tribaudini;Colin Caresani;;Mercedes-AMG GT3 EVO;46;2:42.154;1:04.936;123;53.657;198;43.561;229;72
177;;Alfredo Hernandez Ortega;Stephane Tribaudini;Colin Caresani;;Mercedes-AMG GT3 EVO;47;1:50.913;35.017;248;38.712;251;37.184;233;265
177;;Alfredo Hernandez Ortega;Stephane Tribaudini;Colin Caresani;;Mercedes-AMG GT3 EVO;48;1:53.100;35.635;249;39.266;252;38.199;230;268
177;;Alfredo Hernandez Ortega;Stephane Tribaudini;Colin Caresani;;Mercedes-AMG GT3 EVO;49;1:51.428;34.960;248;38.446;252;38.022;229;268
177;;Alfredo Hernandez Ortega;Stephane Tribaudini;Colin Caresani;;Mercedes-AMG GT3 EVO;50;1:50.684;35.377;249;37.767;250;37.540;230;248
177;;Alfredo Hernandez Ortega;Stephane Tribaudini;Colin Caresani;;Mercedes-AMG GT3 EVO;51;1:49.448;35.007;248;37.286;249;37.155;230;265
Bib;Class;Driver1;Driver2;Driver3;Driver4;Car;Lap;Time;Sector1Time;SpeedTrap1;Sector2Time;SpeedTrap2;Sector3Time;SpeedTrap3;TopSpeed
177;;Alfredo Hernandez Ortega;Stephane Tribaudini;Colin Caresani;;Mercedes-AMG GT3 EVO;52;1:47.826;34.397;248;36.626;249;36.803;230;263
177;;Alfredo Hernandez Ortega;Stephane Tribaudini;Colin Caresani;;Mercedes-AMG GT3 EVO;53;1:48.230;34.521;246;36.704;249;37.005;230;263
177;;Alfredo Hernandez Ortega;Stephane Tribaudini;Colin Caresani;;Mercedes-AMG GT3 EVO;54;1:48.212;34.490;246;36.902;249;36.820;231;265
177;;Alfredo Hernandez Ortega;Stephane Tribaudini;Colin Caresani;;Mercedes-AMG GT3 EVO;55;1:47.850;34.443;246;36.580;250;36.827;232;265
177;;Alfredo Hernandez Ortega;Stephane Tribaudini;Colin Caresani;;Mercedes-AMG GT3 EVO;56;1:47.963;34.374;248;36.816;250;36.773;231;265
177;;Alfredo Hernandez Ortega;Stephane Tribaudini;Colin Caresani;;Mercedes-AMG GT3 EVO;57;1:47.863;34.419;247;36.689;250;36.755;232;267
177;;Alfredo Hernandez Ortega;Stephane Tribaudini;Colin Caresani;;Mercedes-AMG GT3 EVO;58;1:47.831;34.319;247;36.707;251;36.805;231;267
177;;Alfredo Hernandez Ortega;Stephane Tribaudini;Colin Caresani;;Mercedes-AMG GT3 EVO;59;1:47.711;34.403;247;36.649;252;36.659;231;266
177;;Alfredo Hernandez Ortega;Stephane Tribaudini;Colin Caresani;;Mercedes-AMG GT3 EVO;60;1:47.769;34.292;248;36.769;251;36.708;231;265
177;;Alfredo Hernandez Ortega;Stephane Tribaudini;Colin Caresani;;Mercedes-AMG GT3 EVO;61;1:47.888;34.418;248;36.682;251;36.788;232;265
177;;Alfredo Hernandez Ortega;Stephane Tribaudini;Colin Caresani;;Mercedes-AMG GT3 EVO;62;1:48.056;34.339;249;36.804;250;36.913;229;267
177;;Alfredo Hernandez Ortega;Stephane Tribaudini;Colin Caresani;;Mercedes-AMG GT3 EVO;63;1:47.762;34.207;248;36.790;251;36.765;231;267
177;;Alfredo Hernandez Ortega;Stephane Tribaudini;Colin Caresani;;Mercedes-AMG GT3 EVO;64;1:47.797;34.352;247;36.733;251;36.712;231;268
177;;Alfredo Hernandez Ortega;Stephane Tribaudini;Colin Caresani;;Mercedes-AMG GT3 EVO;65;1:48.261;34.270;247;36.896;250;37.095;232;267
177;;Alfredo Hernandez Ortega;Stephane Tribaudini;Colin Caresani;;Mercedes-AMG GT3 EVO;66;1:47.825;34.285;246;36.688;250;36.852;231;267
177;;Alfredo Hernandez Ortega;Stephane Tribaudini;Colin Caresani;;Mercedes-AMG GT3 EVO;67;1:48.424;35.019;249;36.692;250;36.713;231;242
177;;Alfredo Hernandez Ortega;Stephane Tribaudini;Colin Caresani;;Mercedes-AMG GT3 EVO;68;1:48.782;34.322;249;37.554;250;36.906;231;267
Bib;Class;Driver1;Driver2;Driver3;Driver4;Car;Lap;Time;Sector1Time;SpeedTrap1;Sector2Time;SpeedTrap2;Sector3Time;SpeedTrap3;TopSpeed
177;;Alfredo Hernandez Ortega;Stephane Tribaudini;Colin Caresani;;Mercedes-AMG GT3 EVO;69;1:54.856;34.410;250;36.860;252;43.586;;267
177;;Alfredo Hernandez Ortega;Stephane Tribaudini;Colin Caresani;;Mercedes-AMG GT3 EVO;70;3:10.979;1:52.531;247;40.594;234;37.854;229;203
177;;Alfredo Hernandez Ortega;Stephane Tribaudini;Colin Caresani;;Mercedes-AMG GT3 EVO;71;3:50.773;55.366;78;1:22.301;78;1:33.106;78;265
177;;Alfredo Hernandez Ortega;Stephane Tribaudini;Colin Caresani;;Mercedes-AMG GT3 EVO;72;4:22.365;1:27.015;78;1:22.336;78;1:33.014;78;78
177;;Alfredo Hernandez Ortega;Stephane Tribaudini;Colin Caresani;;Mercedes-AMG GT3 EVO;73;3:12.782;1:27.247;78;59.275;242;46.260;208;78
177;;Alfredo Hernandez Ortega;Stephane Tribaudini;Colin Caresani;;Mercedes-AMG GT3 EVO;74;1:55.770;38.934;226;38.698;244;38.138;226;151
177;;Alfredo Hernandez Ortega;Stephane Tribaudini;Colin Caresani;;Mercedes-AMG GT3 EVO;75;2:05.538;37.912;131;47.007;207;40.619;223;238
177;;Alfredo Hernandez Ortega;Stephane Tribaudini;Colin Caresani;;Mercedes-AMG GT3 EVO;76;1:52.331;35.199;249;37.930;251;39.202;232;257
177;;Alfredo Hernandez Ortega;Stephane Tribaudini;Colin Caresani;;Mercedes-AMG GT3 EVO;77;2:10.091;37.867;227;49.524;164;42.700;165;202
177;;Alfredo Hernandez Ortega;Stephane Tribaudini;Colin Caresani;;Mercedes-AMG GT3 EVO;78;4:13.859;1:35.866;66;1:24.342;81;1:13.651;85;16
222;;Reece Barr;Charles Dawson;Kiern Jewiss;;Mercedes-AMG GT3 EVO;1;2:52.096;46.751;237;47.026;120;1:18.319;54;170
222;;Reece Barr;Charles Dawson;Kiern Jewiss;;Mercedes-AMG GT3 EVO;2;4:28.308;1:48.438;89;1:20.777;82;1:19.093;72;68
222;;Reece Barr;Charles Dawson;Kiern Jewiss;;Mercedes-AMG GT3 EVO;3;3:21.323;1:20.600;101;1:04.660;138;56.063;127;27
222;;Reece Barr;Charles Dawson;Kiern Jewiss;;Mercedes-AMG GT3 EVO;4;2:44.742;1:03.745;157;53.601;181;47.396;193;85
222;;Reece Barr;Charles Dawson;Kiern Jewiss;;Mercedes-AMG GT3 EVO;5;2:28.282;41.082;173;55.116;183;52.084;169;241
222;;Reece Barr;Charles Dawson;Kiern Jewiss;;Mercedes-AMG GT3 EVO;6;2:44.111;55.681;146;57.229;158;51.201;231;109
222;;Reece Barr;Charles Dawson;Kiern Jewiss;;Mercedes-AMG GT3 EVO;7;1:50.096;35.169;249;37.420;249;37.507;230;261
Bib;Class;Driver1;Driver2;Driver3;Driver4;Car;Lap;Time;Sector1Time;SpeedTrap1;Sector2Time;SpeedTrap2;Sector3Time;SpeedTrap3;TopSpeed
222;;Reece Barr;Charles Dawson;Kiern Jewiss;;Mercedes-AMG GT3 EVO;8;1:49.464;34.842;248;37.137;249;37.485;230;266
222;;Reece Barr;Charles Dawson;Kiern Jewiss;;Mercedes-AMG GT3 EVO;9;1:48.689;34.674;248;36.948;250;37.067;230;266
222;;Reece Barr;Charles Dawson;Kiern Jewiss;;Mercedes-AMG GT3 EVO;10;1:48.826;34.625;249;37.108;250;37.093;230;265
222;;Reece Barr;Charles Dawson;Kiern Jewiss;;Mercedes-AMG GT3 EVO;11;1:48.629;34.605;248;36.997;250;37.027;231;266
222;;Reece Barr;Charles Dawson;Kiern Jewiss;;Mercedes-AMG GT3 EVO;12;1:48.327;34.497;248;36.898;250;36.932;232;267
222;;Reece Barr;Charles Dawson;Kiern Jewiss;;Mercedes-AMG GT3 EVO;13;1:48.016;34.434;248;36.731;252;36.851;232;267
222;;Reece Barr;Charles Dawson;Kiern Jewiss;;Mercedes-AMG GT3 EVO;14;1:48.156;34.328;249;36.833;250;36.995;230;267
222;;Reece Barr;Charles Dawson;Kiern Jewiss;;Mercedes-AMG GT3 EVO;15;1:48.045;34.368;249;36.760;251;36.917;232;265
222;;Reece Barr;Charles Dawson;Kiern Jewiss;;Mercedes-AMG GT3 EVO;16;1:48.460;34.417;249;36.852;253;37.191;231;267
222;;Reece Barr;Charles Dawson;Kiern Jewiss;;Mercedes-AMG GT3 EVO;17;1:48.393;34.419;250;37.029;252;36.945;230;265
222;;Reece Barr;Charles Dawson;Kiern Jewiss;;Mercedes-AMG GT3 EVO;18;1:48.177;34.366;248;36.913;252;36.898;232;265
222;;Reece Barr;Charles Dawson;Kiern Jewiss;;Mercedes-AMG GT3 EVO;19;1:48.375;34.352;249;36.760;252;37.263;234;267
222;;Reece Barr;Charles Dawson;Kiern Jewiss;;Mercedes-AMG GT3 EVO;20;1:48.488;34.643;248;36.895;253;36.950;232;265
222;;Reece Barr;Charles Dawson;Kiern Jewiss;;Mercedes-AMG GT3 EVO;21;1:48.372;34.563;249;37.100;252;36.709;232;265
222;;Reece Barr;Charles Dawson;Kiern Jewiss;;Mercedes-AMG GT3 EVO;22;1:48.175;34.515;250;36.778;253;36.882;232;267
222;;Reece Barr;Charles Dawson;Kiern Jewiss;;Mercedes-AMG GT3 EVO;23;1:48.840;35.046;248;36.877;252;36.917;232;265
222;;Reece Barr;Charles Dawson;Kiern Jewiss;;Mercedes-AMG GT3 EVO;24;3:40.949;44.663;79;1:21.339;79;1:34.947;;265
Bib;Class;Driver1;Driver2;Driver3;Driver4;Car;Lap;Time;Sector1Time;SpeedTrap1;Sector2Time;SpeedTrap2;Sector3Time;SpeedTrap3;TopSpeed
222;;Reece Barr;Charles Dawson;Kiern Jewiss;;Mercedes-AMG GT3 EVO;25;5:23.333;2:28.934;79;1:21.636;79;1:32.763;79;78
222;;Reece Barr;Charles Dawson;Kiern Jewiss;;Mercedes-AMG GT3 EVO;26;4:20.803;1:26.779;79;1:21.747;79;1:32.277;79;79
222;;Reece Barr;Charles Dawson;Kiern Jewiss;;Mercedes-AMG GT3 EVO;27;3:10.966;1:27.096;79;52.282;183;51.588;98;79
222;;Reece Barr;Charles Dawson;Kiern Jewiss;;Mercedes-AMG GT3 EVO;28;2:43.636;1:05.109;107;53.325;201;45.202;231;76
222;;Reece Barr;Charles Dawson;Kiern Jewiss;;Mercedes-AMG GT3 EVO;29;1:51.783;35.557;244;38.654;250;37.572;231;259
222;;Reece Barr;Charles Dawson;Kiern Jewiss;;Mercedes-AMG GT3 EVO;30;1:49.448;34.978;249;37.177;251;37.293;230;266
222;;Reece Barr;Charles Dawson;Kiern Jewiss;;Mercedes-AMG GT3 EVO;31;1:50.790;35.484;249;38.068;252;37.238;229;265
222;;Reece Barr;Charles Dawson;Kiern Jewiss;;Mercedes-AMG GT3 EVO;32;1:49.645;34.800;248;37.543;251;37.302;230;265
222;;Reece Barr;Charles Dawson;Kiern Jewiss;;Mercedes-AMG GT3 EVO;33;1:51.431;35.370;245;38.902;252;37.159;230;267
222;;Reece Barr;Charles Dawson;Kiern Jewiss;;Mercedes-AMG GT3 EVO;34;2:18.631;34.773;248;37.253;252;1:06.605;79;265
222;;Reece Barr;Charles Dawson;Kiern Jewiss;;Mercedes-AMG GT3 EVO;35;2:06.867;52.298;246;37.357;249;37.212;230;185
222;;Reece Barr;Charles Dawson;Kiern Jewiss;;Mercedes-AMG GT3 EVO;36;1:49.187;34.816;248;37.229;251;37.142;231;265
222;;Reece Barr;Charles Dawson;Kiern Jewiss;;Mercedes-AMG GT3 EVO;37;1:49.428;34.796;245;37.580;249;37.052;230;265
222;;Reece Barr;Charles Dawson;Kiern Jewiss;;Mercedes-AMG GT3 EVO;38;1:48.500;34.470;248;37.142;250;36.888;230;265
222;;Reece Barr;Charles Dawson;Kiern Jewiss;;Mercedes-AMG GT3 EVO;39;1:48.333;34.555;248;36.867;250;36.911;231;264
222;;Reece Barr;Charles Dawson;Kiern Jewiss;;Mercedes-AMG GT3 EVO;40;1:48.200;34.528;246;36.857;250;36.815;231;265
222;;Reece Barr;Charles Dawson;Kiern Jewiss;;Mercedes-AMG GT3 EVO;41;1:48.548;34.462;247;37.011;251;37.075;231;266
Bib;Class;Driver1;Driver2;Driver3;Driver4;Car;Lap;Time;Sector1Time;SpeedTrap1;Sector2Time;SpeedTrap2;Sector3Time;SpeedTrap3;TopSpeed
222;;Reece Barr;Charles Dawson;Kiern Jewiss;;Mercedes-AMG GT3 EVO;42;1:48.377;34.549;248;36.929;252;36.899;231;266
222;;Reece Barr;Charles Dawson;Kiern Jewiss;;Mercedes-AMG GT3 EVO;43;3:44.302;50.718;79;1:21.417;79;1:32.167;78;266
222;;Reece Barr;Charles Dawson;Kiern Jewiss;;Mercedes-AMG GT3 EVO;44;4:22.844;1:26.230;79;1:21.615;79;1:34.999;;79
222;;Reece Barr;Charles Dawson;Kiern Jewiss;;Mercedes-AMG GT3 EVO;45;4:02.883;2:28.186;79;50.144;211;44.553;192;79
222;;Reece Barr;Charles Dawson;Kiern Jewiss;;Mercedes-AMG GT3 EVO;46;2:42.582;38.295;214;57.372;118;1:06.915;147;200
222;;Reece Barr;Charles Dawson;Kiern Jewiss;;Mercedes-AMG GT3 EVO;47;2:50.871;1:06.717;128;56.136;189;48.018;231;68
222;;Reece Barr;Charles Dawson;Kiern Jewiss;;Mercedes-AMG GT3 EVO;48;1:49.578;35.244;247;37.035;252;37.299;230;257
222;;Reece Barr;Charles Dawson;Kiern Jewiss;;Mercedes-AMG GT3 EVO;49;1:50.997;35.314;249;38.553;251;37.130;231;269
222;;Reece Barr;Charles Dawson;Kiern Jewiss;;Mercedes-AMG GT3 EVO;50;1:48.847;35.012;248;36.829;251;37.006;230;267
222;;Reece Barr;Charles Dawson;Kiern Jewiss;;Mercedes-AMG GT3 EVO;51;1:49.883;34.727;249;38.049;249;37.107;230;267
222;;Reece Barr;Charles Dawson;Kiern Jewiss;;Mercedes-AMG GT3 EVO;52;1:48.991;34.758;250;37.106;250;37.127;230;267
222;;Reece Barr;Charles Dawson;Kiern Jewiss;;Mercedes-AMG GT3 EVO;53;1:48.532;34.374;250;37.036;251;37.122;230;265
222;;Reece Barr;Charles Dawson;Kiern Jewiss;;Mercedes-AMG GT3 EVO;54;1:48.437;34.374;248;36.803;252;37.260;231;268
222;;Reece Barr;Charles Dawson;Kiern Jewiss;;Mercedes-AMG GT3 EVO;55;1:49.477;34.517;248;36.976;252;37.984;227;271
222;;Reece Barr;Charles Dawson;Kiern Jewiss;;Mercedes-AMG GT3 EVO;56;1:48.697;34.784;248;36.968;251;36.945;231;263
222;;Reece Barr;Charles Dawson;Kiern Jewiss;;Mercedes-AMG GT3 EVO;57;1:49.188;35.061;246;37.146;252;36.981;233;267
222;;Reece Barr;Charles Dawson;Kiern Jewiss;;Mercedes-AMG GT3 EVO;58;1:48.706;34.784;249;36.858;250;37.064;232;264
Bib;Class;Driver1;Driver2;Driver3;Driver4;Car;Lap;Time;Sector1Time;SpeedTrap1;Sector2Time;SpeedTrap2;Sector3Time;SpeedTrap3;TopSpeed
222;;Reece Barr;Charles Dawson;Kiern Jewiss;;Mercedes-AMG GT3 EVO;59;1:49.058;34.726;249;37.150;250;37.182;231;267
222;;Reece Barr;Charles Dawson;Kiern Jewiss;;Mercedes-AMG GT3 EVO;60;1:49.285;34.644;248;36.732;252;37.909;229;266
222;;Reece Barr;Charles Dawson;Kiern Jewiss;;Mercedes-AMG GT3 EVO;61;1:48.287;34.543;247;36.733;251;37.011;230;265
222;;Reece Barr;Charles Dawson;Kiern Jewiss;;Mercedes-AMG GT3 EVO;62;1:47.888;34.517;248;36.662;250;36.709;231;265
222;;Reece Barr;Charles Dawson;Kiern Jewiss;;Mercedes-AMG GT3 EVO;63;1:47.813;34.336;248;36.458;250;37.019;230;265
222;;Reece Barr;Charles Dawson;Kiern Jewiss;;Mercedes-AMG GT3 EVO;64;1:47.546;34.393;248;36.484;250;36.669;231;265
222;;Reece Barr;Charles Dawson;Kiern Jewiss;;Mercedes-AMG GT3 EVO;65;1:47.564;34.337;248;36.592;251;36.635;231;266
222;;Reece Barr;Charles Dawson;Kiern Jewiss;;Mercedes-AMG GT3 EVO;66;1:47.766;34.560;247;36.474;251;36.732;231;266
222;;Reece Barr;Charles Dawson;Kiern Jewiss;;Mercedes-AMG GT3 EVO;67;1:47.528;34.446;246;36.366;251;36.716;231;266
222;;Reece Barr;Charles Dawson;Kiern Jewiss;;Mercedes-AMG GT3 EVO;68;1:58.958;34.850;246;37.693;249;46.415;;265
222;;Reece Barr;Charles Dawson;Kiern Jewiss;;Mercedes-AMG GT3 EVO;69;3:07.118;1:52.936;244;37.120;252;37.062;231;204
222;;Reece Barr;Charles Dawson;Kiern Jewiss;;Mercedes-AMG GT3 EVO;70;1:51.593;35.561;246;38.792;250;37.240;231;267
222;;Reece Barr;Charles Dawson;Kiern Jewiss;;Mercedes-AMG GT3 EVO;71;1:52.895;34.549;249;39.818;236;38.528;228;267
222;;Reece Barr;Charles Dawson;Kiern Jewiss;;Mercedes-AMG GT3 EVO;72;;;;;;;;158
555;;Baptiste Moulin;Romain Andriolo;Lorens Lecertua;;McLaren 720S GT3 EVO;1;2:47.366;45.822;241;45.378;155;1:16.166;64;173
555;;Baptiste Moulin;Romain Andriolo;Lorens Lecertua;;McLaren 720S GT3 EVO;2;4:28.543;1:48.455;87;1:20.150;96;1:19.938;86;45
Bib;Class;Driver1;Driver2;Driver3;Driver4;Car;Lap;Time;Sector1Time;SpeedTrap1;Sector2Time;SpeedTrap2;Sector3Time;SpeedTrap3;TopSpeed
555;;Baptiste Moulin;Romain Andriolo;Lorens Lecertua;;McLaren 720S GT3 EVO;3;3:23.304;1:20.631;86;1:03.882;174;58.791;119;44
555;;Baptiste Moulin;Romain Andriolo;Lorens Lecertua;;McLaren 720S GT3 EVO;4;2:44.825;1:03.985;162;53.774;167;47.066;141;64
555;;Baptiste Moulin;Romain Andriolo;Lorens Lecertua;;McLaren 720S GT3 EVO;5;2:26.812;42.891;142;54.611;197;49.310;151;209
555;;Baptiste Moulin;Romain Andriolo;Lorens Lecertua;;McLaren 720S GT3 EVO;6;2:47.504;58.638;137;57.405;160;51.461;231;113
555;;Baptiste Moulin;Romain Andriolo;Lorens Lecertua;;McLaren 720S GT3 EVO;7;1:50.244;35.326;249;37.449;250;37.469;231;257
555;;Baptiste Moulin;Romain Andriolo;Lorens Lecertua;;McLaren 720S GT3 EVO;8;1:49.343;34.803;249;37.156;252;37.384;230;268
555;;Baptiste Moulin;Romain Andriolo;Lorens Lecertua;;McLaren 720S GT3 EVO;9;1:48.767;34.749;248;36.745;252;37.273;230;267
555;;Baptiste Moulin;Romain Andriolo;Lorens Lecertua;;McLaren 720S GT3 EVO;10;1:48.785;34.619;249;37.062;251;37.104;231;267
555;;Baptiste Moulin;Romain Andriolo;Lorens Lecertua;;McLaren 720S GT3 EVO;11;1:48.308;34.666;248;36.743;251;36.899;231;267
555;;Baptiste Moulin;Romain Andriolo;Lorens Lecertua;;McLaren 720S GT3 EVO;12;1:48.378;34.553;248;36.754;251;37.071;231;269
555;;Baptiste Moulin;Romain Andriolo;Lorens Lecertua;;McLaren 720S GT3 EVO;13;1:48.135;34.480;249;36.610;252;37.045;231;269
555;;Baptiste Moulin;Romain Andriolo;Lorens Lecertua;;McLaren 720S GT3 EVO;14;1:48.138;34.522;249;36.603;251;37.013;231;269
555;;Baptiste Moulin;Romain Andriolo;Lorens Lecertua;;McLaren 720S GT3 EVO;15;1:48.219;34.550;249;36.689;252;36.980;232;268
Bib;Class;Driver1;Driver2;Driver3;Driver4;Car;Lap;Time;Sector1Time;SpeedTrap1;Sector2Time;SpeedTrap2;Sector3Time;SpeedTrap3;TopSpeed
555;;Baptiste Moulin;Romain Andriolo;Lorens Lecertua;;McLaren 720S GT3 EVO;16;1:48.482;34.554;248;36.760;251;37.168;231;269
555;;Baptiste Moulin;Romain Andriolo;Lorens Lecertua;;McLaren 720S GT3 EVO;17;1:48.256;34.601;249;36.842;250;36.813;231;266
555;;Baptiste Moulin;Romain Andriolo;Lorens Lecertua;;McLaren 720S GT3 EVO;18;1:48.290;34.626;248;36.660;252;37.004;231;267
555;;Baptiste Moulin;Romain Andriolo;Lorens Lecertua;;McLaren 720S GT3 EVO;19;1:48.065;34.479;249;36.687;252;36.899;231;268
555;;Baptiste Moulin;Romain Andriolo;Lorens Lecertua;;McLaren 720S GT3 EVO;20;1:48.557;34.800;249;36.854;253;36.903;232;268
555;;Baptiste Moulin;Romain Andriolo;Lorens Lecertua;;McLaren 720S GT3 EVO;21;1:48.247;34.598;249;36.734;253;36.915;232;267
555;;Baptiste Moulin;Romain Andriolo;Lorens Lecertua;;McLaren 720S GT3 EVO;22;1:48.211;34.631;249;36.651;252;36.929;231;267
555;;Baptiste Moulin;Romain Andriolo;Lorens Lecertua;;McLaren 720S GT3 EVO;23;1:48.086;34.583;248;36.645;253;36.858;232;267
555;;Baptiste Moulin;Romain Andriolo;Lorens Lecertua;;McLaren 720S GT3 EVO;24;3:40.358;43.058;79;1:21.785;78;1:35.515;;267
555;;Baptiste Moulin;Romain Andriolo;Lorens Lecertua;;McLaren 720S GT3 EVO;25;5:24.443;2:30.170;78;1:21.793;78;1:32.480;78;78
555;;Baptiste Moulin;Romain Andriolo;Lorens Lecertua;;McLaren 720S GT3 EVO;26;4:20.631;1:26.276;78;1:21.783;78;1:32.572;78;78
555;;Baptiste Moulin;Romain Andriolo;Lorens Lecertua;;McLaren 720S GT3 EVO;27;3:10.780;1:27.444;78;51.363;195;51.973;110;79
555;;Baptiste Moulin;Romain Andriolo;Lorens Lecertua;;McLaren 720S GT3 EVO;28;2:44.463;1:05.336;123;53.222;186;45.905;230;101
Bib;Class;Driver1;Driver2;Driver3;Driver4;Car;Lap;Time;Sector1Time;SpeedTrap1;Sector2Time;SpeedTrap2;Sector3Time;SpeedTrap3;TopSpeed
555;;Baptiste Moulin;Romain Andriolo;Lorens Lecertua;;McLaren 720S GT3 EVO;29;1:51.883;35.824;246;38.562;250;37.497;231;265
555;;Baptiste Moulin;Romain Andriolo;Lorens Lecertua;;McLaren 720S GT3 EVO;30;1:49.402;34.898;248;37.161;252;37.343;230;267
555;;Baptiste Moulin;Romain Andriolo;Lorens Lecertua;;McLaren 720S GT3 EVO;31;1:48.994;34.888;247;37.048;252;37.058;231;267
555;;Baptiste Moulin;Romain Andriolo;Lorens Lecertua;;McLaren 720S GT3 EVO;32;1:48.952;34.971;246;36.781;252;37.200;229;269
555;;Baptiste Moulin;Romain Andriolo;Lorens Lecertua;;McLaren 720S GT3 EVO;33;1:48.717;35.096;248;36.780;250;36.841;230;267
555;;Baptiste Moulin;Romain Andriolo;Lorens Lecertua;;McLaren 720S GT3 EVO;34;2:02.790;34.638;248;36.700;250;51.452;78;266
555;;Baptiste Moulin;Romain Andriolo;Lorens Lecertua;;McLaren 720S GT3 EVO;35;2:15.865;1:02.182;248;36.754;250;36.929;229;78
555;;Baptiste Moulin;Romain Andriolo;Lorens Lecertua;;McLaren 720S GT3 EVO;36;1:48.319;34.580;248;36.791;250;36.948;231;266
555;;Baptiste Moulin;Romain Andriolo;Lorens Lecertua;;McLaren 720S GT3 EVO;37;1:48.061;34.652;248;36.566;250;36.843;230;266
555;;Baptiste Moulin;Romain Andriolo;Lorens Lecertua;;McLaren 720S GT3 EVO;38;1:48.276;34.623;248;36.705;250;36.948;231;266
555;;Baptiste Moulin;Romain Andriolo;Lorens Lecertua;;McLaren 720S GT3 EVO;39;1:48.263;34.547;248;36.669;251;37.047;232;267
555;;Baptiste Moulin;Romain Andriolo;Lorens Lecertua;;McLaren 720S GT3 EVO;40;1:49.306;34.632;248;37.111;251;37.563;232;266
555;;Baptiste Moulin;Romain Andriolo;Lorens Lecertua;;McLaren 720S GT3 EVO;41;1:48.582;34.416;249;37.239;252;36.927;231;269
Bib;Class;Driver1;Driver2;Driver3;Driver4;Car;Lap;Time;Sector1Time;SpeedTrap1;Sector2Time;SpeedTrap2;Sector3Time;SpeedTrap3;TopSpeed
555;;Baptiste Moulin;Romain Andriolo;Lorens Lecertua;;McLaren 720S GT3 EVO;42;1:48.332;34.404;248;36.764;252;37.164;231;269
555;;Baptiste Moulin;Romain Andriolo;Lorens Lecertua;;McLaren 720S GT3 EVO;43;3:22.618;34.423;249;1:15.834;78;1:32.361;78;268
555;;Baptiste Moulin;Romain Andriolo;Lorens Lecertua;;McLaren 720S GT3 EVO;44;4:24.828;1:27.014;78;1:22.135;78;1:35.679;;78
555;;Baptiste Moulin;Romain Andriolo;Lorens Lecertua;;McLaren 720S GT3 EVO;45;4:29.049;2:31.204;79;1:10.722;166;47.123;230;78
555;;Baptiste Moulin;Romain Andriolo;Lorens Lecertua;;McLaren 720S GT3 EVO;46;2:45.087;38.769;117;57.760;111;1:08.558;108;227
555;;Baptiste Moulin;Romain Andriolo;Lorens Lecertua;;McLaren 720S GT3 EVO;47;2:52.042;1:05.501;95;55.975;207;50.566;232;81
555;;Baptiste Moulin;Romain Andriolo;Lorens Lecertua;;McLaren 720S GT3 EVO;48;1:50.184;35.425;248;37.280;253;37.479;232;236
555;;Baptiste Moulin;Romain Andriolo;Lorens Lecertua;;McLaren 720S GT3 EVO;49;2:05.017;50.852;244;37.274;252;36.891;232;269
555;;Baptiste Moulin;Romain Andriolo;Lorens Lecertua;;McLaren 720S GT3 EVO;50;1:50.308;34.576;247;37.860;253;37.872;233;271
555;;Baptiste Moulin;Romain Andriolo;Lorens Lecertua;;McLaren 720S GT3 EVO;51;1:48.746;34.710;248;36.844;252;37.192;231;268
555;;Baptiste Moulin;Romain Andriolo;Lorens Lecertua;;McLaren 720S GT3 EVO;52;1:48.028;34.525;249;36.762;251;36.741;231;269
555;;Baptiste Moulin;Romain Andriolo;Lorens Lecertua;;McLaren 720S GT3 EVO;53;1:47.891;34.509;249;36.868;252;36.514;232;268
555;;Baptiste Moulin;Romain Andriolo;Lorens Lecertua;;McLaren 720S GT3 EVO;54;1:48.720;34.602;248;37.094;253;37.024;231;268
Bib;Class;Driver1;Driver2;Driver3;Driver4;Car;Lap;Time;Sector1Time;SpeedTrap1;Sector2Time;SpeedTrap2;Sector3Time;SpeedTrap3;TopSpeed
555;;Baptiste Moulin;Romain Andriolo;Lorens Lecertua;;McLaren 720S GT3 EVO;55;1:48.196;34.583;248;36.785;252;36.828;232;267
555;;Baptiste Moulin;Romain Andriolo;Lorens Lecertua;;McLaren 720S GT3 EVO;56;1:48.007;34.648;248;36.821;252;36.538;233;267
555;;Baptiste Moulin;Romain Andriolo;Lorens Lecertua;;McLaren 720S GT3 EVO;57;1:47.737;34.540;247;36.729;251;36.468;233;268
555;;Baptiste Moulin;Romain Andriolo;Lorens Lecertua;;McLaren 720S GT3 EVO;58;1:47.576;34.472;248;36.507;252;36.597;233;267
555;;Baptiste Moulin;Romain Andriolo;Lorens Lecertua;;McLaren 720S GT3 EVO;59;1:47.612;34.473;249;36.565;252;36.574;233;268
555;;Baptiste Moulin;Romain Andriolo;Lorens Lecertua;;McLaren 720S GT3 EVO;60;1:47.680;34.435;248;36.523;253;36.722;232;269
555;;Baptiste Moulin;Romain Andriolo;Lorens Lecertua;;McLaren 720S GT3 EVO;61;1:47.571;34.513;249;36.514;253;36.544;232;268
555;;Baptiste Moulin;Romain Andriolo;Lorens Lecertua;;McLaren 720S GT3 EVO;62;1:47.805;34.557;250;36.594;253;36.654;233;269
555;;Baptiste Moulin;Romain Andriolo;Lorens Lecertua;;McLaren 720S GT3 EVO;63;1:47.498;34.478;250;36.402;253;36.618;232;269
555;;Baptiste Moulin;Romain Andriolo;Lorens Lecertua;;McLaren 720S GT3 EVO;64;1:47.889;34.517;249;36.682;253;36.690;233;270
555;;Baptiste Moulin;Romain Andriolo;Lorens Lecertua;;McLaren 720S GT3 EVO;65;1:47.565;34.414;248;36.507;254;36.644;233;270
555;;Baptiste Moulin;Romain Andriolo;Lorens Lecertua;;McLaren 720S GT3 EVO;66;1:47.633;34.436;249;36.655;253;36.542;233;271
555;;Baptiste Moulin;Romain Andriolo;Lorens Lecertua;;McLaren 720S GT3 EVO;67;1:47.886;34.592;249;36.728;252;36.566;233;271
Bib;Class;Driver1;Driver2;Driver3;Driver4;Car;Lap;Time;Sector1Time;SpeedTrap1;Sector2Time;SpeedTrap2;Sector3Time;SpeedTrap3;TopSpeed
555;;Baptiste Moulin;Romain Andriolo;Lorens Lecertua;;McLaren 720S GT3 EVO;68;1:49.220;34.411;248;36.605;253;38.204;231;270
555;;Baptiste Moulin;Romain Andriolo;Lorens Lecertua;;McLaren 720S GT3 EVO;69;1:48.429;35.076;246;36.666;252;36.687;232;265
555;;Baptiste Moulin;Romain Andriolo;Lorens Lecertua;;McLaren 720S GT3 EVO;70;1:47.480;34.372;249;36.581;252;36.527;233;268
555;;Baptiste Moulin;Romain Andriolo;Lorens Lecertua;;McLaren 720S GT3 EVO;71;1:47.419;34.395;249;36.503;252;36.521;233;269
555;;Baptiste Moulin;Romain Andriolo;Lorens Lecertua;;McLaren 720S GT3 EVO;72;1:56.287;34.457;248;36.955;251;44.875;;268
555;;Baptiste Moulin;Romain Andriolo;Lorens Lecertua;;McLaren 720S GT3 EVO;73;5:22.565;2:28.087;78;1:21.772;78;1:32.706;78;78
555;;Baptiste Moulin;Romain Andriolo;Lorens Lecertua;;McLaren 720S GT3 EVO;74;4:23.959;1:26.429;79;1:21.860;78;1:35.670;76;78
555;;Baptiste Moulin;Romain Andriolo;Lorens Lecertua;;McLaren 720S GT3 EVO;75;2:20.661;55.544;152;40.730;191;44.387;140;212
555;;Baptiste Moulin;Romain Andriolo;Lorens Lecertua;;McLaren 720S GT3 EVO;76;2:47.815;1:04.133;123;51.869;183;51.813;230;88
555;;Baptiste Moulin;Romain Andriolo;Lorens Lecertua;;McLaren 720S GT3 EVO;77;1:51.053;34.932;252;38.561;250;37.560;232;267
555;;Baptiste Moulin;Romain Andriolo;Lorens Lecertua;;McLaren 720S GT3 EVO;78;1:55.543;36.253;249;39.718;186;39.572;232;268
555;;Baptiste Moulin;Romain Andriolo;Lorens Lecertua;;McLaren 720S GT3 EVO;79;4:13.214;1:29.908;64;1:27.241;86;1:16.065;82;52
914;;Georgios Kolovos;Lenny Ried;Stylianos Kolovos;;Porsche 911 GT3 R EVO;1;3:10.789;53.001;229;54.597;102;1:23.191;70;166
Bib;Class;Driver1;Driver2;Driver3;Driver4;Car;Lap;Time;Sector1Time;SpeedTrap1;Sector2Time;SpeedTrap2;Sector3Time;SpeedTrap3;TopSpeed
914;;Georgios Kolovos;Lenny Ried;Stylianos Kolovos;;Porsche 911 GT3 R EVO;2;4:30.757;1:53.113;111;1:18.574;99;1:19.070;84;71
914;;Georgios Kolovos;Lenny Ried;Stylianos Kolovos;;Porsche 911 GT3 R EVO;3;3:13.788;1:14.691;81;1:06.531;144;52.566;187;43
914;;Georgios Kolovos;Lenny Ried;Stylianos Kolovos;;Porsche 911 GT3 R EVO;4;2:41.537;1:01.811;119;53.094;128;46.632;166;78
914;;Georgios Kolovos;Lenny Ried;Stylianos Kolovos;;Porsche 911 GT3 R EVO;5;2:32.474;41.172;195;54.590;174;56.712;;197
914;;Georgios Kolovos;Lenny Ried;Stylianos Kolovos;;Porsche 911 GT3 R EVO;6;3:13.265;1:56.884;241;38.369;244;38.012;224;200
914;;Georgios Kolovos;Lenny Ried;Stylianos Kolovos;;Porsche 911 GT3 R EVO;7;1:51.378;35.579;242;37.758;243;38.041;223;259
914;;Georgios Kolovos;Lenny Ried;Stylianos Kolovos;;Porsche 911 GT3 R EVO;8;1:50.749;35.461;241;37.531;243;37.757;225;260
914;;Georgios Kolovos;Lenny Ried;Stylianos Kolovos;;Porsche 911 GT3 R EVO;9;1:50.168;35.313;242;37.387;244;37.468;226;260
914;;Georgios Kolovos;Lenny Ried;Stylianos Kolovos;;Porsche 911 GT3 R EVO;10;1:49.916;35.253;242;37.279;244;37.384;226;259
914;;Georgios Kolovos;Lenny Ried;Stylianos Kolovos;;Porsche 911 GT3 R EVO;11;1:49.976;35.107;241;37.412;244;37.457;226;260
Bib;Class;Driver1;Driver2;Driver3;Driver4;Car;Lap;Time;Sector1Time;SpeedTrap1;Sector2Time;SpeedTrap2;Sector3Time;SpeedTrap3;TopSpeed
914;;Georgios Kolovos;Lenny Ried;Stylianos Kolovos;;Porsche 911 GT3 R EVO;12;1:49.616;35.445;242;37.031;246;37.140;227;260
914;;Georgios Kolovos;Lenny Ried;Stylianos Kolovos;;Porsche 911 GT3 R EVO;13;1:49.562;35.067;242;37.157;244;37.338;226;263
914;;Georgios Kolovos;Lenny Ried;Stylianos Kolovos;;Porsche 911 GT3 R EVO;14;1:49.502;35.120;243;37.121;245;37.261;227;260
914;;Georgios Kolovos;Lenny Ried;Stylianos Kolovos;;Porsche 911 GT3 R EVO;15;1:49.284;35.086;244;36.820;245;37.378;227;261
914;;Georgios Kolovos;Lenny Ried;Stylianos Kolovos;;Porsche 911 GT3 R EVO;16;1:50.189;35.226;246;37.136;248;37.827;227;263
914;;Georgios Kolovos;Lenny Ried;Stylianos Kolovos;;Porsche 911 GT3 R EVO;17;1:54.192;38.272;237;38.657;245;37.263;227;265
914;;Georgios Kolovos;Lenny Ried;Stylianos Kolovos;;Porsche 911 GT3 R EVO;18;1:49.886;35.029;245;37.474;245;37.383;226;261
914;;Georgios Kolovos;Lenny Ried;Stylianos Kolovos;;Porsche 911 GT3 R EVO;19;1:49.915;35.278;246;37.216;246;37.421;227;262
914;;Georgios Kolovos;Lenny Ried;Stylianos Kolovos;;Porsche 911 GT3 R EVO;20;1:50.841;35.539;245;37.455;247;37.847;227;258
914;;Georgios Kolovos;Lenny Ried;Stylianos Kolovos;;Porsche 911 GT3 R EVO;21;1:50.835;35.290;245;37.163;249;38.382;223;258
Bib;Class;Driver1;Driver2;Driver3;Driver4;Car;Lap;Time;Sector1Time;SpeedTrap1;Sector2Time;SpeedTrap2;Sector3Time;SpeedTrap3;TopSpeed
914;;Georgios Kolovos;Lenny Ried;Stylianos Kolovos;;Porsche 911 GT3 R EVO;22;1:49.619;35.306;243;37.179;246;37.134;227;258
914;;Georgios Kolovos;Lenny Ried;Stylianos Kolovos;;Porsche 911 GT3 R EVO;23;2:57.500;35.033;243;50.795;79;1:31.672;79;260
914;;Georgios Kolovos;Lenny Ried;Stylianos Kolovos;;Porsche 911 GT3 R EVO;24;4:19.494;1:26.220;79;1:21.327;79;1:31.947;79;79
914;;Georgios Kolovos;Lenny Ried;Stylianos Kolovos;;Porsche 911 GT3 R EVO;25;4:19.420;1:26.357;79;1:21.278;79;1:31.785;79;79
914;;Georgios Kolovos;Lenny Ried;Stylianos Kolovos;;Porsche 911 GT3 R EVO;26;4:15.968;1:26.292;79;1:21.319;79;1:28.357;166;79
914;;Georgios Kolovos;Lenny Ried;Stylianos Kolovos;;Porsche 911 GT3 R EVO;27;1:56.619;38.744;237;39.138;246;38.737;225;212
914;;Georgios Kolovos;Lenny Ried;Stylianos Kolovos;;Porsche 911 GT3 R EVO;28;2:21.605;50.537;107;52.318;198;38.750;228;135
914;;Georgios Kolovos;Lenny Ried;Stylianos Kolovos;;Porsche 911 GT3 R EVO;29;1:50.165;35.220;245;37.312;248;37.633;228;262
914;;Georgios Kolovos;Lenny Ried;Stylianos Kolovos;;Porsche 911 GT3 R EVO;30;1:57.584;35.087;245;37.363;247;45.134;;263
914;;Georgios Kolovos;Lenny Ried;Stylianos Kolovos;;Porsche 911 GT3 R EVO;31;3:15.711;1:59.330;242;38.470;244;37.911;225;194
Bib;Class;Driver1;Driver2;Driver3;Driver4;Car;Lap;Time;Sector1Time;SpeedTrap1;Sector2Time;SpeedTrap2;Sector3Time;SpeedTrap3;TopSpeed
914;;Georgios Kolovos;Lenny Ried;Stylianos Kolovos;;Porsche 911 GT3 R EVO;32;1:53.194;37.041;231;38.465;241;37.688;226;260
914;;Georgios Kolovos;Lenny Ried;Stylianos Kolovos;;Porsche 911 GT3 R EVO;33;2:13.972;35.425;241;37.672;247;1:00.875;79;262
914;;Georgios Kolovos;Lenny Ried;Stylianos Kolovos;;Porsche 911 GT3 R EVO;34;2:11.587;56.616;244;37.467;245;37.504;227;149
914;;Georgios Kolovos;Lenny Ried;Stylianos Kolovos;;Porsche 911 GT3 R EVO;35;1:50.725;35.270;244;37.228;244;38.227;226;262
914;;Georgios Kolovos;Lenny Ried;Stylianos Kolovos;;Porsche 911 GT3 R EVO;36;1:56.178;35.853;246;40.492;238;39.833;225;249
914;;Georgios Kolovos;Lenny Ried;Stylianos Kolovos;;Porsche 911 GT3 R EVO;37;1:53.408;35.973;245;39.414;245;38.021;226;253
914;;Georgios Kolovos;Lenny Ried;Stylianos Kolovos;;Porsche 911 GT3 R EVO;38;1:51.699;35.353;244;39.207;246;37.139;227;262
914;;Georgios Kolovos;Lenny Ried;Stylianos Kolovos;;Porsche 911 GT3 R EVO;39;1:48.711;34.885;243;36.713;247;37.113;227;262
914;;Georgios Kolovos;Lenny Ried;Stylianos Kolovos;;Porsche 911 GT3 R EVO;40;1:48.806;34.842;245;36.796;247;37.168;227;263
914;;Georgios Kolovos;Lenny Ried;Stylianos Kolovos;;Porsche 911 GT3 R EVO;41;8:44.942;34.976;243;6:33.845;79;1:36.121;;263
Bib;Class;Driver1;Driver2;Driver3;Driver4;Car;Lap;Time;Sector1Time;SpeedTrap1;Sector2Time;SpeedTrap2;Sector3Time;SpeedTrap3;TopSpeed
914;;Georgios Kolovos;Lenny Ried;Stylianos Kolovos;;Porsche 911 GT3 R EVO;42;13:17.908;11:59.988;239;39.323;241;38.597;226;198
914;;Georgios Kolovos;Lenny Ried;Stylianos Kolovos;;Porsche 911 GT3 R EVO;43;1:51.096;35.304;241;37.667;243;38.125;225;260
914;;Georgios Kolovos;Lenny Ried;Stylianos Kolovos;;Porsche 911 GT3 R EVO;44;1:51.098;35.434;241;37.468;240;38.196;225;258
914;;Georgios Kolovos;Lenny Ried;Stylianos Kolovos;;Porsche 911 GT3 R EVO;45;1:50.184;35.287;242;37.021;243;37.876;224;258
914;;Georgios Kolovos;Lenny Ried;Stylianos Kolovos;;Porsche 911 GT3 R EVO;46;1:50.221;35.265;243;37.480;242;37.476;225;258
914;;Georgios Kolovos;Lenny Ried;Stylianos Kolovos;;Porsche 911 GT3 R EVO;47;1:49.905;35.379;242;37.223;243;37.303;225;257
914;;Georgios Kolovos;Lenny Ried;Stylianos Kolovos;;Porsche 911 GT3 R EVO;48;1:53.002;35.195;243;39.533;236;38.274;224;258
914;;Georgios Kolovos;Lenny Ried;Stylianos Kolovos;;Porsche 911 GT3 R EVO;49;1:50.099;35.299;242;37.107;243;37.693;223;257
914;;Georgios Kolovos;Lenny Ried;Stylianos Kolovos;;Porsche 911 GT3 R EVO;50;1:49.479;35.258;244;36.900;244;37.321;227;256
914;;Georgios Kolovos;Lenny Ried;Stylianos Kolovos;;Porsche 911 GT3 R EVO;51;2:00.934;34.908;243;38.606;244;47.420;;260
Bib;Class;Driver1;Driver2;Driver3;Driver4;Car;Lap;Time;Sector1Time;SpeedTrap1;Sector2Time;SpeedTrap2;Sector3Time;SpeedTrap3;TopSpeed
914;;Georgios Kolovos;Lenny Ried;Stylianos Kolovos;;Porsche 911 GT3 R EVO;52;3:11.982;1:56.211;243;37.938;244;37.833;225;201
914;;Georgios Kolovos;Lenny Ried;Stylianos Kolovos;;Porsche 911 GT3 R EVO;53;1:51.193;35.144;242;38.167;245;37.882;226;260
914;;Georgios Kolovos;Lenny Ried;Stylianos Kolovos;;Porsche 911 GT3 R EVO;54;1:49.112;34.908;245;37.182;245;37.022;228;260
914;;Georgios Kolovos;Lenny Ried;Stylianos Kolovos;;Porsche 911 GT3 R EVO;55;1:49.031;34.929;244;37.003;244;37.099;227;262
914;;Georgios Kolovos;Lenny Ried;Stylianos Kolovos;;Porsche 911 GT3 R EVO;56;1:48.515;34.775;244;36.755;245;36.985;227;260
914;;Georgios Kolovos;Lenny Ried;Stylianos Kolovos;;Porsche 911 GT3 R EVO;57;1:48.369;34.833;243;36.678;246;36.858;227;261
914;;Georgios Kolovos;Lenny Ried;Stylianos Kolovos;;Porsche 911 GT3 R EVO;58;1:48.658;34.761;243;36.785;245;37.112;227;262
914;;Georgios Kolovos;Lenny Ried;Stylianos Kolovos;;Porsche 911 GT3 R EVO;59;1:48.724;34.750;243;36.745;245;37.229;226;262
914;;Georgios Kolovos;Lenny Ried;Stylianos Kolovos;;Porsche 911 GT3 R EVO;60;1:48.716;34.789;244;36.847;245;37.080;227;262
914;;Georgios Kolovos;Lenny Ried;Stylianos Kolovos;;Porsche 911 GT3 R EVO;61;1:48.614;34.890;243;36.753;245;36.971;227;261
Bib;Class;Driver1;Driver2;Driver3;Driver4;Car;Lap;Time;Sector1Time;SpeedTrap1;Sector2Time;SpeedTrap2;Sector3Time;SpeedTrap3;TopSpeed
914;;Georgios Kolovos;Lenny Ried;Stylianos Kolovos;;Porsche 911 GT3 R EVO;62;1:49.361;34.825;243;37.498;248;37.038;227;262
914;;Georgios Kolovos;Lenny Ried;Stylianos Kolovos;;Porsche 911 GT3 R EVO;63;1:48.395;34.737;245;36.810;246;36.848;228;262
914;;Georgios Kolovos;Lenny Ried;Stylianos Kolovos;;Porsche 911 GT3 R EVO;64;1:48.638;34.683;245;36.762;246;37.193;227;262
914;;Georgios Kolovos;Lenny Ried;Stylianos Kolovos;;Porsche 911 GT3 R EVO;65;3:11.612;34.887;242;1:04.914;79;1:31.811;79;262
914;;Georgios Kolovos;Lenny Ried;Stylianos Kolovos;;Porsche 911 GT3 R EVO;66;4:20.196;1:26.787;79;1:21.439;79;1:31.970;79;79
914;;Georgios Kolovos;Lenny Ried;Stylianos Kolovos;;Porsche 911 GT3 R EVO;67;3:52.364;1:26.465;79;1:21.390;79;1:04.509;204;79
914;;Georgios Kolovos;Lenny Ried;Stylianos Kolovos;;Porsche 911 GT3 R EVO;68;2:00.329;39.263;237;40.613;242;40.453;225;189
914;;Georgios Kolovos;Lenny Ried;Stylianos Kolovos;;Porsche 911 GT3 R EVO;69;2:26.388;46.151;122;51.058;173;49.179;222;212
914;;Georgios Kolovos;Lenny Ried;Stylianos Kolovos;;Porsche 911 GT3 R EVO;70;1:54.776;37.097;247;38.966;245;38.713;230;213
914;;Georgios Kolovos;Lenny Ried;Stylianos Kolovos;;Porsche 911 GT3 R EVO;71;2:05.179;37.595;246;44.419;200;43.165;201;238
Bib;Class;Driver1;Driver2;Driver3;Driver4;Car;Lap;Time;Sector1Time;SpeedTrap1;Sector2Time;SpeedTrap2;Sector3Time;SpeedTrap3;TopSpeed
914;;Georgios Kolovos;Lenny Ried;Stylianos Kolovos;;Porsche 911 GT3 R EVO;72;4:09.179;1:30.743;53;1:27.076;77;1:11.360;107;33
991;;Robert De Haan;Darren Leung;James Kellett;;BMW M4 GT3 EVO;1;3:01.429;50.731;216;49.558;110;1:21.140;56;177
991;;Robert De Haan;Darren Leung;James Kellett;;BMW M4 GT3 EVO;2;4:31.127;1:54.472;116;1:17.611;84;1:19.044;78;63
991;;Robert De Haan;Darren Leung;James Kellett;;BMW M4 GT3 EVO;3;3:22.658;1:16.175;71;1:06.161;127;1:00.322;;34
991;;Robert De Haan;Darren Leung;James Kellett;;BMW M4 GT3 EVO;4;3:12.365;1:55.708;233;38.824;221;37.833;229;146
991;;Robert De Haan;Darren Leung;James Kellett;;BMW M4 GT3 EVO;5;1:57.612;40.630;239;38.344;202;38.638;183;136
991;;Robert De Haan;Darren Leung;James Kellett;;BMW M4 GT3 EVO;6;2:40.190;55.231;129;55.821;173;49.138;226;106
991;;Robert De Haan;Darren Leung;James Kellett;;BMW M4 GT3 EVO;7;1:53.129;36.657;241;38.327;249;38.145;230;257
991;;Robert De Haan;Darren Leung;James Kellett;;BMW M4 GT3 EVO;8;1:48.891;34.839;247;36.921;248;37.131;232;263
991;;Robert De Haan;Darren Leung;James Kellett;;BMW M4 GT3 EVO;9;1:48.873;35.440;255;36.786;250;36.647;232;257
991;;Robert De Haan;Darren Leung;James Kellett;;BMW M4 GT3 EVO;10;1:47.793;34.505;248;36.674;250;36.614;232;266
991;;Robert De Haan;Darren Leung;James Kellett;;BMW M4 GT3 EVO;11;1:47.722;34.492;246;36.638;249;36.592;231;267
991;;Robert De Haan;Darren Leung;James Kellett;;BMW M4 GT3 EVO;12;1:48.137;34.555;247;36.759;250;36.823;232;267
Bib;Class;Driver1;Driver2;Driver3;Driver4;Car;Lap;Time;Sector1Time;SpeedTrap1;Sector2Time;SpeedTrap2;Sector3Time;SpeedTrap3;TopSpeed
991;;Robert De Haan;Darren Leung;James Kellett;;BMW M4 GT3 EVO;13;1:47.834;34.484;248;36.674;249;36.676;232;268
991;;Robert De Haan;Darren Leung;James Kellett;;BMW M4 GT3 EVO;14;1:48.900;34.512;249;37.732;248;36.656;232;269
991;;Robert De Haan;Darren Leung;James Kellett;;BMW M4 GT3 EVO;15;1:47.213;34.440;249;36.355;251;36.418;233;267
991;;Robert De Haan;Darren Leung;James Kellett;;BMW M4 GT3 EVO;16;1:47.760;34.475;248;36.752;251;36.533;233;267
991;;Robert De Haan;Darren Leung;James Kellett;;BMW M4 GT3 EVO;17;1:48.021;34.815;244;36.682;250;36.524;232;267
991;;Robert De Haan;Darren Leung;James Kellett;;BMW M4 GT3 EVO;18;1:47.522;34.549;246;36.449;251;36.524;232;264
991;;Robert De Haan;Darren Leung;James Kellett;;BMW M4 GT3 EVO;19;1:47.225;34.367;248;36.365;250;36.493;232;265
991;;Robert De Haan;Darren Leung;James Kellett;;BMW M4 GT3 EVO;20;1:47.257;34.427;247;36.405;252;36.425;233;265
991;;Robert De Haan;Darren Leung;James Kellett;;BMW M4 GT3 EVO;21;1:47.380;34.384;247;36.517;252;36.479;233;267
991;;Robert De Haan;Darren Leung;James Kellett;;BMW M4 GT3 EVO;22;1:47.719;34.464;249;36.535;253;36.720;233;268
991;;Robert De Haan;Darren Leung;James Kellett;;BMW M4 GT3 EVO;23;1:48.268;34.496;249;37.126;252;36.646;234;267
991;;Robert De Haan;Darren Leung;James Kellett;;BMW M4 GT3 EVO;24;3:38.913;44.909;79;1:21.782;78;1:32.222;79;269
991;;Robert De Haan;Darren Leung;James Kellett;;BMW M4 GT3 EVO;25;4:20.087;1:25.936;78;1:21.755;78;1:32.396;78;79
Bib;Class;Driver1;Driver2;Driver3;Driver4;Car;Lap;Time;Sector1Time;SpeedTrap1;Sector2Time;SpeedTrap2;Sector3Time;SpeedTrap3;TopSpeed
991;;Robert De Haan;Darren Leung;James Kellett;;BMW M4 GT3 EVO;26;4:23.453;1:26.273;78;1:21.871;78;1:35.309;;78
991;;Robert De Haan;Darren Leung;James Kellett;;BMW M4 GT3 EVO;27;4:10.272;2:27.383;78;51.158;210;51.731;104;78
991;;Robert De Haan;Darren Leung;James Kellett;;BMW M4 GT3 EVO;28;2:45.504;1:05.815;128;53.294;193;46.395;229;107
991;;Robert De Haan;Darren Leung;James Kellett;;BMW M4 GT3 EVO;29;1:51.778;35.974;244;38.395;248;37.409;230;250
991;;Robert De Haan;Darren Leung;James Kellett;;BMW M4 GT3 EVO;30;1:49.430;34.958;246;37.263;248;37.209;230;265
991;;Robert De Haan;Darren Leung;James Kellett;;BMW M4 GT3 EVO;31;1:49.081;34.794;245;37.056;248;37.231;229;264
991;;Robert De Haan;Darren Leung;James Kellett;;BMW M4 GT3 EVO;32;1:50.946;35.708;244;38.095;248;37.143;230;265
991;;Robert De Haan;Darren Leung;James Kellett;;BMW M4 GT3 EVO;33;1:49.365;34.833;245;37.428;248;37.104;230;265
991;;Robert De Haan;Darren Leung;James Kellett;;BMW M4 GT3 EVO;34;2:13.827;35.240;247;37.115;247;1:01.472;78;262
991;;Robert De Haan;Darren Leung;James Kellett;;BMW M4 GT3 EVO;35;2:12.206;57.735;242;37.358;246;37.113;229;138
991;;Robert De Haan;Darren Leung;James Kellett;;BMW M4 GT3 EVO;36;1:48.999;34.919;245;36.995;247;37.085;230;258
991;;Robert De Haan;Darren Leung;James Kellett;;BMW M4 GT3 EVO;37;1:48.869;34.890;244;37.012;246;36.967;229;257
991;;Robert De Haan;Darren Leung;James Kellett;;BMW M4 GT3 EVO;38;1:49.291;34.841;245;37.358;245;37.092;229;258
Bib;Class;Driver1;Driver2;Driver3;Driver4;Car;Lap;Time;Sector1Time;SpeedTrap1;Sector2Time;SpeedTrap2;Sector3Time;SpeedTrap3;TopSpeed
991;;Robert De Haan;Darren Leung;James Kellett;;BMW M4 GT3 EVO;39;1:49.376;35.322;245;37.123;246;36.931;230;263
991;;Robert De Haan;Darren Leung;James Kellett;;BMW M4 GT3 EVO;40;1:48.900;34.793;244;37.078;247;37.029;230;264
991;;Robert De Haan;Darren Leung;James Kellett;;BMW M4 GT3 EVO;41;1:48.765;34.651;245;37.199;248;36.915;230;263
991;;Robert De Haan;Darren Leung;James Kellett;;BMW M4 GT3 EVO;42;1:48.614;34.721;244;36.856;248;37.037;230;264
991;;Robert De Haan;Darren Leung;James Kellett;;BMW M4 GT3 EVO;43;3:47.324;50.032;79;1:21.853;79;1:35.439;;264
991;;Robert De Haan;Darren Leung;James Kellett;;BMW M4 GT3 EVO;44;4:35.041;1:40.538;78;1:21.902;78;1:32.601;78;78
991;;Robert De Haan;Darren Leung;James Kellett;;BMW M4 GT3 EVO;45;3:28.085;1:26.666;78;1:18.403;116;43.016;224;78
991;;Robert De Haan;Darren Leung;James Kellett;;BMW M4 GT3 EVO;46;2:48.205;36.451;243;1:02.843;95;1:08.911;120;220
991;;Robert De Haan;Darren Leung;James Kellett;;BMW M4 GT3 EVO;47;2:57.164;1:06.385;94;55.444;181;55.335;231;92
991;;Robert De Haan;Darren Leung;James Kellett;;BMW M4 GT3 EVO;48;1:52.807;35.648;243;38.993;249;38.166;231;252
991;;Robert De Haan;Darren Leung;James Kellett;;BMW M4 GT3 EVO;49;1:51.379;35.545;248;37.675;249;38.159;231;250
991;;Robert De Haan;Darren Leung;James Kellett;;BMW M4 GT3 EVO;50;1:49.035;34.625;248;37.269;249;37.141;232;268
991;;Robert De Haan;Darren Leung;James Kellett;;BMW M4 GT3 EVO;51;1:49.092;34.664;248;37.289;249;37.139;231;266
Bib;Class;Driver1;Driver2;Driver3;Driver4;Car;Lap;Time;Sector1Time;SpeedTrap1;Sector2Time;SpeedTrap2;Sector3Time;SpeedTrap3;TopSpeed
991;;Robert De Haan;Darren Leung;James Kellett;;BMW M4 GT3 EVO;52;1:48.841;34.624;248;37.014;250;37.203;232;267
991;;Robert De Haan;Darren Leung;James Kellett;;BMW M4 GT3 EVO;53;1:48.281;34.547;248;36.941;249;36.793;232;267
991;;Robert De Haan;Darren Leung;James Kellett;;BMW M4 GT3 EVO;54;1:48.988;34.593;248;37.315;250;37.080;231;265
991;;Robert De Haan;Darren Leung;James Kellett;;BMW M4 GT3 EVO;55;1:52.725;35.123;248;39.531;252;38.071;231;255
991;;Robert De Haan;Darren Leung;James Kellett;;BMW M4 GT3 EVO;56;1:48.937;35.004;246;37.065;249;36.868;231;265
991;;Robert De Haan;Darren Leung;James Kellett;;BMW M4 GT3 EVO;57;1:48.982;34.639;246;37.044;249;37.299;232;265
991;;Robert De Haan;Darren Leung;James Kellett;;BMW M4 GT3 EVO;58;1:57.438;34.588;246;37.171;250;45.679;;265
991;;Robert De Haan;Darren Leung;James Kellett;;BMW M4 GT3 EVO;59;3:03.893;1:50.572;243;36.748;249;36.573;231;202
991;;Robert De Haan;Darren Leung;James Kellett;;BMW M4 GT3 EVO;60;1:48.801;34.490;246;36.734;250;37.577;231;266
991;;Robert De Haan;Darren Leung;James Kellett;;BMW M4 GT3 EVO;61;1:47.873;34.550;249;36.856;250;36.467;231;264
991;;Robert De Haan;Darren Leung;James Kellett;;BMW M4 GT3 EVO;62;1:47.784;34.550;247;36.515;249;36.719;231;265
991;;Robert De Haan;Darren Leung;James Kellett;;BMW M4 GT3 EVO;63;1:47.736;34.560;247;36.503;249;36.673;231;265
991;;Robert De Haan;Darren Leung;James Kellett;;BMW M4 GT3 EVO;64;1:47.725;34.527;245;36.575;249;36.623;232;266
Bib;Class;Driver1;Driver2;Driver3;Driver4;Car;Lap;Time;Sector1Time;SpeedTrap1;Sector2Time;SpeedTrap2;Sector3Time;SpeedTrap3;TopSpeed
991;;Robert De Haan;Darren Leung;James Kellett;;BMW M4 GT3 EVO;65;1:47.960;34.516;247;36.968;250;36.476;232;267
991;;Robert De Haan;Darren Leung;James Kellett;;BMW M4 GT3 EVO;66;1:47.827;34.546;246;36.566;249;36.715;232;267
991;;Robert De Haan;Darren Leung;James Kellett;;BMW M4 GT3 EVO;67;1:47.699;34.555;249;36.654;250;36.490;232;267
991;;Robert De Haan;Darren Leung;James Kellett;;BMW M4 GT3 EVO;68;1:47.985;34.585;247;36.760;250;36.640;231;267
991;;Robert De Haan;Darren Leung;James Kellett;;BMW M4 GT3 EVO;69;1:49.262;34.481;247;37.564;251;37.217;231;266
991;;Robert De Haan;Darren Leung;James Kellett;;BMW M4 GT3 EVO;70;1:49.246;34.727;248;37.746;250;36.773;233;267
991;;Robert De Haan;Darren Leung;James Kellett;;BMW M4 GT3 EVO;71;1:48.696;34.593;245;36.603;252;37.500;232;265
991;;Robert De Haan;Darren Leung;James Kellett;;BMW M4 GT3 EVO;72;3:27.672;34.618;239;1:20.598;79;1:32.456;78;265
991;;Robert De Haan;Darren Leung;James Kellett;;BMW M4 GT3 EVO;73;4:20.739;1:26.354;78;1:21.919;78;1:32.466;78;78
991;;Robert De Haan;Darren Leung;James Kellett;;BMW M4 GT3 EVO;74;3:39.125;1:26.430;78;1:21.853;79;50.842;211;78
991;;Robert De Haan;Darren Leung;James Kellett;;BMW M4 GT3 EVO;75;1:56.327;37.964;210;40.163;200;38.200;227;195
991;;Robert De Haan;Darren Leung;James Kellett;;BMW M4 GT3 EVO;76;2:11.931;39.401;129;49.305;212;43.225;232;258
991;;Robert De Haan;Darren Leung;James Kellett;;BMW M4 GT3 EVO;77;1:51.464;35.488;249;38.481;249;37.495;234;274
Bib;Class;Driver1;Driver2;Driver3;Driver4;Car;Lap;Time;Sector1Time;SpeedTrap1;Sector2Time;SpeedTrap2;Sector3Time;SpeedTrap3;TopSpeed
991;;Robert De Haan;Darren Leung;James Kellett;;BMW M4 GT3 EVO;78;2:03.489;36.371;247;44.462;196;42.656;211;252
991;;Robert De Haan;Darren Leung;James Kellett;;BMW M4 GT3 EVO;79;4:09.509;1:31.297;56;1:27.175;77;1:11.037;111;43
992;;Christian Hahn;Bobby Thompson;Josh Rowledge;;BMW M4 GT3 EVO;1;2:51.329;47.144;241;46.262;124;1:17.923;56;182
992;;Christian Hahn;Bobby Thompson;Josh Rowledge;;BMW M4 GT3 EVO;2;4:28.169;1:48.627;82;1:20.856;80;1:18.686;85;61
992;;Christian Hahn;Bobby Thompson;Josh Rowledge;;BMW M4 GT3 EVO;3;3:20.831;1:20.907;82;1:04.183;163;55.741;132;31
992;;Christian Hahn;Bobby Thompson;Josh Rowledge;;BMW M4 GT3 EVO;4;2:51.078;1:03.898;169;53.418;190;53.762;;65
992;;Christian Hahn;Bobby Thompson;Josh Rowledge;;BMW M4 GT3 EVO;5;3:09.085;1:53.445;243;38.077;246;37.563;231;199
992;;Christian Hahn;Bobby Thompson;Josh Rowledge;;BMW M4 GT3 EVO;6;2:10.128;36.585;193;49.361;180;44.182;232;207
992;;Christian Hahn;Bobby Thompson;Josh Rowledge;;BMW M4 GT3 EVO;7;1:51.852;35.701;249;37.494;253;38.657;231;255
992;;Christian Hahn;Bobby Thompson;Josh Rowledge;;BMW M4 GT3 EVO;8;1:52.526;37.466;246;37.715;252;37.345;232;258
992;;Christian Hahn;Bobby Thompson;Josh Rowledge;;BMW M4 GT3 EVO;9;1:49.146;34.561;248;37.216;253;37.369;232;271
992;;Christian Hahn;Bobby Thompson;Josh Rowledge;;BMW M4 GT3 EVO;10;1:47.740;34.424;249;36.704;252;36.612;235;268
992;;Christian Hahn;Bobby Thompson;Josh Rowledge;;BMW M4 GT3 EVO;11;1:57.258;36.578;247;36.877;250;43.803;;269
Bib;Class;Driver1;Driver2;Driver3;Driver4;Car;Lap;Time;Sector1Time;SpeedTrap1;Sector2Time;SpeedTrap2;Sector3Time;SpeedTrap3;TopSpeed
992;;Christian Hahn;Bobby Thompson;Josh Rowledge;;BMW M4 GT3 EVO;12;2:12.416;59.027;245;36.639;249;36.750;232;203
992;;Christian Hahn;Bobby Thompson;Josh Rowledge;;BMW M4 GT3 EVO;13;1:48.327;34.467;246;36.764;248;37.096;231;267
992;;Christian Hahn;Bobby Thompson;Josh Rowledge;;BMW M4 GT3 EVO;14;1:48.527;34.433;248;36.956;250;37.138;232;267
992;;Christian Hahn;Bobby Thompson;Josh Rowledge;;BMW M4 GT3 EVO;15;1:48.200;34.592;248;36.735;250;36.873;232;266
992;;Christian Hahn;Bobby Thompson;Josh Rowledge;;BMW M4 GT3 EVO;16;1:48.506;34.925;246;36.615;249;36.966;231;264
992;;Christian Hahn;Bobby Thompson;Josh Rowledge;;BMW M4 GT3 EVO;17;1:48.200;34.564;245;36.854;248;36.782;232;263
992;;Christian Hahn;Bobby Thompson;Josh Rowledge;;BMW M4 GT3 EVO;18;1:48.240;34.621;246;36.820;249;36.799;231;264
992;;Christian Hahn;Bobby Thompson;Josh Rowledge;;BMW M4 GT3 EVO;19;1:47.718;34.434;248;36.678;249;36.606;231;263
992;;Christian Hahn;Bobby Thompson;Josh Rowledge;;BMW M4 GT3 EVO;20;1:47.629;34.454;246;36.500;249;36.675;232;265
992;;Christian Hahn;Bobby Thompson;Josh Rowledge;;BMW M4 GT3 EVO;21;1:48.050;34.457;246;36.813;250;36.780;232;265
992;;Christian Hahn;Bobby Thompson;Josh Rowledge;;BMW M4 GT3 EVO;22;1:47.742;34.536;246;36.670;250;36.536;232;264
992;;Christian Hahn;Bobby Thompson;Josh Rowledge;;BMW M4 GT3 EVO;23;2:09.336;34.544;246;37.021;248;57.771;78;264
992;;Christian Hahn;Bobby Thompson;Josh Rowledge;;BMW M4 GT3 EVO;24;4:23.123;1:26.075;79;1:21.948;78;1:35.100;;78
Bib;Class;Driver1;Driver2;Driver3;Driver4;Car;Lap;Time;Sector1Time;SpeedTrap1;Sector2Time;SpeedTrap2;Sector3Time;SpeedTrap3;TopSpeed
992;;Christian Hahn;Bobby Thompson;Josh Rowledge;;BMW M4 GT3 EVO;25;4:41.686;1:47.099;78;1:21.959;78;1:32.628;78;78
992;;Christian Hahn;Bobby Thompson;Josh Rowledge;;BMW M4 GT3 EVO;26;4:20.995;1:26.370;78;1:21.963;78;1:32.662;78;78
992;;Christian Hahn;Bobby Thompson;Josh Rowledge;;BMW M4 GT3 EVO;27;2:26.076;1:01.869;221;43.537;186;40.670;198;78
992;;Christian Hahn;Bobby Thompson;Josh Rowledge;;BMW M4 GT3 EVO;28;2:29.763;58.116;123;52.267;214;39.380;233;104
992;;Christian Hahn;Bobby Thompson;Josh Rowledge;;BMW M4 GT3 EVO;29;1:48.909;34.645;249;37.274;250;36.990;234;265
992;;Christian Hahn;Bobby Thompson;Josh Rowledge;;BMW M4 GT3 EVO;30;1:49.051;34.449;250;37.273;252;37.329;235;269
992;;Christian Hahn;Bobby Thompson;Josh Rowledge;;BMW M4 GT3 EVO;31;1:49.591;35.053;253;37.510;253;37.028;234;272
992;;Christian Hahn;Bobby Thompson;Josh Rowledge;;BMW M4 GT3 EVO;32;1:48.159;34.415;249;36.743;254;37.001;233;269
992;;Christian Hahn;Bobby Thompson;Josh Rowledge;;BMW M4 GT3 EVO;33;1:49.641;34.358;251;37.644;253;37.639;234;267
992;;Christian Hahn;Bobby Thompson;Josh Rowledge;;BMW M4 GT3 EVO;34;2:21.825;35.255;248;36.598;253;1:09.972;78;271
992;;Christian Hahn;Bobby Thompson;Josh Rowledge;;BMW M4 GT3 EVO;35;2:10.256;49.598;247;37.073;250;43.585;;209
992;;Christian Hahn;Bobby Thompson;Josh Rowledge;;BMW M4 GT3 EVO;36;3:04.667;1:50.707;244;36.932;246;37.028;228;202
992;;Christian Hahn;Bobby Thompson;Josh Rowledge;;BMW M4 GT3 EVO;37;1:50.160;35.142;246;37.035;249;37.983;230;259
Bib;Class;Driver1;Driver2;Driver3;Driver4;Car;Lap;Time;Sector1Time;SpeedTrap1;Sector2Time;SpeedTrap2;Sector3Time;SpeedTrap3;TopSpeed
992;;Christian Hahn;Bobby Thompson;Josh Rowledge;;BMW M4 GT3 EVO;38;1:48.290;34.600;246;37.001;249;36.689;232;266
992;;Christian Hahn;Bobby Thompson;Josh Rowledge;;BMW M4 GT3 EVO;39;1:47.977;34.568;246;36.819;249;36.590;232;265
992;;Christian Hahn;Bobby Thompson;Josh Rowledge;;BMW M4 GT3 EVO;40;1:48.129;34.602;246;37.002;250;36.525;231;265
992;;Christian Hahn;Bobby Thompson;Josh Rowledge;;BMW M4 GT3 EVO;41;1:49.469;34.482;246;37.036;248;37.951;230;265
992;;Christian Hahn;Bobby Thompson;Josh Rowledge;;BMW M4 GT3 EVO;42;3:18.130;36.035;247;1:09.488;79;1:32.607;79;262
992;;Christian Hahn;Bobby Thompson;Josh Rowledge;;BMW M4 GT3 EVO;43;4:21.266;1:26.644;79;1:22.215;79;1:32.407;79;79
992;;Christian Hahn;Bobby Thompson;Josh Rowledge;;BMW M4 GT3 EVO;44;4:10.339;1:26.536;79;1:21.915;78;1:21.888;200;79
992;;Christian Hahn;Bobby Thompson;Josh Rowledge;;BMW M4 GT3 EVO;45;2:37.321;46.749;105;1:08.002;81;42.570;227;211
992;;Christian Hahn;Bobby Thompson;Josh Rowledge;;BMW M4 GT3 EVO;46;1:50.189;35.312;244;37.641;246;37.236;229;257
992;;Christian Hahn;Bobby Thompson;Josh Rowledge;;BMW M4 GT3 EVO;47;1:56.729;34.799;245;38.495;194;43.435;233;262
992;;Christian Hahn;Bobby Thompson;Josh Rowledge;;BMW M4 GT3 EVO;48;1:50.038;34.520;250;37.921;252;37.597;233;269
992;;Christian Hahn;Bobby Thompson;Josh Rowledge;;BMW M4 GT3 EVO;49;1:49.939;35.156;250;37.818;253;36.965;233;273
992;;Christian Hahn;Bobby Thompson;Josh Rowledge;;BMW M4 GT3 EVO;50;1:49.796;34.583;249;37.674;250;37.539;232;269
Bib;Class;Driver1;Driver2;Driver3;Driver4;Car;Lap;Time;Sector1Time;SpeedTrap1;Sector2Time;SpeedTrap2;Sector3Time;SpeedTrap3;TopSpeed
992;;Christian Hahn;Bobby Thompson;Josh Rowledge;;BMW M4 GT3 EVO;51;1:49.598;34.818;248;37.003;249;37.777;232;268
992;;Christian Hahn;Bobby Thompson;Josh Rowledge;;BMW M4 GT3 EVO;52;1:48.291;34.381;248;36.977;249;36.933;232;267
992;;Christian Hahn;Bobby Thompson;Josh Rowledge;;BMW M4 GT3 EVO;53;1:48.090;34.462;249;36.721;250;36.907;231;266
992;;Christian Hahn;Bobby Thompson;Josh Rowledge;;BMW M4 GT3 EVO;54;1:47.835;34.403;248;36.756;252;36.676;232;265
992;;Christian Hahn;Bobby Thompson;Josh Rowledge;;BMW M4 GT3 EVO;55;1:47.815;34.448;248;36.661;253;36.706;234;267
992;;Christian Hahn;Bobby Thompson;Josh Rowledge;;BMW M4 GT3 EVO;56;1:55.718;34.560;248;37.111;250;44.047;;267
992;;Christian Hahn;Bobby Thompson;Josh Rowledge;;BMW M4 GT3 EVO;57;3:11.132;1:56.968;245;37.217;249;36.947;232;202
992;;Christian Hahn;Bobby Thompson;Josh Rowledge;;BMW M4 GT3 EVO;58;1:48.599;34.570;245;37.175;249;36.854;232;265
992;;Christian Hahn;Bobby Thompson;Josh Rowledge;;BMW M4 GT3 EVO;59;1:47.951;34.437;246;36.860;250;36.654;232;266
992;;Christian Hahn;Bobby Thompson;Josh Rowledge;;BMW M4 GT3 EVO;60;1:51.231;36.426;245;37.699;250;37.106;231;265
992;;Christian Hahn;Bobby Thompson;Josh Rowledge;;BMW M4 GT3 EVO;61;1:48.005;34.467;247;36.771;250;36.767;231;265
992;;Christian Hahn;Bobby Thompson;Josh Rowledge;;BMW M4 GT3 EVO;62;1:48.512;34.425;248;37.139;248;36.948;231;265
992;;Christian Hahn;Bobby Thompson;Josh Rowledge;;BMW M4 GT3 EVO;63;1:47.820;34.360;246;36.695;249;36.765;232;265
Bib;Class;Driver1;Driver2;Driver3;Driver4;Car;Lap;Time;Sector1Time;SpeedTrap1;Sector2Time;SpeedTrap2;Sector3Time;SpeedTrap3;TopSpeed
992;;Christian Hahn;Bobby Thompson;Josh Rowledge;;BMW M4 GT3 EVO;64;1:47.632;34.425;246;36.625;250;36.582;232;265
992;;Christian Hahn;Bobby Thompson;Josh Rowledge;;BMW M4 GT3 EVO;65;1:47.720;34.402;247;36.640;252;36.678;233;267
992;;Christian Hahn;Bobby Thompson;Josh Rowledge;;BMW M4 GT3 EVO;66;1:47.654;34.395;247;36.698;250;36.561;232;268
992;;Christian Hahn;Bobby Thompson;Josh Rowledge;;BMW M4 GT3 EVO;67;1:47.749;34.444;246;36.758;250;36.547;233;267
992;;Christian Hahn;Bobby Thompson;Josh Rowledge;;BMW M4 GT3 EVO;68;1:47.722;34.315;248;36.660;251;36.747;232;267
992;;Christian Hahn;Bobby Thompson;Josh Rowledge;;BMW M4 GT3 EVO;69;1:47.956;34.357;249;36.882;252;36.717;232;267
992;;Christian Hahn;Bobby Thompson;Josh Rowledge;;BMW M4 GT3 EVO;70;1:48.586;34.489;248;36.557;252;37.540;233;267
992;;Christian Hahn;Bobby Thompson;Josh Rowledge;;BMW M4 GT3 EVO;71;1:52.330;34.375;249;39.632;234;38.323;231;268
992;;Christian Hahn;Bobby Thompson;Josh Rowledge;;BMW M4 GT3 EVO;72;3:57.794;59.433;79;1:21.916;79;1:36.445;;246
992;;Christian Hahn;Bobby Thompson;Josh Rowledge;;BMW M4 GT3 EVO;73;5:23.069;2:28.297;78;1:22.035;78;1:32.737;78;78
992;;Christian Hahn;Bobby Thompson;Josh Rowledge;;BMW M4 GT3 EVO;74;3:01.201;1:11.914;224;42.546;123;1:06.741;117;78
992;;Christian Hahn;Bobby Thompson;Josh Rowledge;;BMW M4 GT3 EVO;75;2:50.610;1:03.687;135;51.154;187;55.769;227;107
992;;Christian Hahn;Bobby Thompson;Josh Rowledge;;BMW M4 GT3 EVO;76;1:53.477;36.801;244;38.079;248;38.597;227;240
Bib;Class;Driver1;Driver2;Driver3;Driver4;Car;Lap;Time;Sector1Time;SpeedTrap1;Sector2Time;SpeedTrap2;Sector3Time;SpeedTrap3;TopSpeed
992;;Christian Hahn;Bobby Thompson;Josh Rowledge;;BMW M4 GT3 EVO;77;2:02.792;38.207;237;44.218;189;40.367;201;265
992;;Christian Hahn;Bobby Thompson;Josh Rowledge;;BMW M4 GT3 EVO;78;4:10.386;1:29.015;58;1:28.122;84;1:13.249;111;53
998;;Ugo De Wilde;Tim Tramnitz;Jens Klingmann;;BMW M4 GT3 EVO;1;3:05.073;51.894;225;51.482;117;1:21.697;62;163
998;;Ugo De Wilde;Tim Tramnitz;Jens Klingmann;;BMW M4 GT3 EVO;2;4:30.706;1:52.994;138;1:19.125;90;1:18.587;98;77
998;;Ugo De Wilde;Tim Tramnitz;Jens Klingmann;;BMW M4 GT3 EVO;3;3:22.595;1:15.721;85;1:06.159;118;1:00.715;;35
998;;Ugo De Wilde;Tim Tramnitz;Jens Klingmann;;BMW M4 GT3 EVO;4;3:12.523;1:54.876;210;39.273;210;38.374;229;179
998;;Ugo De Wilde;Tim Tramnitz;Jens Klingmann;;BMW M4 GT3 EVO;5;2:04.215;39.496;216;38.275;214;46.444;;144
998;;Ugo De Wilde;Tim Tramnitz;Jens Klingmann;;BMW M4 GT3 EVO;6;2:35.889;1:04.380;245;47.540;194;43.969;231;203
998;;Ugo De Wilde;Tim Tramnitz;Jens Klingmann;;BMW M4 GT3 EVO;7;1:52.463;35.726;251;37.464;252;39.273;233;267
998;;Ugo De Wilde;Tim Tramnitz;Jens Klingmann;;BMW M4 GT3 EVO;8;1:52.478;37.769;247;37.589;251;37.120;231;251
998;;Ugo De Wilde;Tim Tramnitz;Jens Klingmann;;BMW M4 GT3 EVO;9;1:49.144;35.268;249;36.792;251;37.084;235;267
998;;Ugo De Wilde;Tim Tramnitz;Jens Klingmann;;BMW M4 GT3 EVO;10;1:48.510;34.744;247;36.826;250;36.940;231;249
998;;Ugo De Wilde;Tim Tramnitz;Jens Klingmann;;BMW M4 GT3 EVO;11;1:48.920;35.331;246;36.690;248;36.899;232;265
Bib;Class;Driver1;Driver2;Driver3;Driver4;Car;Lap;Time;Sector1Time;SpeedTrap1;Sector2Time;SpeedTrap2;Sector3Time;SpeedTrap3;TopSpeed
998;;Ugo De Wilde;Tim Tramnitz;Jens Klingmann;;BMW M4 GT3 EVO;12;1:47.632;34.297;247;36.558;250;36.777;232;268
998;;Ugo De Wilde;Tim Tramnitz;Jens Klingmann;;BMW M4 GT3 EVO;13;1:49.097;34.256;249;37.347;254;37.494;233;270
998;;Ugo De Wilde;Tim Tramnitz;Jens Klingmann;;BMW M4 GT3 EVO;14;1:48.646;34.922;248;36.685;253;37.039;234;261
998;;Ugo De Wilde;Tim Tramnitz;Jens Klingmann;;BMW M4 GT3 EVO;15;1:50.390;35.116;249;38.155;250;37.119;232;265
998;;Ugo De Wilde;Tim Tramnitz;Jens Klingmann;;BMW M4 GT3 EVO;16;1:48.522;34.319;248;37.498;253;36.705;232;269
998;;Ugo De Wilde;Tim Tramnitz;Jens Klingmann;;BMW M4 GT3 EVO;17;1:48.075;34.284;249;36.653;253;37.138;232;268
998;;Ugo De Wilde;Tim Tramnitz;Jens Klingmann;;BMW M4 GT3 EVO;18;1:49.228;34.338;250;37.953;249;36.937;232;269
998;;Ugo De Wilde;Tim Tramnitz;Jens Klingmann;;BMW M4 GT3 EVO;19;1:47.860;34.422;250;36.656;252;36.782;233;267
998;;Ugo De Wilde;Tim Tramnitz;Jens Klingmann;;BMW M4 GT3 EVO;20;1:50.084;34.750;250;36.884;255;38.450;230;270
998;;Ugo De Wilde;Tim Tramnitz;Jens Klingmann;;BMW M4 GT3 EVO;21;1:50.234;36.711;245;36.706;252;36.817;232;266
998;;Ugo De Wilde;Tim Tramnitz;Jens Klingmann;;BMW M4 GT3 EVO;22;1:47.969;34.379;249;36.689;252;36.901;232;267
998;;Ugo De Wilde;Tim Tramnitz;Jens Klingmann;;BMW M4 GT3 EVO;23;1:48.802;34.651;247;36.697;246;37.454;228;268
998;;Ugo De Wilde;Tim Tramnitz;Jens Klingmann;;BMW M4 GT3 EVO;24;4:09.509;1:15.569;79;1:21.675;79;1:32.265;78;79
Bib;Class;Driver1;Driver2;Driver3;Driver4;Car;Lap;Time;Sector1Time;SpeedTrap1;Sector2Time;SpeedTrap2;Sector3Time;SpeedTrap3;TopSpeed
998;;Ugo De Wilde;Tim Tramnitz;Jens Klingmann;;BMW M4 GT3 EVO;25;4:20.123;1:26.140;79;1:21.724;78;1:32.259;78;78
998;;Ugo De Wilde;Tim Tramnitz;Jens Klingmann;;BMW M4 GT3 EVO;26;4:20.385;1:26.259;78;1:21.822;78;1:32.304;78;78
998;;Ugo De Wilde;Tim Tramnitz;Jens Klingmann;;BMW M4 GT3 EVO;27;3:14.498;1:26.392;78;52.370;208;55.736;116;78
998;;Ugo De Wilde;Tim Tramnitz;Jens Klingmann;;BMW M4 GT3 EVO;28;2:47.857;1:05.392;124;54.067;158;48.398;230;95
998;;Ugo De Wilde;Tim Tramnitz;Jens Klingmann;;BMW M4 GT3 EVO;29;1:51.760;37.557;245;37.202;249;37.001;231;263
998;;Ugo De Wilde;Tim Tramnitz;Jens Klingmann;;BMW M4 GT3 EVO;30;1:48.448;34.599;248;36.746;250;37.103;231;266
998;;Ugo De Wilde;Tim Tramnitz;Jens Klingmann;;BMW M4 GT3 EVO;31;1:55.367;34.513;248;36.744;250;44.110;;265
998;;Ugo De Wilde;Tim Tramnitz;Jens Klingmann;;BMW M4 GT3 EVO;32;3:05.176;1:50.581;243;37.462;246;37.133;228;201
998;;Ugo De Wilde;Tim Tramnitz;Jens Klingmann;;BMW M4 GT3 EVO;33;1:48.688;34.703;244;36.825;247;37.160;230;262
998;;Ugo De Wilde;Tim Tramnitz;Jens Klingmann;;BMW M4 GT3 EVO;34;2:27.023;59.146;78;50.887;246;36.990;229;263
998;;Ugo De Wilde;Tim Tramnitz;Jens Klingmann;;BMW M4 GT3 EVO;35;1:48.632;34.652;245;37.121;248;36.859;230;263
998;;Ugo De Wilde;Tim Tramnitz;Jens Klingmann;;BMW M4 GT3 EVO;36;1:47.842;34.556;245;36.615;247;36.671;228;263
998;;Ugo De Wilde;Tim Tramnitz;Jens Klingmann;;BMW M4 GT3 EVO;37;1:47.717;34.528;245;36.530;248;36.659;230;263
Bib;Class;Driver1;Driver2;Driver3;Driver4;Car;Lap;Time;Sector1Time;SpeedTrap1;Sector2Time;SpeedTrap2;Sector3Time;SpeedTrap3;TopSpeed
998;;Ugo De Wilde;Tim Tramnitz;Jens Klingmann;;BMW M4 GT3 EVO;38;1:47.866;34.559;245;36.696;249;36.611;230;263
998;;Ugo De Wilde;Tim Tramnitz;Jens Klingmann;;BMW M4 GT3 EVO;39;1:47.728;34.474;244;36.630;248;36.624;229;264
998;;Ugo De Wilde;Tim Tramnitz;Jens Klingmann;;BMW M4 GT3 EVO;40;1:47.686;34.410;245;36.595;248;36.681;230;264
998;;Ugo De Wilde;Tim Tramnitz;Jens Klingmann;;BMW M4 GT3 EVO;41;1:47.619;34.413;245;36.546;249;36.660;229;264
998;;Ugo De Wilde;Tim Tramnitz;Jens Klingmann;;BMW M4 GT3 EVO;42;2:38.552;34.445;245;36.784;249;1:27.323;78;264
998;;Ugo De Wilde;Tim Tramnitz;Jens Klingmann;;BMW M4 GT3 EVO;43;4:20.199;1:25.813;78;1:21.854;78;1:32.532;78;78
998;;Ugo De Wilde;Tim Tramnitz;Jens Klingmann;;BMW M4 GT3 EVO;44;4:21.107;1:26.656;78;1:21.941;78;1:32.510;78;78
998;;Ugo De Wilde;Tim Tramnitz;Jens Klingmann;;BMW M4 GT3 EVO;45;2:21.259;1:01.534;239;39.908;224;39.817;209;87
998;;Ugo De Wilde;Tim Tramnitz;Jens Klingmann;;BMW M4 GT3 EVO;46;2:10.615;37.025;212;37.730;238;55.860;149;224
998;;Ugo De Wilde;Tim Tramnitz;Jens Klingmann;;BMW M4 GT3 EVO;47;2:44.878;1:05.990;106;54.465;204;44.423;233;55
998;;Ugo De Wilde;Tim Tramnitz;Jens Klingmann;;BMW M4 GT3 EVO;48;1:51.753;35.582;249;37.794;250;38.377;228;242
998;;Ugo De Wilde;Tim Tramnitz;Jens Klingmann;;BMW M4 GT3 EVO;49;1:48.875;34.986;246;36.942;250;36.947;231;265
998;;Ugo De Wilde;Tim Tramnitz;Jens Klingmann;;BMW M4 GT3 EVO;50;1:48.119;34.393;247;36.836;250;36.890;232;267
Bib;Class;Driver1;Driver2;Driver3;Driver4;Car;Lap;Time;Sector1Time;SpeedTrap1;Sector2Time;SpeedTrap2;Sector3Time;SpeedTrap3;TopSpeed
998;;Ugo De Wilde;Tim Tramnitz;Jens Klingmann;;BMW M4 GT3 EVO;51;1:50.103;34.538;249;36.920;252;38.645;230;269
998;;Ugo De Wilde;Tim Tramnitz;Jens Klingmann;;BMW M4 GT3 EVO;52;1:48.196;34.484;248;36.836;250;36.876;233;269
998;;Ugo De Wilde;Tim Tramnitz;Jens Klingmann;;BMW M4 GT3 EVO;53;1:48.162;34.732;248;36.610;250;36.820;232;268
998;;Ugo De Wilde;Tim Tramnitz;Jens Klingmann;;BMW M4 GT3 EVO;54;1:47.984;34.512;248;36.745;253;36.727;233;267
998;;Ugo De Wilde;Tim Tramnitz;Jens Klingmann;;BMW M4 GT3 EVO;55;1:49.041;34.612;250;37.539;254;36.890;234;270
998;;Ugo De Wilde;Tim Tramnitz;Jens Klingmann;;BMW M4 GT3 EVO;56;1:49.334;35.010;242;37.526;251;36.798;232;253
998;;Ugo De Wilde;Tim Tramnitz;Jens Klingmann;;BMW M4 GT3 EVO;57;1:48.609;34.618;249;37.137;252;36.854;234;267
998;;Ugo De Wilde;Tim Tramnitz;Jens Klingmann;;BMW M4 GT3 EVO;58;1:56.142;34.670;248;36.929;251;44.543;;269
998;;Ugo De Wilde;Tim Tramnitz;Jens Klingmann;;BMW M4 GT3 EVO;59;3:05.607;1:50.676;242;37.646;248;37.285;230;203
998;;Ugo De Wilde;Tim Tramnitz;Jens Klingmann;;BMW M4 GT3 EVO;60;1:47.888;34.601;246;36.624;251;36.663;231;267
998;;Ugo De Wilde;Tim Tramnitz;Jens Klingmann;;BMW M4 GT3 EVO;61;1:48.005;34.382;249;37.018;248;36.605;230;267
998;;Ugo De Wilde;Tim Tramnitz;Jens Klingmann;;BMW M4 GT3 EVO;62;1:47.947;34.477;248;36.811;250;36.659;231;266
998;;Ugo De Wilde;Tim Tramnitz;Jens Klingmann;;BMW M4 GT3 EVO;63;1:47.573;34.349;248;36.570;250;36.654;231;267
Bib;Class;Driver1;Driver2;Driver3;Driver4;Car;Lap;Time;Sector1Time;SpeedTrap1;Sector2Time;SpeedTrap2;Sector3Time;SpeedTrap3;TopSpeed
998;;Ugo De Wilde;Tim Tramnitz;Jens Klingmann;;BMW M4 GT3 EVO;64;1:47.394;34.398;248;36.554;251;36.442;231;267
998;;Ugo De Wilde;Tim Tramnitz;Jens Klingmann;;BMW M4 GT3 EVO;65;1:48.021;34.399;248;36.815;251;36.807;231;268
998;;Ugo De Wilde;Tim Tramnitz;Jens Klingmann;;BMW M4 GT3 EVO;66;1:48.731;35.022;248;36.769;251;36.940;230;258
998;;Ugo De Wilde;Tim Tramnitz;Jens Klingmann;;BMW M4 GT3 EVO;67;1:48.502;34.537;238;37.176;251;36.789;232;269
998;;Ugo De Wilde;Tim Tramnitz;Jens Klingmann;;BMW M4 GT3 EVO;68;1:47.597;34.311;247;36.541;252;36.745;230;268
998;;Ugo De Wilde;Tim Tramnitz;Jens Klingmann;;BMW M4 GT3 EVO;69;1:47.904;34.500;248;36.735;252;36.669;232;268
998;;Ugo De Wilde;Tim Tramnitz;Jens Klingmann;;BMW M4 GT3 EVO;70;1:53.493;34.355;249;37.316;248;41.822;231;268
998;;Ugo De Wilde;Tim Tramnitz;Jens Klingmann;;BMW M4 GT3 EVO;71;1:48.264;34.456;246;36.669;251;37.139;231;265
998;;Ugo De Wilde;Tim Tramnitz;Jens Klingmann;;BMW M4 GT3 EVO;72;3:36.589;42.291;79;1:21.770;79;1:32.528;78;266
998;;Ugo De Wilde;Tim Tramnitz;Jens Klingmann;;BMW M4 GT3 EVO;73;4:20.515;1:26.122;78;1:21.857;78;1:32.536;78;78
998;;Ugo De Wilde;Tim Tramnitz;Jens Klingmann;;BMW M4 GT3 EVO;74;3:30.894;1:26.353;78;1:14.864;155;49.677;225;78
998;;Ugo De Wilde;Tim Tramnitz;Jens Klingmann;;BMW M4 GT3 EVO;75;1:58.493;39.552;205;38.416;242;40.525;227;183
998;;Ugo De Wilde;Tim Tramnitz;Jens Klingmann;;BMW M4 GT3 EVO;76;2:05.897;37.474;125;47.858;208;40.565;231;260
Bib;Class;Driver1;Driver2;Driver3;Driver4;Car;Lap;Time;Sector1Time;SpeedTrap1;Sector2Time;SpeedTrap2;Sector3Time;SpeedTrap3;TopSpeed
998;;Ugo De Wilde;Tim Tramnitz;Jens Klingmann;;BMW M4 GT3 EVO;77;1:54.285;35.213;250;39.785;250;39.287;231;268
998;;Ugo De Wilde;Tim Tramnitz;Jens Klingmann;;BMW M4 GT3 EVO;78;2:08.832;37.240;248;49.396;165;42.196;155;219
998;;Ugo De Wilde;Tim Tramnitz;Jens Klingmann;;BMW M4 GT3 EVO;79;4:12.667;1:34.369;75;1:25.594;74;1:12.704;87;16
